turn,intersection,org,dst,length
18704,18703,1970,593,3.5876169506919493
18708,18707,600,16695,10.746665553114596
18709,18707,16694,16695,11.66443557249971
18713,18712,16666,1971,0.18858035676506626
18717,18716,16700,16669,4.8755679306916155
18718,18716,16670,16669,6.017470202708704
18720,18719,595,16699,1.7154353743688149
18722,18721,16669,595,6.996690224962042
18723,18721,16669,596,7.6712913489333125
18725,18724,596,597,4.243353077163663e-05
18727,18726,597,598,3.2720685150717227e-05
18729,18728,598,1970,0.32603347197543675
18731,18730,16699,599,1.591978170925437e-05
18733,18732,599,600,0.6997341317433846
18735,18734,594,16694,0.14129311451733786
18739,18738,17254,16700,0.10204405948321446
18741,18740,16695,601,7.8267926608413125
18742,18740,16695,16696,8.47992145330569
18744,18743,16671,16670,0.033019445880505
18746,18745,1751,602,11.315334511673235
18747,18745,1751,7596,30.27153505926261
18748,18745,7336,602,23.227354735257325
18753,18752,602,1814,10.224812282372755
18754,18752,7629,1814,17.553771694475532
19066,19065,12353,514,10.609627078409558
19068,19067,12351,513,8.555917094698337
19070,19069,512,1039,5.285581970324549
19071,19069,512,12349,10.790947660586246
19073,19072,1039,12354,20.76416270087294
19074,19072,12352,12354,18.738275325578275
19075,19072,12352,12356,13.609217851011552
19077,19076,3141,12352,22.543583463394945
19078,19076,12282,1040,11.814236775408652
19079,19076,12282,12352,9.176911638917668
19081,19080,2696,1044,7.845597134152129
19082,19080,2696,3124,5.778806194451968
19083,19080,10152,1044,9.890037817628603
19084,19080,10152,3124,18.023129263791535
19086,19085,1045,9733,7.704989682630138
19087,19085,1045,10154,8.026255904346742
19088,19085,17014,9733,8.160090777169433
19089,19085,17014,10154,14.239151332155425
19091,19090,991,9571,6.339484998833045
19092,19090,991,10085,6.900667695579085
19093,19090,69622,9571,9.070768847965354
19094,19090,69622,10085,14.191818231145547
19098,19097,992,9560,8.468679821441105
19099,19097,992,9883,6.3117407313693965
19100,19097,9884,9560,9.928009156189658
19101,19097,9884,9883,16.021823792186165
19105,19104,993,9582,8.571302904826489
19106,19104,993,10087,8.351230249521919
19107,19104,10086,9582,11.546935241488697
19108,19104,10086,10087,16.53319811476296
19112,19111,994,9594,12.156393927580593
19113,19111,994,9885,13.839859556503718
19114,19111,9886,9594,15.666305424988504
19115,19111,9886,9885,25.45055667421243
19119,19118,995,9610,6.731952766888994
19120,19118,995,10089,10.232246632113846
19121,19118,10088,9610,11.450261886151674
19122,19118,10088,10089,21.57254266106103
19126,19125,996,9623,7.939892341641555
19127,19125,996,10090,10.060242946146698
19128,19125,10089,9623,11.854713046396745
19129,19125,10089,10090,18.81244247526128
19133,19132,997,9640,12.846466356487069
19134,19132,997,9888,7.928887086401111
19135,19132,9889,9640,18.66942586700739
19136,19132,9889,9888,25.8042793752211
19140,19139,3171,9325,0.745252762787312
19192,19191,8296,691,34.43659439852897
19193,19191,8296,694,35.84495892830408
19194,19191,8296,8297,27.615557124038517
19195,19191,10006,691,41.19489132342855
19196,19191,10006,694,40.73010445106941
19197,19191,10006,8297,20.150567088212004
19202,19201,516,8296,26.861380994139797
19203,19201,516,10001,37.63368754056534
19204,19201,8295,8296,34.301155837012246
19205,19201,8295,10001,24.895376445580908
19248,19247,10025,10026,18.97874444849819
19249,19247,10025,10075,13.379876429539696
19250,19247,10076,10026,12.906675531131176
19251,19247,10076,10075,17.333561821153896
19253,19252,10024,10074,15.140611074167374
19254,19252,10075,10074,14.679845213751436
19256,19255,8300,8301,24.167582555839445
19257,19255,8300,10061,18.110341732407278
19258,19255,13258,8301,15.673513865628053
19259,19255,13258,10061,25.849813442784864
19313,19312,16668,16810,16.613671069493662
19314,19312,8302,16810,13.883247683842415
19316,19315,1815,8284,18.524695324995246
19317,19315,1815,13255,16.37758603584072
68078,19315,68076,13255,11.516100646011598
68079,19315,68076,8284,19.869642165444716
19319,19318,8283,13256,15.77542325788479
19320,19318,13255,13256,21.454635050558842
19322,19321,13254,738,20.630618796067548
19323,19321,13254,13253,33.699681062619305
19325,19324,737,10028,20.857650007477154
19326,19324,737,10079,12.769184129250796
19327,19324,13257,10028,12.30949064552279
19328,19324,13257,10079,15.697917956220715
19330,19329,8281,737,20.528511085908598
19331,19329,8281,8282,11.271627949572105
19332,19329,10080,737,12.255083052684903
19333,19329,10080,8282,19.612618443329005
19335,19334,13253,1813,9.950026790652913
68080,19334,13253,68076,8.116345341207305
19337,19336,738,739,13.600044477216448
19338,19336,738,13495,17.87221098155156
19339,19336,1977,739,6.909679257518846
19340,19336,1977,13495,19.166239881276105
19342,19341,739,740,12.369289756531623
19343,19341,739,1976,7.9257468067734465
19344,19341,13494,740,12.44445731828066
19345,19341,13494,1976,14.850395449414751
19347,19346,740,741,20.754657030986156
19348,19346,742,741,17.782231857737916
19350,19349,743,742,27.710962714980614
19351,19349,743,8276,27.45120874669148
19352,19349,744,742,30.24837398430045
19353,19349,744,8276,23.786363589000064
19355,19354,8256,8255,30.242155989613327
19356,19354,8256,8277,21.49280613326177
19357,19354,10035,8255,19.2532807532239
19358,19354,10035,8277,24.65480222901356
19360,19359,8258,8257,27.279883524899475
19361,19359,8258,8275,23.727923191039167
19362,19359,8274,8257,17.405918013872043
19363,19359,8274,8275,23.80448092998396
19365,19364,751,752,31.83940954934345
19366,19364,751,8256,24.61954446575208
19367,19364,8257,752,33.725718711526824
19368,19364,8257,8256,44.506419013474506
19369,19364,8257,13245,29.809850873213794
19370,19364,8272,13245,33.39271193116798
19372,19371,7312,762,6.282498384393661
19374,19373,16811,1788,18.96052009646138
19375,19373,762,755,20.390685848457306
19376,19373,762,1788,10.599355655881068
19377,19373,1787,755,15.524280055769907
19379,19378,741,756,26.622064634769046
19380,19378,741,16811,25.72476704120224
19381,19378,755,756,29.031369849824575
19382,19378,755,6940,47.48848020291014
19383,19378,761,16811,35.69151268246354
19384,19378,761,6940,25.439383362716892
64249,19378,741,7287,68.32987678599353
64250,19378,755,7287,67.63066399675859
19386,19385,756,743,7.425187004449381
19387,19385,756,757,57.28663140682477
19388,19385,756,8258,53.782037305525996
19389,19385,760,761,45.909003998667465
19390,19385,6939,743,46.280425086744934
19391,19385,6939,757,48.72055281569941
19392,19385,6939,761,30.20737382042334
19393,19385,6939,8258,49.66774790143405
19394,19385,7286,743,53.00374077645147
19395,19385,7286,761,42.21556310369333
19397,19396,8254,8270,14.005346682232581
19398,19396,8255,8270,16.74879810381452
19400,19399,757,758,36.77778682915323
19401,19399,759,760,39.84806307619641
19402,19399,759,6945,30.107458854954523
19403,19399,759,7270,24.433688773692225
19404,19399,7193,758,38.915671329263745
19405,19399,7193,760,32.381586981163345
19406,19399,7193,7270,36.983446755978456
19407,19399,8275,758,34.17992867761849
19408,19399,8275,760,30.122514858191533
19409,19399,8275,6945,54.867489489767834
19410,19399,8275,7270,65.1205554446271
19412,19411,764,753,22.144598167582448
19413,19411,764,759,35.56841859948967
19414,19411,6974,753,24.42200147535719
19415,19411,6974,759,23.268404970410153
19417,19416,758,765,5.837117265558045e-05
19419,19418,752,767,0.00013453280853923774
19421,19420,753,766,9.291103282839856
19422,19420,753,8272,27.568801297815547
19423,19420,765,766,23.379699047530405
19425,19424,766,754,16.938853166672295
19426,19424,767,754,21.058917422123677
19428,19427,754,763,22.87083405454942
19429,19427,754,769,27.169200784532954
19430,19427,754,803,10.87664935643222
19597,19596,998,9658,6.5230588353591346
19598,19596,998,10092,9.629965829869203
19599,19596,10091,9658,10.932558223459642
19600,19596,10091,10092,20.146695566757703
19604,19603,999,9670,9.830250561011024
19605,19603,999,9890,8.057423423179683
19606,19603,9891,9670,12.819148223950371
19607,19603,9891,9890,19.970764905657475
19643,19642,763,764,27.721621507700775
19644,19642,763,7250,22.62957965324538
19645,19642,768,764,34.41834893295491
19646,19642,768,7250,18.672854841672063
19647,19642,7269,764,19.361848723666554
20350,20349,8246,8245,39.18867536382798
20351,20349,8246,9959,22.913938594339918
20352,20349,8246,13249,31.408231359309557
20353,20349,9960,8245,22.15282504343374
20354,20349,9960,13249,24.998142596373484
20355,20349,13250,9959,24.971931162663388
20497,20496,14671,16988,13.059880410454731
20498,20496,12077,16988,14.536371513497514
20514,20513,16984,16665,15.335033044066362
20515,20513,16984,7313,9.054295356566714
20521,20520,16810,1815,15.963177926435815
20522,20520,16810,1975,17.163793154339505
20528,20527,1000,9686,11.470855810953452
20529,20527,1000,10095,7.054915292621748
20530,20527,10094,9686,13.067462125534815
20531,20527,10094,10095,17.87936680982926
20586,20585,16988,16990,17.622142774862063
20587,20585,16988,16994,11.881788558101823
20589,20588,16990,14173,42.3979907983619
20590,20588,16990,12082,16.94874037276917
20591,20588,16990,12084,8.580007467835923
20592,20588,12086,14173,19.95958409154009
20593,20588,12085,14173,11.744763688391908
20595,20594,980,12077,13.975276626468347
20596,20594,17270,14667,13.711495600411823
20597,20594,17270,12077,23.814688892181678
20598,20594,12103,14667,15.3489658395141
20600,20599,17050,980,17.18705994761666
20601,20599,14172,980,20.477206938544295
20602,20599,14172,17023,9.029689906646912
20603,20599,14172,12103,24.972623055129283
20605,20604,14173,16989,8.704612649683455
20606,20604,14173,12078,9.788631316701837
20608,20607,16989,12055,15.623640835471598
20609,20607,16989,14172,10.019401271829967
20610,20607,12079,12055,10.4232353427886
20611,20607,12079,14172,15.192880674398538
20613,20612,1993,16615,23.026628849623393
20614,20612,1993,3127,28.98377627031448
20615,20612,3123,3127,33.02864099627707
20616,20612,3123,3128,28.791385080832363
20617,20612,3124,3127,33.01610544653095
20618,20612,3125,16615,22.03682658462971
20619,20612,3125,3127,16.04893172605998
68044,20612,3125,3128,6.298307330423425
20621,20620,981,17009,5.3359911297038165
20622,20620,981,17010,13.302060091921781
20623,20620,981,17014,36.766162606989454
20624,20620,981,3122,35.153300849918885
20625,20620,17011,3125,18.68845055526026
20626,20620,17011,3126,20.217622735805783
20627,20620,17013,17014,6.047482226887897
20628,20620,17013,3122,13.042247976338384
20629,20620,17013,3125,21.18315706036135
20630,20620,3205,17014,35.34783558718764
20631,20620,3205,3122,31.80519110941985
65671,20620,3205,17010,14.546904256253718
73065,20620,73054,3125,6.735526435255944
73066,20620,3205,73054,11.525620330983015
20634,20633,16442,3205,1.765553695863006
20635,20633,3126,2012,27.002387827031658
20636,20633,3126,16613,18.907918299116883
20637,20633,3127,2012,22.713858599267155
20638,20633,3127,2487,8.475487784262565
20639,20633,3128,16613,23.51377334574806
20641,20640,2024,981,9.985065651211611
20643,20642,982,10037,35.44684926722832
20644,20642,10078,1019,16.280597075899806
20645,20642,10078,10037,14.69751867179161
20646,20642,10079,10037,8.347949749790917
20647,20642,10079,10198,28.893799265077764
20649,20648,10066,983,4.748165732891028
20650,20648,10127,747,6.905628698275999
20651,20648,10127,10178,23.12693733391346
64716,20648,64715,747,7.093830354891571
20653,20652,9791,9897,9.331707101423211
20654,20652,9791,10121,23.824895087866576
20655,20652,10193,9897,21.60691704738179
20656,20652,10193,10121,23.063944428266538
20657,20652,10207,10208,18.56128568848659
20659,20658,9513,9793,11.675337653755445
20660,20658,9513,10192,18.192575381775594
20661,20658,10121,9793,18.21569389538118
20662,20658,10121,10192,13.515899601846586
20664,20663,9744,10114,16.768138571325846
20665,20663,9744,10205,12.405543170359184
20666,20663,10112,10114,28.37799437714462
20667,20663,10112,10205,13.744150322902593
20753,20752,8344,8343,12.792221614231682
20754,20752,8344,17268,20.289046692961126
20755,20752,11121,8343,27.252255786594063
20756,20752,11121,17268,14.909861592948316
20814,20813,1001,9697,10.074098819868551
20815,20813,1001,9892,7.019917416844374
20816,20813,9947,9697,18.25239858778184
20817,20813,9947,9892,24.574118972882115
20821,20820,9935,1002,9.589491843440538
20822,20820,9935,10096,9.296036227804342
20823,20820,10095,10096,21.286791340200487
20827,20826,9946,9947,18.21195469385004
64767,20826,64752,9947,6.02519711457462
20830,20829,1003,9951,8.949880012581728
20831,20829,1003,10108,9.268981304088971
20832,20829,10097,9951,12.90638515510746
20833,20829,10097,10108,25.225871918972615
20837,20836,1005,10110,12.355736168020737
20838,20836,1008,1006,17.97975877036614
20839,20836,1008,9732,24.95766213882432
20840,20836,9948,1006,11.912716971268894
20841,20836,9948,9732,13.52085189644119
20843,20842,17021,1010,16.567807773056277
20844,20842,17021,9915,29.80510471119406
20845,20842,9940,1010,23.811018806932278
20846,20842,9940,9915,29.00896197882543
20847,20842,9940,10175,19.35385056925742
70331,20842,1009,70330,18.094408517263272
20849,20848,1006,9949,17.526394257930615
20850,20848,9731,9949,22.57538858167134
20851,20848,9731,10053,60.12705376787585
20852,20848,9950,1004,24.512242610521493
20853,20848,9950,1005,22.9742431035587
20855,20848,10108,10053,19.722010836263053
20857,20856,1004,1008,5.69664967090619
20858,20856,1004,9955,10.990116218866504
20860,20856,10052,1008,24.492685672171245
20861,20856,10052,10206,11.113397640100015
71760,20856,1004,10206,10.419454882510774
20863,20862,1010,17022,14.937573753704765
20864,20862,1010,9948,21.326745469712673
20865,20862,9904,17022,27.12460193904184
20866,20862,10110,1009,22.057836216109305
20867,20862,10174,17022,24.158387167660493
20868,20862,10174,9948,18.65684074216497
20870,20869,17022,1011,12.15918718419817
20871,20869,17022,10051,25.255080063417267
20872,20869,17022,10177,24.69420143393086
20873,20869,9955,1011,17.231972732404255
20874,20869,10206,1011,16.100604170862077
20875,20869,10206,10177,15.453721155152177
73568,20869,9955,10051,25.97625765113775
73573,20869,10206,10051,19.914096852363354
20877,20876,17008,17021,26.006821286486886
20878,20876,17008,9939,43.94111834751717
20879,20876,17008,10111,19.342962510772956
20881,20876,1011,17021,12.282523981328314
20882,20876,1011,9939,40.194909892297424
20883,20876,1011,10111,23.115054490476776
20884,20876,10050,17021,27.99310002609887
20885,20876,10050,9939,47.69008741819857
20886,20876,10050,10111,22.077898844732587
70332,20876,70330,9939,7.069993779393873
20888,20887,10166,1012,0.00018760986084400745
20890,20889,10170,1013,2.4163448700970642
20892,20891,1013,10167,31.483457761547225
20893,20891,1013,10168,17.225253176938654
20894,20891,9430,10167,13.41215998471227
20895,20891,9430,10168,10.699946036964258
20897,20896,9914,9911,30.976839399587128
20898,20896,9914,10191,18.88266677251635
20899,20896,10168,9911,11.42359997186451
20900,20896,10168,10191,16.064798362536877
67228,20896,9912,9913,30.4495128398225
20902,20901,1012,9429,22.217970528730103
20903,20901,1012,10169,31.783750141259738
20905,20901,10191,9429,8.87423274198728
20906,20901,10191,10169,7.055661972738751
20908,20907,10167,9401,17.508042582046187
20909,20907,10167,10164,29.079004416134637
20910,20907,10190,9401,11.68155164752011
20911,20907,10190,10164,12.40993443240572
20913,20912,9903,9912,20.58375600446319
20914,20912,9911,9905,21.159756169503666
20915,20912,9911,10190,10.827169979591666
20916,20912,10165,9905,16.602238960708835
20917,20912,10165,9912,5.209832881155293
20918,20912,10165,10190,16.823330525485094
20920,20919,9905,9909,21.075427214833695
20921,20919,9910,1014,15.035640804963345
20922,20919,9910,9903,21.700578498581635
20923,20919,10163,1014,18.04270510205819
20924,20919,10163,9903,16.773253516905548
20925,20919,10163,9909,10.113717859089757
20927,20926,1014,9369,7.128504346910326
20928,20926,1014,10162,5.278464923202095
20929,20926,10159,9369,15.49998400650897
20930,20926,10159,10162,21.38875598342589
20932,20931,9906,1015,14.798998749328781
20933,20931,9906,9910,19.165982811608863
20934,20931,9909,9907,20.081363425009215
20935,20931,10161,1015,18.631045946026347
20936,20931,10161,9907,13.615666469822836
20937,20931,10161,9910,17.84416443514493
20939,20938,1015,9343,9.441973907254582
20940,20938,1015,10159,5.635333109913768
20941,20938,10157,9343,14.185246183682244
20942,20938,10157,10159,19.16062553303022
20944,20943,1016,9941,12.10532319040162
20945,20943,1016,10112,6.694756142738587
20946,20943,10111,9941,16.95963777204898
20947,20943,10111,10112,22.424421327351276
20949,20948,1017,9746,14.953892737296911
20950,20948,1017,9893,11.014769744976247
20951,20948,9894,9746,16.571396072338896
20952,20948,9894,9893,25.70389343297258
20954,20953,1018,9764,14.735925146640522
20955,20953,1018,9895,11.488283973388882
20956,20953,9896,9764,15.65113559585364
20957,20953,9896,9895,20.65371479313243
20959,20958,16696,8279,39.016066949941134
20960,20958,16696,10034,48.37038597285924
20961,20958,16696,10130,43.640660597035144
20962,20958,8276,8279,62.29961586131759
20963,20958,8276,10034,61.147793399471034
20964,20958,8276,10130,40.74717217081093
20965,20958,8276,16671,37.24734388439633
20966,20958,8276,13494,23.041608444508324
20967,20958,10033,16671,46.20082006071849
20968,20958,10033,13494,39.17459264396726
20969,20958,10179,13494,36.67082008928808
20970,20958,13495,8279,31.109035163777794
20971,20958,13495,10034,43.30527005170422
64772,20958,13495,10130,43.7076626622367
20973,20972,1019,10029,11.473777565499612
20974,20972,1019,10080,13.620259506729196
20975,20972,10188,10029,20.419228426439105
20976,20972,10188,10080,30.85007793821093
20978,20977,10063,1020,6.735332161635037
20979,20977,10063,10196,4.481766944383802
20980,20977,10063,10197,2.8149103043599157
20982,20981,1021,1024,9.335687069148557
20983,20981,1021,9921,14.082054652864484
20984,20981,1021,10139,12.79021631611446
20985,20981,9782,1024,16.551561851163164
20986,20981,9782,9921,14.49260342852264
20987,20981,9782,10139,5.811019906787934
20989,20988,1024,1025,12.866589723299438
20990,20988,1024,9780,32.39304815641384
20991,20988,9377,1025,19.43141224046727
20992,20988,9377,1026,16.350674919095233
20993,20988,9377,9780,16.4443816250665
20994,20988,9920,1025,20.325003217494906
20995,20988,9920,1026,27.802393332104614
20996,20988,10138,1026,27.37998135841661
20997,20988,10138,9780,30.25811357855672
20999,20998,1025,1027,8.482177144316573
21000,20998,1025,9376,70.31850086142131
21001,20998,1025,9922,27.440158136562687
21002,20998,1026,10142,22.113571820707314
21003,20998,9779,1027,25.90578227646166
21005,20998,9779,9922,24.608356224325295
21006,20998,9779,10142,16.837708223071147
21007,20998,9880,1022,20.227397163143085
21008,20998,10141,1023,23.22704381597549
10201790,20998,9779,9376,75.25308738038494
21010,21009,1022,1021,13.98054594227281
21011,21009,1023,1021,13.00996750480895
21012,21009,1023,9781,7.814148601476095
21013,21009,1027,1021,10.379177755313172
21014,21009,1027,9781,17.80751660193709
21016,21015,9875,1028,8.69710827780286
21017,21015,9875,9880,14.959985399069152
21018,21015,9922,9859,13.20435100109864
21019,21015,10145,1028,19.726780871228247
21020,21015,10145,9859,5.58504150668093
21021,21015,10145,9880,19.995102298928273
21023,21022,1028,9773,8.446182564404053
21024,21022,1028,10141,7.234329958441694
21025,21022,10144,9773,7.523731563174186
21026,21022,10144,10141,12.223698966953451
21028,21027,1029,9770,19.37885495866662
21029,21027,1029,10146,12.393722751316997
21030,21027,9347,9770,28.130714392431187
21031,21027,9347,10146,28.41526678106415
21032,21027,10143,9770,27.666313251305713
21033,21027,10143,10146,26.19471450078445
21037,21036,9859,9877,10.538953540647304
21038,21036,9861,9875,12.21670407537702
21039,21036,10148,1029,21.338317091585445
21040,21036,10148,9875,5.83080749356815
21041,21036,10148,9877,17.647682285524912
21043,21042,514,3136,19.43559524595173
21044,21042,514,10189,10.664872101055057
21045,21042,1030,3136,6.4289835012295775
21046,21042,1030,10189,7.351105365145936
21048,21047,1237,12834,21.909936437372938
21049,21047,12285,1031,17.419078524074926
21050,21047,12285,12834,12.123954475638307
21052,21051,1032,9672,15.176938424415681
21053,21051,1032,12841,13.445732398506305
21054,21051,12840,9672,14.912114383929806
21055,21051,12840,12841,21.938769598544127
21057,21056,12120,1033,22.512328253705146
21058,21056,12120,12085,24.670726542465815
21059,21056,12758,1033,24.759175163200226
21060,21056,12758,12085,20.905187112851472
21061,21056,12758,12117,21.19521312161589
21063,21056,12836,12085,19.24540539824293
21064,21056,12836,12117,15.604966939124552
21066,21065,1033,1034,20.16396487894045
21067,21065,1033,12086,5.103459517941923
21068,21065,1033,12842,18.236164720074377
21069,21065,12082,12842,10.974706463520015
21070,21065,12831,12086,13.410613780248834
21072,21071,1034,12837,8.294897965807472
21073,21071,12084,12837,12.551994422645459
21077,21076,8202,1036,8.954303211450307
21078,21076,8202,12839,6.659991412227043
21079,21076,12838,1036,11.414823487602309
21080,21076,12838,12839,18.603476471498293
21082,21081,1036,1035,21.28422430759833
21083,21081,1036,12831,20.405259775364243
21084,21081,1036,12843,7.617032733228367
21085,21081,12832,12831,20.967744442388167
21086,21081,12842,12843,20.39596504291202
21088,21087,1035,12836,11.061157539047937
21089,21087,1035,13188,14.117807675495637
21090,21087,12835,12836,16.166969229233988
21091,21087,12835,13188,11.47274417123962
21093,21092,1038,1238,10.63506323092761
21094,21092,1038,12355,10.46780380222879
21095,21092,1038,12833,8.052827945650359
21096,21092,12354,1238,13.365518925669555
21097,21092,12354,12355,5.894984908558481
21098,21092,12354,12833,19.679870021734917
21100,21099,1037,1038,19.432162750176637
21101,21099,1037,12351,8.808741099234506
21102,21099,1037,12830,18.665344265266686
21103,21099,12349,12830,22.064969225541986
21104,21099,12844,12351,21.60842244749192
21106,21105,8201,1037,6.740429590834942
21107,21105,8201,12353,5.391760021146919
21108,21105,12841,12353,18.556354124087093
21110,21109,513,16430,21.868417594901384
21111,21109,1040,512,5.731095382870232
21112,21109,1040,1030,19.34862636785376
21113,21109,1040,16430,18.995888048580664
21114,21109,3144,512,21.286156187091137
21116,21115,2014,1043,7.122742150457905
21117,21115,2014,2560,6.765129627934118
21119,21118,1043,3141,17.657314758103272
21120,21118,2561,1041,14.802442715279685
21121,21118,2561,3141,12.889362389150325
21123,21122,1041,1042,19.734100420114522
21124,21122,1041,2023,21.650687873806834
21125,21122,2021,3144,24.258533339124646
21126,21122,16430,2023,24.137187586501536
21128,21127,1042,2034,15.863554425283015
21129,21127,3136,2034,20.204076292237936
21131,21130,1047,9852,13.768780012703605
21132,21130,1048,1046,14.942774626677227
21133,21130,1048,1049,36.692576349096534
21134,21130,9856,1046,16.835166977804334
21136,21135,9753,1050,12.060487223807755
21137,21135,9753,10150,15.088295491433012
21138,21135,10153,10150,24.89128647871788
21140,21139,1046,9919,13.710812284205796
21141,21139,1050,1047,19.027761007207076
21142,21139,1050,1051,22.152820641989578
21143,21139,1050,9919,7.6881553441508155
21144,21139,9862,1047,14.629726305530896
21146,21145,1049,9322,35.88284293288071
21147,21145,1049,17015,24.444763424774326
21148,21145,1051,9322,18.66790431401359
21149,21145,1051,17015,24.09053016624497
21150,21145,1051,10152,23.94558100050012
21151,21145,10149,17015,34.479573835110756
21152,21145,10149,10152,40.97577321816594
21154,21153,1813,1974,9.542759650539764
21155,21153,1975,1974,11.236865927303905
21157,21156,1052,9755,9.419351576417622
21158,21156,1052,10147,6.983031743690209
21159,21156,10150,9755,10.758948142265847
21160,21156,10150,10147,14.311407516652377
21162,21161,9349,1053,20.890742417353497
21163,21161,9349,16797,15.208273124263734
21164,21161,9780,1053,14.477733874862702
21165,21161,9780,16797,21.11695635363817
21167,21166,1054,9796,14.067762247962913
21168,21166,1054,10138,10.347308776227406
21169,21166,10134,9796,15.069340925483134
21170,21166,10134,10138,17.97369551350865
21172,21171,1055,9857,13.242658080548315
21173,21171,1055,10185,7.1536033085857
21174,21171,1057,9410,22.980090422674355
21175,21171,9808,1056,31.407518758352943
21176,21171,9808,9410,12.333206546398674
21177,21171,9808,9857,42.85244554691569
21178,21171,9808,10134,10.948082950769141
21179,21171,9808,10185,42.73793177630546
21180,21171,9879,1056,14.827171943207379
21181,21171,10133,10134,30.53053347297065
21183,21182,1058,9812,13.198307459780388
21184,21182,1058,10133,8.7499243164746
21185,21182,10132,9812,11.7418647099665
21186,21182,10132,10133,14.289185825441313
21200,21199,1974,1973,6.998998418599893
21201,21199,1974,1977,8.145442316727246
21523,21522,1236,1237,9.843914165677068
21524,21522,12833,1237,9.4592513710825
21561,21560,9625,1258,14.867818932143477
21562,21560,9625,1259,12.128116117837513
21564,21563,1258,9644,13.078347830511591
21565,21563,1260,9644,12.527012388577388
23031,23030,601,17254,0.024500478166849124
23044,23043,1973,16664,10.1723598789522
23045,23043,1976,16664,12.27894524312409
23047,23046,1788,16984,11.744539605271909
23048,23046,16664,16984,24.240015293042195
23049,23046,16664,1787,10.787271224137292
23051,23050,16665,1751,8.19709437437943
23052,23050,16665,1972,10.862843989412605
23054,23053,1814,16667,10.360562560536799
23055,23053,1972,16667,10.25647696195304
23057,23056,16667,16701,8.63306676395798
23058,23056,16667,16666,20.20979062514182
23059,23056,17280,16666,10.49481466297819
23061,23060,1971,1766,10.150906441569385
23062,23060,1971,1978,12.7986554063692
23064,23063,1764,16668,16.260741331174618
23065,23063,1978,16668,16.376267883548724
23351,23350,2078,16631,22.150753666544382
23352,23350,2078,16795,28.943677722374666
23353,23350,2146,16631,31.442829497652475
23354,23350,2146,16795,25.273290687815688
23358,23357,2144,16634,20.905555273093906
23359,23357,2144,2145,18.605772699796585
23360,23357,2515,16634,32.4453016232877
23361,23357,2515,2145,19.515083894417995
23393,23392,2145,2146,22.76529894359686
23394,23392,2145,2513,18.163464136329292
23395,23392,16633,2146,18.24244238059052
23396,23392,16633,2513,28.457248201641317
23400,23399,2513,2041,15.150739006683683
23401,23399,2513,16796,21.068173725584575
23402,23399,2716,2041,19.15717355822499
23403,23399,2716,16796,9.864185939708833
23449,23448,2135,2044,24.675541881108987
23450,23448,2135,16800,21.29637520311801
23451,23448,2532,2044,17.05976166441549
23452,23448,2532,16800,30.76027379720417
23506,23505,2645,2646,34.677406877841264
23507,23505,2645,16804,25.50239470351826
23508,23505,16632,2646,25.771271940309276
23509,23505,16632,16804,34.72495167684889
23543,23542,2041,2042,20.616012592106337
23544,23542,2041,2515,11.240399409411062
23545,23542,16797,2042,14.732590532796463
23546,23542,16797,2515,16.824278535408173
23550,23549,2042,2043,20.066411757482456
23551,23549,2042,2525,12.218978813725213
23552,23549,16799,2043,14.26618213160543
23553,23549,16799,2525,18.108802603929217
23557,23556,2043,2106,10.438801737954948
23558,23556,2043,2135,12.99858233274412
23560,23559,2044,2136,30.51162162960418
23561,23559,2044,2534,21.13194535483248
23562,23559,16801,2136,19.075175309534153
23563,23559,16801,2534,23.812887319432427
23570,23569,16631,2035,16.793923057840235
23571,23569,16631,2148,23.247806640360995
23572,23569,16794,2035,21.79049393723551
23573,23569,16794,2148,19.97917956131935
23578,23577,2148,1989,27.0329094128493
23579,23577,2148,17016,12.867600708891107
23580,23577,2171,1989,16.743529383218693
23581,23577,2171,17016,23.063512019277347
23585,23584,1989,3191,9.74675269829799
23586,23584,2326,1987,13.624838492402606
23587,23584,17015,3191,12.09530461531583
23588,23584,3191,1987,14.672616011589003
23594,23593,1987,1990,8.68694775358453
23595,23593,1987,2176,8.982940422684232
23599,23598,1990,1992,31.613263771643354
23600,23598,1990,2696,28.56962661939079
23601,23598,2038,1992,29.39016626431582
23602,23598,2038,2696,33.93753222544575
23606,23605,1992,1993,10.493242543527414
23607,23605,1992,2177,10.623142615256008
23612,23611,2012,2013,15.47936543785594
23613,23611,2012,2196,9.96928649832952
23615,23614,2013,2014,14.960939941608332
23616,23614,2013,2211,9.81470410308914
23617,23614,2749,2014,8.300411664210925
23618,23614,2749,2211,11.109203091161717
23622,23621,2023,16442,14.57696576735299
23623,23621,2748,2021,18.794897367476576
23624,23621,2748,16442,5.923008748332326
23625,23621,2748,2749,19.936445300341294
23626,23621,16613,2021,16.862819465777008
65670,23621,16613,2749,10.0674912872523
23631,23630,2034,17028,10.127243460037944
23632,23630,2034,3121,11.241375824014598
25033,25032,2646,2137,13.141243221323387
25034,25032,2646,2647,23.34680849093337
25035,25032,16803,2137,17.368119300876565
25036,25032,16803,2647,17.26304148461874
25182,25181,2487,2747,3.033654407297264
26229,26228,17027,2024,16.74179962038783
26230,26228,17027,2748,11.514694966486395
26231,26228,3121,2024,19.035813526594552
26232,26228,3121,2748,6.412895052735946
26411,26410,2136,16802,20.674474160370004
26412,26410,2136,3171,35.0100404528271
26413,26410,2647,16802,25.811789703849406
26414,26410,2647,3171,25.18775013100717
39772,39771,8681,9935,10.766382990790241
39773,39771,8756,9935,9.392338566000424
39775,39774,9954,9059,4.766915378207399
39777,39776,8773,7807,11.375282431129166
39778,39776,9073,7807,12.734823843037328
39780,39779,8623,9545,11.210182753234898
39782,39781,13416,8781,8.062659682721959
39784,39783,8780,13417,2.7371132408367655
40634,40633,8144,10199,11.821782176779474
40635,40633,8144,10481,16.45851207958199
40637,40636,10202,8145,22.135877563745275
40638,40636,10202,10487,17.867843026968288
40949,40948,9615,8198,16.9452626487703
40950,40948,9863,8198,21.913926972387912
40952,40951,8198,8197,10.978506607474682
40953,40951,8198,11101,16.751119188786824
40955,40954,10045,11122,4.656913210554782
41114,41113,9687,8201,8.728335363680605
41115,41113,9687,9870,7.2702970295208935
41117,41116,1031,1032,21.694537790967143
41118,41116,1031,12832,7.110493648363674
41119,41116,1031,12844,19.780212855382345
41120,41116,12830,12832,20.123860992711826
41121,41116,12843,12844,18.609928428284206
41126,41125,9289,8202,14.631266919892044
41127,41125,9660,8202,16.266664800927927
41129,41128,12834,12835,13.008210555270542
41130,41128,12834,13189,8.873317831899023
41132,41131,12839,12840,24.92897948203571
41134,41133,12837,9645,10.445487883837247
41135,41133,12837,12838,11.21352666069022
41137,41136,12847,12079,6.689104764817909
41139,41138,12078,12846,4.950824554635798
41322,41321,745,750,10.931434342985138
41323,41321,745,10187,24.10856506550725
41326,41321,749,750,24.175107373620598
41327,41321,13246,10187,24.39648136598639
71151,41321,13246,746,18.050334751158644
71152,41321,745,746,27.276370853369365
41614,41613,9941,13235,27.9738744299626
41615,41613,9941,13238,22.79983986118776
41616,41613,17007,13235,22.361296928959387
41617,41613,17007,13238,37.47237032927563
41619,41618,9762,8259,34.962434524589206
41620,41618,9762,9956,27.97540395173179
41621,41618,13237,8259,20.01568428259416
41622,41618,13237,9956,24.042528872929484
41624,41623,8243,8242,33.333005969173456
41625,41623,8243,8260,22.891373878688484
41626,41623,8259,8242,22.559567234974963
41627,41623,8259,8260,27.788926569336308
41629,41628,8244,8243,34.05773783505719
41630,41628,8244,9942,26.554178952384365
41631,41628,8261,8243,21.941716577433873
41632,41628,8261,9942,28.27622223956364
41634,41633,8245,8244,34.00191240500158
41635,41633,8245,8262,25.27751651754537
41636,41633,9943,8244,22.560617112582698
41637,41633,9943,8262,31.340348599360087
41639,41638,8250,8251,32.77057904489944
41640,41638,8250,8263,19.785012965053372
41641,41638,8262,8251,19.818916555898912
41642,41638,8262,8263,17.231095541024146
41644,41643,8247,8246,32.90076873158243
41645,41643,8247,8264,19.00267656693599
41646,41643,8265,8246,23.993938307674004
41647,41643,8265,8264,25.44875055866713
41649,41648,8252,8253,39.51583275365107
41650,41648,8252,8265,26.26221771144997
41651,41648,8907,8253,24.57819192602707
41652,41648,8907,8265,28.52678981993257
41654,41653,8248,8247,32.25238203763069
41655,41653,8248,8267,22.720454697604207
41656,41653,8266,8247,20.295001455635752
41657,41653,8266,8267,23.619759854343773
41659,41658,8253,8254,37.741491993279794
41660,41658,8253,14913,20.696775383536362
41661,41658,8267,8254,21.907758695101236
41662,41658,8267,14913,19.994803060617723
41664,41663,14913,14914,18.0549310771229
41665,41663,14913,8889,13.64381878127488
41667,41666,8249,8248,30.565490795563726
41668,41666,8249,8268,20.05966783625182
41669,41666,8270,8248,18.086315614566455
41670,41666,8270,8268,18.969842234107265
41672,41671,8273,8271,21.81888954468111
41673,41671,8273,8274,20.273900418949427
41675,41674,10048,744,21.607609744850865
41677,41674,10048,8273,28.36642843659842
41678,41674,13414,744,37.66252166185211
41680,41674,13414,8273,29.766877983435386
71149,41674,746,744,37.295451245884415
71150,41674,746,8273,23.48629529581882
41682,41681,8282,13254,19.42543269994939
41684,41683,8279,8278,26.336734411537847
41685,41683,8279,8281,26.93845471253894
41687,41686,10049,8280,35.189711744198526
41688,41686,10049,8283,21.657700385604745
41689,41686,10074,8280,25.715272828585892
41690,41686,10074,8283,28.648761262564474
41692,41691,14914,8269,28.204429014449065
41693,41691,14914,13584,21.377165140850238
41694,41691,8285,8269,20.0262133074348
41695,41691,8285,13584,25.441224289148668
41702,41701,8286,8285,30.881971295834866
41703,41701,8292,8285,19.59299768624251
41710,41709,803,8286,31.458526455385197
41711,41709,803,8293,25.14476989352493
41712,41709,8277,8286,27.82833887258913
41713,41709,8277,8293,36.087582482588644
41715,41714,8294,8295,28.43488404629907
41716,41714,8294,8313,20.406963416816094
41717,41714,10000,8295,23.81233430878461
41718,41714,10000,8313,34.531744760378785
41730,41729,8297,8298,26.687726431504142
41731,41729,8297,10009,23.86243365599224
41732,41729,8316,8298,22.710020401063105
41733,41729,8316,10009,33.92237476161025
41745,41744,8298,8299,33.30888298971866
41746,41744,8298,10013,22.855685061485254
41747,41744,8319,8299,18.909746688179588
41748,41744,8319,10013,28.475989316667263
41755,41754,8299,8300,29.30033616464866
41756,41754,8299,8322,19.208534511498844
41757,41754,10018,8300,20.882563704841328
41758,41754,10018,8322,28.617327907299877
41765,41764,8280,8325,27.557647936485747
41766,41764,8280,10023,26.930631369384155
41767,41764,8284,8325,19.995789680989937
41768,41764,8284,10023,36.604943277660695
41770,41769,8301,8302,34.164668532244285
41771,41769,8301,8326,24.471966442541643
41772,41769,8325,8302,20.546132974564117
41773,41769,8325,8326,31.139075545870583
41874,41873,8625,13231,3.8760478066381365
41876,41875,13214,8627,2.887919957812107
41878,41877,73546,13311,0.14971611032241264
41880,41879,14064,11022,11.05341464015127
41882,41881,11023,14065,10.214260431763403
41884,41883,10203,14066,9.477943471338744
41885,41883,10203,13315,11.10208062710899
41887,41886,13419,8774,2.5852862908509455
41889,41888,11074,7808,6.550812981838758
41891,41890,7808,9492,24.970843137096747
41893,41892,14059,8338,11.258310666523098
41894,41892,13325,8338,11.67481497354365
41896,41895,8338,10719,5.202713565321302
41897,41895,8338,14063,9.486916643950066
41898,41895,10718,14063,11.375776361840307
41924,41923,8342,8344,18.87329162931134
41925,41923,8342,11120,31.63608780960752
41926,41923,10046,8344,21.156398536343854
41928,41927,8343,8346,23.528424879887318
41929,41927,8343,11229,14.8483693336785
41930,41927,11230,8346,16.805651003272963
41938,41937,8349,11095,65.62854227846931
41939,41937,8350,8144,85.54853272581687
41940,41937,8350,9845,92.51019900082484
41941,41937,9844,8144,61.74653647353096
41942,41937,9844,11095,66.9139137251626
41943,41937,11047,8144,23.542289264253522
41944,41937,11047,9845,44.640392214184146
41946,41945,14920,8345,7.202750508702803
41948,41947,9328,14920,6.101675673603268
41949,41947,9328,8349,7.101511834876394
41951,41950,8346,8350,21.10342563291636
41952,41950,8346,11096,31.39906781662798
41953,41950,8348,8350,12.528171004792743
41954,41950,8348,11096,8.518371896668873
41962,41961,10749,8352,18.70907896218805
41963,41961,13218,8352,15.96954157930322
41965,41964,8353,10758,10.601087887402336
41966,41964,8353,13217,13.52280435535465
41968,41967,13217,8354,9.902778372517897
41969,41967,13217,10766,6.206098603317981
41971,41970,8356,13229,17.48768768143203
41972,41970,10772,1297,8.85831199690779
41973,41970,10772,8355,14.344164224801753
41974,41970,10772,13229,28.19521459754519
41975,41970,13216,1297,15.585187585142794
41976,41970,13216,8355,16.39059152359703
41978,41977,8355,8357,11.734570281324578
64239,41977,8355,1298,11.038677253860701
41980,41979,13215,8358,12.667810393067725
41981,41979,13215,10832,12.718813679920986
41983,41982,13212,8359,17.97017139538362
41984,41982,13212,10837,12.90767275309134
41986,41985,8359,10816,18.65220904206176
41987,41985,8359,13214,13.878765358998288
41988,41985,10825,10816,10.138307899676338
41989,41985,10825,13214,25.58122000341627
42168,42167,8491,8492,20.12313901770402
42169,42167,8810,8490,19.457005386214195
42170,42167,8900,8490,9.563015112991597
42171,42167,8900,8492,16.491793720601166
42176,42175,8486,8487,10.463458430071125
42177,42175,8486,8489,17.286935707831624
42178,42175,8494,8487,19.41999134316324
42179,42175,8494,8489,15.490711484416055
42183,42182,8497,8498,0.0010077350394438608
42326,42325,8428,8433,42.70154016082546
42327,42325,8428,8625,41.97461031440102
42328,42325,8627,8779,36.79830173854815
42329,42325,8778,8433,58.71294580729516
42330,42325,8778,8779,19.689910412128338
42331,42325,8946,8433,18.56312717955278
42332,42325,8946,8625,43.780431530895406
42333,42325,8946,8779,46.31979400760036
42342,42341,8433,1557,11.943835727414653
42343,42341,8433,8435,19.491990849154682
42345,42344,8435,8436,20.34900842329993
42346,42344,8774,8436,25.35381945344185
42350,42349,8436,8437,32.4213781990375
42351,42349,8436,8780,27.043257267900877
42353,42352,8437,1167,10.082254878848081
42354,42352,8437,8438,13.541228733111268
42356,42355,8438,8439,28.41980972285293
42357,42355,8781,8439,33.11884662598614
42361,42360,8439,16995,48.9487872153701
42362,42360,8439,8623,18.786709823160322
42363,42360,8439,8782,41.21737025372959
42364,42360,8443,16995,32.83925226603945
42365,42360,8443,8623,59.867822008255814
42366,42360,9035,16995,46.50705446232689
42367,42360,9035,8623,34.79626104827365
42368,42360,9035,8782,31.82064638528857
42394,42393,8441,9019,9.48456061098727
42395,42393,8441,9284,17.711468922096184
42396,42393,16997,8443,24.49903949728064
42397,42393,16997,17043,16.6896182098084
42398,42393,16997,9019,27.94169858261427
42399,42393,16997,9284,26.58651407061833
42400,42393,9285,8443,26.270858288922668
42401,42393,9285,17043,26.128334810710886
42415,42414,8447,9285,6.045992712039118
42416,42414,9284,1217,7.7002948381734955
42417,42414,9284,8445,8.58959591820212
42451,42450,1513,8471,28.195994996855934
42452,42450,1513,8708,33.25160522803761
42453,42450,1513,8764,36.61270570269331
42454,42450,8469,8471,32.29084625930195
42455,42450,8469,8708,18.25436513978475
42456,42450,8469,8764,28.868637486731856
42459,42458,8765,1499,13.501569528711245
42460,42458,8765,8472,12.591513506438142
42462,42461,8472,1500,16.907815693409034
42463,42461,8472,8473,13.289768544719738
42465,42464,8473,8475,30.209383217278244
42466,42464,8473,13574,19.036414716380694
42467,42464,13233,8475,19.030067694490153
42468,42464,13233,13574,21.401308506420452
42876,42875,8466,8468,12.035803919387632
42877,42875,8466,8521,11.174942742146959
42880,42879,8468,8769,12.303755743302712
42881,42879,8468,9050,14.962359604442002
42882,42879,8520,8769,24.558394586823773
42883,42879,8520,9050,18.56157578558064
42887,42886,8456,8458,17.099965437292887
42888,42886,8456,8681,24.852835930142167
42889,42886,8459,8457,16.498231511197865
42891,42890,8458,8462,23.056680814227327
42892,42890,8458,9054,13.512884157271147
42894,42893,8460,8459,25.49453198818011
42895,42893,8460,8756,16.415342944532583
42897,42896,8462,8464,23.620474788777063
42898,42896,9059,8460,34.45776390751312
42899,42896,9059,8464,16.031336429091557
42900,42896,9059,9071,21.956057641571842
42901,42896,9072,8460,11.198761988423527
42902,42896,9072,8464,33.4781892734187
42904,42903,8464,8465,18.7976812655209
42905,42903,8464,9055,15.802832590923261
42907,42906,1373,8466,17.949387135105617
42908,42906,8465,8466,44.28639639287623
42909,42906,17003,8466,35.9162583431647
42910,42906,17003,9073,20.78738647032627
43707,43706,1353,8456,27.756379068785694
43708,43706,8454,8456,24.124355670736968
43709,43706,8454,9029,29.89243993494169
43710,43706,8457,8455,24.902063528663493
43711,43706,8457,8622,23.261018460921484
43713,43712,8450,8454,20.536357611845045
43714,43712,8455,8452,23.42893475457209
43715,43712,8805,8452,24.625353878765075
43716,43712,8805,8454,24.777540440431906
43718,43717,1208,8450,47.379934875562746
43719,43717,8448,8450,47.55114262586905
43720,43717,8452,8449,41.27255021647842
43721,43717,8784,8450,40.17045122338087
43722,43717,9026,8449,41.6615509161368
43723,43717,9026,8450,14.238764035035759
43729,43728,8449,8598,13.105634002834472
43730,43728,8449,8785,10.99758834493983
43731,43728,8597,8448,10.76111938867075
43732,43728,8597,8785,15.290866713504233
43759,43758,8475,8476,4.166839686077439
43760,43758,8475,16844,4.30700734531714
43762,43761,8476,8477,20.705698093457467
43763,43761,8710,16845,27.05510181879052
43765,43764,8477,8479,15.392869721730507
43766,43764,8711,8479,32.00178259393963
43768,43767,8479,8481,23.365522702994262
43769,43767,8679,8481,21.87888367127593
43773,43772,8481,8482,19.618756922804806
43775,43774,1707,8483,20.897387091344008
43776,43774,1707,8707,23.09506529827774
43777,43774,8482,8483,29.87754939208309
43778,43774,8482,8707,20.567401746986462
43782,43781,8483,1706,13.795594055845319
43783,43781,8483,8485,17.744876199808793
43785,43784,17181,8486,13.020355810983569
43786,43784,8485,8486,12.506549627472017
43796,43795,8499,8497,25.841225363958557
43797,43795,8499,8906,15.030841422495543
43798,43795,13584,8497,17.769151563751635
43799,43795,13584,8906,23.84679379013726
44068,44067,9050,8469,2.331925069091557
44095,44093,13585,8494,16.919618178510063
72802,44093,13585,13252,18.182381415216003
72806,44093,13251,13244,6.954120947845961
72807,44093,13251,8494,20.44280952412831
72808,44093,13585,13244,24.59648800162251
44107,44106,8471,8765,5.8122533420312
44110,44109,8708,17005,6.4111406982279755
44111,44109,8764,17004,6.699319465814092
44115,44114,8521,8770,2.971295358129317
44118,44117,8769,8773,1.0252491230451874
44124,44123,8779,8430,0.030773095520348907
44126,44125,8782,8441,2.570970913116758
44129,44128,8785,8784,18.228417091782745
44130,44128,8785,16999,25.66056002782675
44131,44128,16998,8784,24.130498886294134
44132,44128,16998,16999,19.648109385785723
44280,44279,1136,8597,10.831715511270119
44281,44279,1136,8880,18.602305152428542
44282,44279,8598,8880,9.536555285151472
44283,44279,8878,8597,8.57116495157339
44327,44326,8490,8888,28.813134710962682
44328,44326,8498,8491,21.45910460014172
44329,44326,8498,8888,28.297790734248636
44330,44326,8889,8491,28.067684554359523
44331,44326,8889,8888,20.543696436106185
44336,44335,8445,8878,8.075198657140788
44337,44335,8880,8447,8.020538632456168
44356,44355,8888,8907,10.515661519717185
44359,44358,8489,13585,14.182904286666632
44360,44358,8489,8810,13.256462385615126
44361,44358,8492,13585,7.565806196776889
44388,44387,8197,9288,31.425686785419533
44389,44387,8197,9615,21.220996989865156
44390,44387,17002,9288,27.174555401987522
44391,44387,17002,9615,26.260359455523243
44393,44392,9288,9627,22.29081287647529
44394,44392,9288,9865,30.591611808241268
44395,44392,16994,9627,23.359217553563024
44396,44392,16994,9865,18.600137404078534
44400,44399,9645,9289,18.265977359145133
44401,44399,9645,9646,21.484850924208693
44402,44399,9865,9289,26.229139994839304
44403,44399,9865,9646,16.998710108881134
44407,44406,9925,9926,5.583616959596074
44408,44406,9933,9927,3.434629792021621
44410,44409,17001,9290,19.70526042517846
44411,44409,17001,9600,24.07648926640369
44412,44409,9866,9290,33.127655217531434
44413,44409,9866,9600,21.742360433047306
44417,44416,9291,9863,23.5570679884879
44418,44416,9291,9867,31.62577626411474
44419,44416,9853,9863,25.92635188490736
44420,44416,9853,9867,18.753091761657977
44424,44423,9867,9616,6.580929045288742
44425,44423,9867,9866,9.624384398731168
44427,44426,9627,9291,20.90684688635497
44428,44426,9627,9628,31.128655492140393
44429,44426,9868,9291,29.099418889163182
44430,44426,9868,9628,21.462867607066453
44434,44433,9646,9647,23.78468456902091
44435,44433,9646,9868,20.133853516190047
44436,44433,9869,9647,19.439139884379898
44437,44433,9869,9868,31.148650567582838
44441,44440,9292,9660,23.467282576758787
44442,44440,9292,9869,30.39598877535124
44443,44440,9661,9660,26.476598745632018
44444,44440,9661,9869,19.827457916879986
44448,44447,9293,9601,18.245305868508012
44449,44447,9293,9871,26.24623877229692
44450,44447,9600,9601,27.167901127372687
44451,44447,9600,9871,18.12500986332616
44455,44454,9616,9873,25.576261304528916
44456,44454,9871,9873,30.243302975520315
44458,44457,9672,9292,15.221895457812701
44459,44457,9672,9673,19.66952187822062
44460,44457,9870,9292,21.93479966113789
44461,44457,9870,9673,13.81828530037376
44465,44464,9628,9853,18.52818339489767
44466,44464,9628,9874,25.19238764163774
44467,44464,9629,9853,31.09814822995761
44468,44464,9629,9874,13.820383603860634
44469,44464,9873,9853,19.65319118921585
44470,44464,9873,9874,42.85512039405225
44474,44473,9647,9294,18.344878839714667
44475,44473,9647,9648,26.504387100909153
44476,44473,9874,9294,29.68500615227582
44477,44473,9874,9648,20.884899639522576
44481,44480,9294,9661,20.199398835499654
44482,44480,9294,9902,29.06236510514868
44483,44480,9662,9661,29.699100254013644
44484,44480,9662,9902,22.53194791343577
44488,44487,9673,9296,21.653086504979033
44489,44487,9673,9674,28.981023943745598
44490,44487,9902,9296,30.3433418249744
44491,44487,9902,9674,18.601785758474342
44495,44494,9296,9297,28.628704874121684
44496,44494,9296,9687,24.25497388445145
44497,44494,9688,9297,15.310446015876895
44498,44494,9688,9687,27.357359758972667
44502,44501,9297,9298,21.647502201041217
44503,44501,9297,9698,14.837519372187185
44507,44506,9601,9299,16.59427839607277
44508,44506,9601,9602,27.242507279554513
44511,44510,9300,9629,21.02655571845617
44512,44510,9630,9629,19.35404483451208
44516,44515,9301,9300,25.246093750110642
44517,44515,9301,9649,14.743775066973722
44518,44515,9648,9300,22.74326638570693
44519,44515,9648,9649,26.85976485955523
44523,44522,9302,9301,28.265624999984006
44524,44522,9302,9662,14.839122376107753
44525,44522,9663,9301,23.955203526262963
44526,44522,9663,9662,16.508091003702518
44530,44529,9303,9302,29.294855919658907
44531,44529,9303,9675,19.182887813306767
44532,44529,9674,9302,21.095373455089394
44533,44529,9674,9675,27.87467211500647
44537,44536,9304,9303,22.862364156851616
44538,44536,9304,9688,15.114593066828107
44539,44536,9689,9303,12.845044553283914
44540,44536,9689,9688,21.197710290550756
44544,44543,9305,9304,26.896484374994916
44545,44543,9305,9699,19.732210556461
44546,44543,9698,9304,21.232777745165723
44547,44543,9698,9699,21.773144903914393
44549,44548,9306,9305,33.74210359447538
44550,44548,9306,9707,24.45294661101566
44551,44548,9706,9305,17.94959055693117
44552,44548,9706,9707,23.98334611504699
44556,44555,17028,9306,9.04412888372501
44557,44555,17028,9717,12.748346922361796
44558,44555,9718,9306,22.086746035776887
44559,44555,9718,17027,11.614108794671841
44564,44563,9307,9308,32.35439685668293
44565,44563,9307,9552,21.44111957430902
44566,44563,9553,9308,18.43485124719859
44567,44563,9553,9552,24.73239590891584
44571,44570,9308,9309,18.325576392488617
44572,44570,9308,9574,20.569368289597378
44573,44570,9573,9309,16.583382056320392
44574,44570,9573,9574,29.585121467011284
44578,44577,9309,9310,24.24649120198033
44579,44577,9309,9586,19.241577215878305
44580,44577,9587,9310,21.368357043211958
44581,44577,9587,9586,30.210888615506757
44583,44582,9310,9311,23.45658519130036
44584,44582,9310,9603,19.353953686889334
44585,44582,9602,9311,16.64929366269733
44586,44582,9602,9603,24.520510631802313
44590,44589,9311,9312,23.19238527308757
44591,44589,9617,9312,17.556032022421594
44593,44592,9312,9313,30.790677672172745
44594,44592,9312,9630,20.784744715909937
44595,44592,9632,9313,16.44080915873828
44596,44592,9632,9630,22.891009313298206
44600,44599,9313,9650,15.646625588753208
44601,44599,9649,9650,17.5921073331404
44605,44604,9664,9314,9.140726630944036
44606,44604,9664,9663,13.222880486052619
44610,44609,9314,9315,30.826892843581938
44611,44609,9314,9676,21.24950880726744
44612,44609,9675,9315,21.71222845437573
44613,44609,9675,9676,28.771144731749246
44617,44616,9315,9316,24.506383378978597
44618,44616,9315,9689,17.29769078648971
44619,44616,9690,9316,12.693642166379968
44620,44616,9690,9689,21.761875587621358
44624,44623,9316,9317,23.87194545238655
44625,44623,9316,9700,17.93957509742171
44626,44623,9699,9317,17.31639601151893
44627,44623,9699,9700,19.797348919384063
44629,44628,9317,9318,37.26679742657675
44630,44628,9317,9708,26.62328455402388
44631,44628,9707,9318,22.0431640473253
44632,44628,9707,9708,32.85986637652201
44636,44635,9318,9319,31.684845350290956
44637,44635,9318,9718,26.73506401695983
44638,44635,9318,9719,17.005539642314655
44639,44635,9717,9319,25.863945563371544
44640,44635,9717,9719,20.098537407824043
44641,44635,9720,9319,17.927699943097057
44642,44635,9720,9718,18.86774709739365
44648,44647,9907,17011,21.241825501536233
44649,44647,17010,9906,19.0343639851808
44650,44647,10156,9320,36.259539998422255
44651,44647,10156,17011,17.68560821950179
44652,44647,10156,9906,6.563751926749795
44653,44647,10156,17013,31.436040335692645
44654,44647,10158,9320,15.083662494389081
44655,44647,10158,17013,23.789743085652436
44659,44658,9320,9321,14.9576103171358
44660,44658,9320,9734,16.489094848258528
44661,44658,9733,9321,6.28120024662794
44662,44658,9733,9734,17.03901409477087
44666,44665,9322,9323,23.867905684664162
44667,44665,9322,9754,18.240584866311195
44668,44665,17016,9323,18.459776581298858
44669,44665,17016,9754,24.15568228814472
44673,44672,9323,9324,27.876646217768272
44674,44672,9323,16794,21.01108007155369
44675,44672,9770,9324,16.75935138397195
44676,44672,9770,16794,23.370914094126615
44680,44679,9324,2716,25.687208230746844
44681,44679,9324,9771,12.897733477585465
44682,44679,16795,2716,19.513827657967184
44683,44679,16795,9771,19.232502926779024
44687,44686,9325,9326,25.183670406952405
44688,44686,9325,9823,17.916358007657646
44689,44686,9822,9326,18.53010337612867
44690,44686,9822,9823,22.351029162334857
44694,44693,1323,1326,33.476024671919745
44695,44693,1323,9327,29.738792772609624
44696,44693,1323,9831,10.751349639149714
44697,44693,1325,1324,33.086470938548366
44698,44693,1325,9327,16.646501205664432
44699,44693,1325,9831,31.797202522740577
44700,44693,9326,1324,11.986838940115046
44701,44693,9326,1326,26.473867899978405
44702,44693,9326,9327,27.051768807566575
44703,44693,9326,9831,19.72736199243916
44704,44693,9830,1324,24.528611738804422
44705,44693,9830,1326,11.488364470870243
44706,44693,9830,9327,15.782480436219338
44707,44693,9830,9831,26.190374039453285
44711,44710,9824,9825,20.14863006113639
44712,44710,9824,9826,13.455082791738203
44713,44710,16804,9825,16.468106014743835
44714,44710,16804,9826,22.461987817188795
44718,44717,9823,9824,14.650650993913505
44719,44717,9823,16803,10.181504324437277
44720,44717,9835,9824,9.953561387838867
44721,44717,9835,16803,15.336991244945047
44725,44724,9826,9827,23.084212684682075
44726,44724,9826,9829,16.304140567903804
44727,44724,9828,9827,16.68002966157711
44728,44724,9828,9829,24.47363281393377
44732,44731,9829,9830,18.67834491719058
44733,44731,9829,9835,12.459975649019926
44734,44731,9836,9830,18.294058958597684
44735,44731,9836,9835,23.796399732323774
44739,44738,9329,9328,19.654324158895097
44740,44738,9329,9546,22.298898482377908
44741,44738,9547,9328,14.99360362778009
44742,44738,9547,9546,30.940046359313715
44744,44743,9330,9329,18.670660759755204
44745,44743,9330,9565,19.84866374364856
44747,44746,9331,9330,28.20756878969243
44748,44746,9331,9553,19.198289757391446
44749,44746,9555,9330,17.15745292763174
44750,44746,9555,9553,25.060443964265474
44754,44753,9332,9331,23.072345185524238
44755,44753,9332,9575,15.80885915461713
44756,44753,9574,9331,16.620664763512274
44757,44753,9574,9575,23.74897688845373
44759,44758,9333,9332,31.96709578871885
44760,44758,9333,9587,22.8594079802224
44761,44758,9588,9332,20.865323017196342
44762,44758,9588,9587,24.638966529947908
44766,44765,9334,9333,24.782818973100774
44767,44765,9334,9604,21.719546401149888
44768,44765,9603,9333,17.38234115419787
44769,44765,9603,9604,30.143259126948678
44773,44772,9335,9334,28.36505446145229
44774,44772,9335,9617,19.82427077376117
44775,44772,9618,9334,26.232406960589042
44776,44772,9618,9617,32.43177573861782
44780,44779,9336,9335,32.728605712899395
44781,44779,9336,9632,18.022003877769954
44782,44779,9633,9335,22.61863724942845
44783,44779,9633,9632,25.81829950941481
44787,44786,9337,9336,23.141325568999886
44788,44786,9337,9651,16.00045901705099
44789,44786,9650,9336,17.966033054404456
44790,44786,9650,9651,25.114157510359014
44794,44793,9338,9337,31.768553286073406
44795,44793,9338,9664,13.393937620873466
44796,44793,9665,9337,15.720638100572883
44797,44793,9665,9664,26.215638605541443
44801,44800,9339,9338,26.45480277151974
44802,44800,9339,9678,16.838061405291867
44803,44800,9676,9338,20.657629202651073
44804,44800,9676,9678,29.737846544846715
44808,44807,9340,9339,26.954101562612617
44809,44807,9340,9690,15.36898763146764
44810,44807,9691,9339,15.1854475513147
44811,44807,9691,9690,19.969136638243345
44815,44814,9341,9340,25.38505864498343
44816,44814,9341,9701,17.457876736163726
44817,44814,9700,9340,19.988136464002032
44818,44814,9700,9701,25.021743760938065
44822,44821,9342,9341,31.53678709151688
44823,44821,9342,9710,22.271098156428497
44824,44821,9708,9341,19.35868738750427
44825,44821,9708,9710,26.983732548496814
44829,44828,9343,9342,30.72833794833202
44830,44828,9343,9720,18.76172522445098
44831,44828,9343,9721,22.83532176269046
44832,44828,9719,9342,17.132648877864817
44833,44828,9719,9721,21.71333778017901
44834,44828,9722,9342,22.101308642908847
44835,44828,9722,9720,22.027425887166178
44839,44838,9345,9344,20.99219021997519
44840,44838,9345,9735,16.796923262087137
44841,44838,9734,9344,17.694263860216473
44842,44838,9734,9735,26.81900428695074
44846,44845,9346,9345,31.102081289431293
44847,44845,9346,9753,25.439729285220675
44848,44845,9751,9345,15.550406581359606
44849,44845,9751,9753,23.95055134603886
44853,44852,9877,9862,14.834279765327373
44854,44852,9919,9861,15.194397266722184
44855,44852,10151,1052,19.959413643390306
44856,44852,10151,9861,19.151559921985765
44857,44852,10151,9862,5.150227992951445
44859,44858,9755,9346,16.20361863072858
44860,44858,9755,9756,18.030777158124828
44863,44862,9348,9347,23.908622312945585
44864,44862,9348,9772,17.89392202022826
44865,44862,9771,9347,14.269374628317822
44866,44862,9771,9772,18.0494621601944
44870,44869,1053,9348,24.315641765263038
44871,44869,1053,9779,18.97168709869947
44872,44869,16796,9348,15.570974404372299
44873,44869,16796,9779,19.880072670862816
44878,44877,9350,9349,35.252615655346645
44879,44877,9350,16799,27.629803971743648
44880,44877,9795,9349,23.5508375703277
44881,44877,9795,16799,30.921137414420194
44885,44884,9351,9350,27.692655336306622
44886,44884,9351,9809,17.734771249891956
44887,44884,16800,9350,21.34364587159251
44888,44884,16800,9809,22.889976919997885
44892,44891,9352,9351,25.613782754858818
44893,44891,9352,16801,21.74100619784921
44894,44891,9810,9351,17.91472828161448
44895,44891,9810,16801,26.81509457043886
44899,44898,9353,9352,30.156002438330095
44900,44898,9353,9818,21.83029801982037
44901,44898,16802,9352,19.524216383888476
44902,44898,16802,9818,26.81425904882965
44906,44905,1324,9353,26.116007572101438
44907,44905,1324,9822,7.389545371790853
44908,44905,9354,1323,11.854924716045499
44909,44905,9354,9353,27.39284266204542
44910,44905,9354,9822,18.040212889689798
44911,44905,9821,1323,21.778156285476385
44912,44905,9821,9353,18.4307438124587
44913,44905,9821,9822,23.315214725387776
44917,44916,9355,9354,27.850077955521645
44918,44916,9355,9832,21.538860833466902
44919,44916,9831,9354,18.106555617288855
44920,44916,9831,9832,25.866909434328846
44924,44923,9358,9356,23.56091495343469
44925,44923,9358,9588,17.17856348875116
44926,44923,9589,9356,15.917211021391214
44927,44923,9589,9588,24.871330680065846
44931,44930,9359,9358,23.97852108556351
44932,44930,9359,9605,19.827592334630843
44933,44930,9604,9358,14.443462667626562
44934,44930,9604,9605,24.269438409718756
44938,44937,9360,9359,25.832978098341417
44939,44937,9360,9618,19.623636826397195
44940,44937,9619,9359,19.28521359849688
44941,44937,9619,9618,25.128878654186327
44945,44944,9364,9362,32.46924418937013
44946,44944,9364,9665,20.712193275876466
44947,44944,9666,9362,23.123559603378567
44948,44944,9666,9665,30.022629047047136
44952,44951,9365,9364,25.27296186178132
44953,44951,9365,9679,16.539837159199177
44954,44951,9678,9364,19.56369312741533
44955,44951,9678,9679,29.190923905855346
44959,44958,9366,9365,26.927521419747084
44960,44958,9366,9691,18.918740490872302
44961,44958,9692,9365,16.253808065188426
44962,44958,9692,9691,27.279230513944466
44966,44965,9367,9366,23.2058408178897
44967,44965,9367,9702,16.58424569803281
44968,44965,9701,9366,16.817723223685597
44969,44965,9701,9702,22.59527587382646
44973,44972,9368,9367,34.767042590117924
44974,44972,9368,9711,22.960102917167447
44975,44972,9710,9367,28.886261362467433
44976,44972,9710,9711,38.01310184839012
44980,44979,9361,9360,31.19034824567559
44981,44979,9361,9633,20.698119915121566
44982,44979,9634,9360,21.02341212132212
44983,44979,9634,9633,28.038907793378815
44987,44986,9362,9361,23.288085937469702
44988,44986,9362,9652,17.866434369751943
44989,44986,9651,9361,17.550527056555893
44990,44986,9651,9652,26.389748482739197
44994,44993,9369,9368,33.366022850501075
44995,44993,9369,9722,17.02473754824123
44996,44993,9369,9723,24.334653908857938
44997,44993,9721,9368,16.826894988114958
44998,44993,9721,9723,18.564491196536494
44999,44993,9724,9368,22.6046851423991
45000,44993,9724,9722,17.9144036384995
45004,45003,9371,9370,24.958007812578543
45005,45003,9371,9737,17.631499895934105
45006,45003,9735,9370,18.26641066911854
45007,45003,9735,9737,27.598702959917787
45011,45010,9372,9371,33.51582427763742
45012,45010,9372,9751,22.45439607111094
45013,45010,9750,9371,20.389358588388475
45014,45010,9750,9751,29.297112352858488
45018,45017,9374,9372,29.01939109372558
45019,45017,9374,9757,20.27540626909206
45020,45017,9756,9372,20.05814026209407
45021,45017,9756,9757,30.424779523341154
45025,45024,9375,9374,28.404405855297647
45026,45024,9375,9769,22.210131110787056
45027,45024,9768,9374,20.084191156876138
45028,45024,9768,9769,29.99560548739815
45032,45031,9548,9547,35.573368573070994
45033,45031,9548,9844,31.421756442323225
45034,45031,9548,9846,9.092414601295463
45035,45031,9843,9547,12.934129699967254
45036,45031,9843,9844,18.78285571943424
45037,45031,9845,9846,17.583233543970575
65679,45031,9845,9547,30.29663819003862
45042,45041,9565,9566,37.70348798451638
45043,45041,9565,9843,13.924879248350237
45044,45041,9565,9847,35.65645765670132
45045,45041,9846,9566,10.992270481244155
45046,45041,9846,9847,15.728796378520645
45047,45041,10081,9843,14.560779852230137
45048,45041,10082,9843,17.27145038241157
45054,45053,9556,9555,42.796792752145926
45055,45053,9556,9848,7.061244626889671
45056,45053,9556,10081,42.01472539506049
45057,45053,9556,10082,24.957136180036017
45058,45053,9847,9555,40.80339418667647
45059,45053,9847,9848,19.909813067246258
45060,45053,9923,10082,23.33765970501249
45061,45053,10204,9555,14.397082268526475
45062,45053,10204,10081,20.14506788120167
45067,45066,9356,9576,18.614960239179542
45068,45066,9356,9924,23.960579016305356
45069,45066,9575,9576,22.22137781228659
45070,45066,9575,9924,14.639339752168246
45074,45073,9576,9577,39.44955938696916
45075,45073,9576,9849,37.546132907073556
45076,45073,9576,9923,20.63020914915988
45077,45073,9576,10181,11.821153535755778
45078,45073,9576,10182,8.406007631454086
45079,45073,9841,9923,19.21865184157927
45080,45073,9848,9577,9.696818738165971
45081,45073,9848,9849,13.928186462916443
45085,45084,9590,9589,40.26450766766311
45086,45084,9590,9841,23.129124461042057
45087,45084,9590,9850,6.893881060329346
45088,45084,9840,9589,20.62614931792611
45089,45084,9840,9841,14.603073519979468
45090,45084,9849,9850,15.341043141971387
45091,45084,10182,10183,17.492268679812977
45096,45095,9389,9606,23.492917955388506
45097,45095,9389,9851,34.216135399419265
45098,45095,9605,9606,49.5289926320589
45099,45095,9605,9840,26.043532454048847
45100,45095,9605,9851,43.73196702882213
45101,45095,9605,10083,7.562501262780706
45102,45095,9839,9840,24.20362751463173
45103,45095,9850,9606,31.608840926684127
45104,45095,9850,9851,36.86078899041164
45105,45095,10183,10083,19.12917801395619
45110,45109,9838,9839,18.00016581087391
45111,45109,9838,9932,16.194303321695955
45112,45109,9838,10180,10.176030773101637
45113,45109,9851,9932,7.048169686875478
45114,45109,9851,10180,23.967749806746834
45118,45117,9390,9391,30.440956750969946
45119,45117,9390,9634,22.1313636768166
45120,45117,9635,9391,12.252134139158844
45121,45117,9635,9634,24.735903894782027
45125,45124,9384,9385,14.99999999991062
45126,45124,9384,9548,10.894232635585174
45127,45124,9549,9385,12.992133790227495
45128,45124,9549,9548,16.93071423986219
45132,45131,9385,9386,14.430993047962982
45133,45131,9385,9567,10.316186716846218
45134,45131,9566,9386,10.17334536471381
45135,45131,9566,9567,14.90625000187149
45139,45138,9386,9387,21.368411510351276
45140,45138,9386,9556,15.505777901467363
45141,45138,9557,9387,14.460303538614358
45142,45138,9557,9556,19.386818156572186
45146,45145,9387,9388,15.934570312419615
45147,45145,9387,9578,11.911360107645113
45148,45145,9577,9388,12.68079320062557
45149,45145,9577,9578,18.289550783787853
45153,45152,9388,9389,18.056917929968463
45154,45152,9388,9590,11.345091907477308
45155,45152,9591,9389,20.403339934474893
45156,45152,9591,9590,24.831753462780114
45160,45159,9391,9392,26.94146582940898
45161,45159,9391,9653,17.00997096877325
45162,45159,9652,9392,20.293589074879268
45163,45159,9652,9653,26.57072753623491
45167,45166,9392,9393,23.945550786834325
45168,45166,9392,9666,13.86348426918701
45169,45166,9667,9393,17.607999385623508
45170,45166,9667,9666,23.46518458394021
45174,45173,9393,9395,24.98260278927766
45175,45173,9393,9681,16.22418934370227
45176,45173,9679,9395,23.037406389702
45177,45173,9679,9681,32.452169065165585
45181,45180,9395,9396,27.75602780660642
45182,45180,9395,9692,20.35266387335954
45183,45180,9693,9396,20.011991741020026
45184,45180,9693,9692,32.33289876745636
45188,45187,9396,9397,19.359615641415672
45189,45187,9396,9703,10.594894632112702
45190,45187,9702,9397,18.25446841671984
45191,45187,9702,9703,21.964616883767818
45195,45194,9397,9398,35.68482488586677
45196,45194,9397,9712,18.936036291924506
45197,45194,9711,9398,21.39846313029012
45198,45194,9711,9712,28.949528787052774
45202,45201,9398,9399,33.8629845082303
45203,45201,9398,9724,16.097698255894475
45204,45201,9398,9725,9.394264013997748
45205,45201,9723,9399,31.963069619729588
45206,45201,9723,9725,19.658613866673004
45207,45201,9726,9399,23.176522477769797
45208,45201,9726,9724,20.87384889523291
45214,45213,9401,9402,25.445260831378363
45215,45213,9401,9738,17.155808582047957
45216,45213,9737,9402,16.052155159870612
45217,45213,9737,9738,25.010846240793338
45221,45220,9402,9403,25.508458533436414
45222,45220,9402,9750,18.069923801994566
45223,45220,9749,9403,20.124997446642595
45224,45220,9749,9750,30.123846421795562
45228,45227,9403,9404,23.997233323984048
45229,45227,9403,9758,13.868399086699217
45230,45227,9757,9404,23.100021659594756
45231,45227,9757,9758,26.373230087852964
45235,45234,9404,9405,27.461963094188228
45236,45234,9404,9768,20.18868644829452
45237,45234,9767,9405,20.196473985343452
45238,45234,9767,9768,31.04834168115838
45242,45241,9405,9407,28.049838901313322
45243,45241,9405,9775,16.359388543277774
45244,45241,9774,9407,25.392635155781832
45245,45241,9774,9775,31.1264273044433
45249,45248,9407,9408,31.387968839068176
45250,45248,9407,9782,28.871193188850746
45251,45248,9407,9783,11.04726763687492
45252,45248,9781,9783,25.135109270728417
45253,45248,9785,9408,13.784991396818885
45254,45248,9785,9782,29.442490211574984
45258,45257,9376,9375,18.167000569194666
45259,45257,9376,9774,12.927214588977975
45260,45257,9773,9375,12.104698731301985
45261,45257,9773,9774,22.96070191284631
45265,45264,9378,9377,25.50642098681224
45266,45264,9378,9795,20.47571153742138
45267,45264,9796,9377,17.81325692466913
45268,45264,9796,9795,27.33408957411126
45272,45271,9379,9378,22.114871291979348
45273,45271,9379,9808,11.36785150189387
45274,45271,9809,9378,21.74255749464574
45275,45271,9809,9808,27.007225257537502
45279,45278,9380,9379,22.74439489583435
45280,45278,9380,9810,18.218983301851292
45281,45278,9811,9379,20.72943299427312
45282,45278,9811,9810,29.032880904552073
45286,45285,9381,9380,29.937354967421278
45287,45285,9381,9819,16.728911621253555
45288,45285,9818,9380,29.434760058648664
45289,45285,9818,9819,29.777912660223574
45293,45292,9382,9381,30.050543140566838
45294,45292,9382,9821,21.62073364607781
45295,45292,9820,9381,18.5920426451372
45296,45292,9820,9821,25.68097114357597
45300,45299,9383,9382,28.041994222627398
45301,45299,9383,9834,20.042717110198055
45302,45299,9832,9382,21.45646688727738
45303,45299,9832,9834,30.2491679008434
45307,45306,9881,9920,18.616682430233595
45308,45306,9921,9878,19.350074344767773
45309,45306,10140,1054,18.914164544729157
45310,45306,10140,9878,6.9546928657000535
45311,45306,10140,9920,19.21464604437784
45313,45312,9408,9409,22.529542703581843
45314,45312,9408,9797,14.87506887378542
45315,45312,9798,9409,14.789708670650585
45316,45312,9798,9797,20.036725431576144
45320,45319,1056,9881,24.514359379523835
45321,45319,9878,1055,24.48095620180741
45322,45319,10186,1055,9.29726250804752
45323,45319,10186,1057,35.8510234509021
45325,45324,9410,9411,24.410312346129455
45326,45324,9410,9811,15.626405587289584
45327,45324,9812,9411,15.97566369550417
45328,45324,9812,9811,20.723177825784482
45332,45331,9636,9635,16.85359132850077
45333,45331,9636,9838,20.28385241809455
45334,45331,9837,9635,13.247483244442806
45335,45331,9837,9838,30.780783312775746
45339,45338,9653,9654,16.41237187176805
45340,45338,9653,9837,10.429286408871077
45341,45338,9927,9654,8.738452909834502
45342,45338,9927,9837,15.236729015923308
45346,45345,9654,9421,17.129800518683876
45347,45345,9654,9655,23.6679929128982
45348,45345,9926,9421,22.31640487129361
45349,45345,9926,9655,15.192626901999978
45353,45352,9422,9667,17.793672196660392
45354,45352,9422,9925,27.577449707960646
45355,45352,9422,9933,25.936298874699254
45356,45352,9668,9667,33.08932951534837
45357,45352,9668,9925,17.279647136478243
45358,45352,9668,9933,28.319235204421823
45362,45361,9413,9412,22.697921894813724
45363,45361,9413,9549,11.36019105166937
45365,45364,9414,9413,16.479354275811993
45366,45364,9414,9568,12.898929836076169
45367,45364,9567,9413,14.68913033383996
45368,45364,9567,9568,24.56347656560599
45371,45370,9416,9414,24.255015829883778
45372,45370,9416,9557,19.0972743259273
45373,45370,9558,9414,14.296673782266495
45374,45370,9558,9557,22.44386173605543
45378,45377,9417,9416,20.530356266051598
45379,45377,9417,9579,14.166421324133175
45380,45377,9578,9416,16.753408872736916
45381,45377,9578,9579,24.787570656560398
45385,45384,9418,9417,20.842050325544832
45386,45384,9418,9591,14.439899610917912
45387,45384,9592,9417,14.137070433631092
45388,45384,9592,9591,22.860647893276237
45392,45391,9419,9418,23.15692365579779
45393,45391,9419,9607,15.088247393041298
45394,45391,9606,9418,15.2782234359284
45395,45391,9606,9607,21.480037281885842
45399,45398,9420,9419,22.534009001487163
45400,45398,9420,9620,13.78543754188457
45401,45398,9932,9419,20.36155276014818
45402,45398,9932,9620,25.245483272288677
45406,45405,9421,9420,28.5674738639929
45407,45405,9421,9636,16.20715974650089
45408,45405,9637,9420,19.51043678706426
45409,45405,9637,9636,26.19150920027734
45413,45412,9424,9422,29.651367187450706
45414,45412,9424,9682,17.569697943972127
45415,45412,9681,9422,29.478372519845568
45416,45412,9681,9682,37.07419933501709
45420,45419,9425,9424,23.605938625912135
45421,45419,9425,9693,19.4174564654592
45422,45419,9694,9424,20.19988761375757
45423,45419,9694,9693,36.90481755978178
45427,45426,9703,9929,12.971598220949426
45428,45426,9928,9929,6.080041854167087
45430,45429,9426,9864,9.322209691330336
45431,45429,9426,9928,8.388513939196553
45432,45429,9426,9931,9.302315960462527
45435,45434,9864,9425,9.698026188278458
45436,45434,9929,9425,12.103298470466637
45437,45434,9930,9425,8.680453869650577
45441,45440,9931,9704,14.505734247003325
45442,45440,9931,9930,14.897501769219371
45444,45443,9427,9426,24.27670285150012
45445,45443,9427,9713,17.426026396149517
45446,45443,9712,9426,22.022083734101756
45447,45443,9712,9713,34.22518557102845
45451,45450,9429,9427,40.77759157701249
45452,45450,9429,9726,23.4851946196099
45453,45450,9429,9727,28.15735742442342
45454,45450,9725,9427,25.942295991702704
45455,45450,9725,9727,34.0191483880407
45456,45450,9728,9427,31.554136158029728
45457,45450,9728,9726,35.02418512098924
45461,45460,9431,9430,30.498403434740823
45462,45460,9431,9740,23.141952844996954
45463,45460,9738,9430,24.4191250370117
45464,45460,9738,9740,36.80908132251256
45468,45467,9432,9431,29.778482123207596
45469,45467,9432,9749,22.99958231689107
45470,45467,9748,9431,24.006635966738926
45471,45467,9748,9749,37.22804574951162
45475,45474,9433,9432,26.202193955004816
45476,45474,9433,9759,20.24529033734194
45477,45474,9758,9432,25.237483118797826
45478,45474,9758,9759,34.23937975342272
45482,45481,9434,9433,30.01081296864374
45483,45481,9434,9767,20.389890911925733
45484,45481,9766,9433,18.273539415333726
45485,45481,9766,9767,30.606511020281804
45489,45488,9436,9434,34.53854437989258
45490,45488,9436,10155,23.6659758829778
45491,45488,9775,9434,28.390468454028078
45492,45488,9775,10155,39.470487559278176
45496,45495,9437,9436,47.948055192058845
45497,45495,9437,9785,28.88386447115209
45498,45495,9437,9786,34.604209796444394
45499,45495,9783,9436,28.964316865390042
45500,45495,9783,9786,37.76412117783519
45501,45495,9787,9785,39.97960686508459
45505,45504,9438,9437,27.72444421171945
45506,45504,9438,9798,19.892054222510342
45507,45504,9799,9437,21.108887506743567
45508,45504,9799,9798,32.47463193623309
45512,45511,9440,9438,22.499184036292327
45513,45511,9440,9806,17.425992867315134
45514,45511,9807,9438,14.950069172776118
45515,45511,9807,9806,24.41860092525678
45519,45518,9855,9879,21.34553442009438
45520,45518,9857,9854,21.677806314679042
45521,45518,10136,1058,22.01100749455216
45522,45518,10136,9854,8.884563383445675
45523,45518,10136,9879,24.73685481572169
45525,45524,9441,9440,23.52384813221841
45526,45524,9441,9813,17.63185805437771
45527,45524,9814,9440,20.399047405338283
45528,45524,9814,9813,24.7869705800536
45532,45531,9568,9442,15.872561278988561
45533,45531,9568,9569,26.892311161918116
45535,45534,9442,9443,25.97774610597564
45536,45534,9442,9558,14.874904632841588
45537,45534,9559,9443,18.73546377349266
45538,45534,9559,9558,20.93170529609231
45542,45541,9443,9444,26.59778871316336
45543,45541,9443,9580,18.227388183144765
45544,45541,9579,9444,16.882098393601158
45545,45541,9579,9580,23.109229271061498
45549,45548,9444,9445,26.13399244736257
45550,45548,9444,9592,17.06102516991263
45551,45548,9593,9445,22.560736718558864
45552,45548,9593,9592,27.339877366726856
45556,45555,9445,9446,28.683778758681637
45557,45555,9445,9608,21.235962793673192
45558,45555,9607,9446,20.2718199101458
45559,45555,9607,9608,27.976981928089664
45563,45562,9446,9447,24.434144227902202
45564,45562,9446,9621,17.79625617457094
45565,45562,9620,9447,20.50040384920278
45566,45562,9620,9621,26.13378247924784
45570,45569,9447,9448,27.715410626416656
45571,45569,9447,9637,20.08950214370642
45572,45569,9638,9448,21.51805174101969
45573,45569,9638,9637,27.010941652754347
45577,45576,9448,9449,22.548828823225247
45578,45576,9448,9656,17.612665845672495
45579,45576,9655,9449,17.451075391317595
45580,45576,9655,9656,26.703620427784276
45584,45583,9449,9450,34.030430133753306
45585,45583,9449,9668,18.288887672714992
45586,45583,9669,9450,27.240614853160643
45587,45583,9669,9668,30.04882812320449
45590,45589,9450,9451,30.905468439880817
45591,45589,9450,9683,19.05414528377323
45592,45589,9682,9451,26.431540400024744
45593,45589,9682,9683,35.756939663608996
45597,45596,9451,9452,25.734631787158857
45598,45596,9451,9694,14.622985538692241
45599,45596,9695,9452,15.957185102473202
45600,45596,9695,9694,19.89137939982853
45604,45603,9452,9453,26.905145576747955
45605,45603,9452,9705,18.514490769923615
45606,45603,9704,9453,18.138647267382748
45607,45603,9704,9705,22.16712383320485
45609,45608,9453,9454,32.75136141611062
45610,45608,9453,9714,21.232249250295077
45611,45608,9713,9454,21.039761613053283
45612,45608,9713,9714,31.829175435494307
45616,45615,9454,9455,36.406204172976565
45617,45615,9454,9728,20.878466383151828
45618,45615,9454,9729,17.592667882175252
45619,45615,9727,9455,32.58045541710345
45620,45615,9727,9729,27.07385055404984
45621,45615,9730,9455,26.239313565803762
45622,45615,9730,9728,27.133138870414
45626,45625,9913,9916,20.84063867384468
45627,45625,9917,9456,25.659245326177295
45628,45625,9917,9914,22.643432304864238
45629,45625,10171,9456,34.09921364761195
45630,45625,10171,9914,13.391929940412473
45631,45625,10171,9916,9.30453108448095
45632,45625,10171,10170,25.5713868816956
45633,45625,10173,9456,16.74133517893306
45634,45625,10173,10170,19.514668188698888
45640,45639,9456,9457,29.3764242707108
45641,45639,9456,9741,22.527427710055466
45642,45639,9740,9457,18.48978896844904
45643,45639,9740,9741,28.496092799033594
45647,45646,9457,9458,24.46386718745029
45648,45646,9457,9748,17.720939587674923
45649,45646,9747,9458,19.99355357619685
45650,45646,9747,9748,26.895447181332866
45654,45653,9458,9459,23.30044869732449
45655,45653,9458,9760,17.530012285442638
45656,45653,9759,9459,18.576237158494923
45657,45653,9759,9760,27.070416881723588
45661,45660,9459,9460,20.798449560883874
45662,45660,9459,9766,14.417562999918406
45663,45660,9765,9460,19.4699276174968
45664,45660,9765,9766,26.620304558232565
45668,45667,9460,9461,32.9073055715578
45669,45667,9460,9776,24.702261857250612
45670,45667,10155,9461,21.278625328242953
45671,45667,10155,9776,29.072343567635553
45675,45674,9461,9462,35.85453476166088
45676,45674,9461,9787,32.01679510155953
45677,45674,9461,9788,20.339074308071297
45678,45674,9786,9788,37.46722299916425
45679,45674,9789,9462,23.60535018940027
45680,45674,9789,9787,38.16083591415059
45684,45683,9462,9463,33.7872834019332
45685,45683,9462,9799,22.479990901909336
45686,45683,9800,9463,24.943635782791677
45687,45683,9800,9799,31.916304629749465
45691,45690,9463,9464,28.998691846648896
45692,45690,9463,9805,24.833647524694516
45693,45690,9806,9464,22.477298559211103
45694,45690,9806,9805,33.733398438492564
45698,45697,9464,9465,31.341950369429764
45699,45697,9464,9814,21.209708330013314
45700,45697,9815,9465,23.34136979795529
45701,45697,9815,9814,30.62956040148696
45705,45704,9467,9466,16.80132840182178
45706,45704,9550,9466,18.316882442063104
45708,45707,9468,9467,18.986990919831936
45709,45707,9468,9570,17.59548636233389
45710,45707,9569,9467,14.716018453416652
45711,45707,9569,9570,23.870972643347077
45715,45714,9469,9468,24.00101368882484
45716,45714,9469,9559,17.85194597167514
45717,45714,9560,9468,20.091895411206714
45718,45714,9560,9559,25.580483747048074
45722,45721,9470,9469,19.801182668361264
45723,45721,9470,9581,15.21406093146688
45724,45721,9580,9469,14.563291800193287
45725,45721,9580,9581,19.76408356481879
45729,45728,9471,9470,30.733748522407108
45730,45728,9471,9593,24.794209976984664
45731,45728,9594,9470,18.117074730844543
45732,45728,9594,9593,25.868793827747936
45736,45735,9472,9471,24.671896808001545
45737,45735,9472,9609,17.639552474516222
45738,45735,9608,9471,16.776318305736766
45739,45735,9608,9609,22.868056327130912
45743,45742,9473,9472,18.536528325624523
45744,45742,9473,9622,17.567139941338958
45745,45742,9621,9472,12.242986439992775
45746,45742,9621,9622,20.24861591498767
45750,45749,9474,9473,22.91033148152039
45751,45749,9474,9638,15.98469362031211
45752,45749,9640,9473,12.373116732121504
45753,45749,9640,9638,19.65531514247125
45757,45756,9475,9474,23.822265625109434
45758,45756,9475,9657,18.05493034414034
45759,45756,9656,9474,16.308323445487794
45760,45756,9656,9657,23.32048559943956
45764,45763,9476,9475,21.78179479695419
45765,45763,9476,9669,14.683644600117237
45766,45763,9670,9475,11.789029847686887
45767,45763,9670,9669,16.04803692466479
45771,45770,9477,9476,25.29476150287625
45772,45770,9477,9685,18.07591387240088
45773,45770,9683,9476,11.629539185736373
45774,45770,9683,9685,17.73379499148458
45778,45777,9478,9477,26.2813920717969
45779,45777,9478,9695,19.055560655675293
45780,45777,9697,9477,11.418447831137756
45781,45777,9697,9695,15.960083685523921
45785,45784,9479,9478,13.496592504605434
45786,45784,9705,9478,13.009768036722386
45788,45787,9480,9479,30.76002903253223
45789,45787,9480,9715,24.258374095195062
45790,45787,9714,9479,20.102358953461383
45791,45787,9714,9715,32.49654177470052
45795,45794,9481,9480,47.10235674020397
45796,45794,9481,9730,27.73004738401967
45797,45794,9481,9731,33.085527058590195
45798,45794,9729,9480,23.589667881889426
45799,45794,9729,9731,23.016800966175396
45800,45794,9732,9480,27.708094537345143
45801,45794,9732,9730,22.452090622536076
45805,45804,9915,9917,20.653660812075294
45806,45804,9916,9481,17.728908154319804
45807,45804,9916,9904,22.355997814303144
45808,45804,10172,9481,11.84367269799778
45809,45804,10172,10174,20.702583702710932
45810,45804,10176,9481,30.116791547748967
45811,45804,10176,9904,23.126656459033562
45812,45804,10176,9917,12.113121840389912
45813,45804,10176,10174,35.35587078441315
45818,45817,9483,9482,26.775934782558135
45819,45817,9483,9743,18.982756668960253
45820,45817,9741,9482,19.64171079942257
45821,45817,9741,9743,26.46397042994976
45825,45824,9484,9483,27.37221114099824
45826,45824,9484,9747,22.994873362155637
45827,45824,9746,9483,12.849276577811965
45828,45824,9746,9747,24.766543924278718
45832,45831,9485,9484,24.1618091565822
45833,45831,9485,9761,18.442096531908177
45834,45831,9760,9484,23.146700082621194
45835,45831,9760,9761,26.756989890554944
45840,45839,9486,9485,27.975137109089996
45841,45839,9486,9765,22.104181268956392
45842,45839,9764,9485,15.944497614892638
45843,45839,9764,9765,23.310735350525587
45847,45846,9487,9486,33.985993618832715
45848,45846,9487,9777,24.225213674752037
45849,45846,9776,9486,18.39321525825442
45850,45846,9776,9777,17.469747524998844
45854,45853,9489,9488,20.799397745923642
45855,45853,9489,9800,19.910588109304122
45856,45853,9801,9488,16.41669308362614
45857,45853,9801,9800,26.712821505805383
45861,45860,9490,9489,22.19576438343133
45862,45860,9490,9804,21.83767814118245
45863,45860,9805,9489,16.95843465307743
45864,45860,9805,9804,30.556601939250754
45868,45867,9491,9490,26.906586472922275
45869,45867,9491,9815,21.582740728186167
45870,45867,9816,9490,19.40839341762869
45871,45867,9816,9815,25.35254991436268
45875,45874,9492,9493,14.681147398677812
45876,45874,9492,9550,43.722413851167616
45877,45874,9492,9551,28.855456305310373
45878,45874,9492,10084,19.839343039180996
45879,45874,9882,9550,17.359621209607237
45880,45874,14069,9550,3.8063041599550544
45881,45874,14068,9493,13.331004318147833
45882,45874,14067,9493,19.481189865394466
45883,45874,14067,10084,11.850238028037651
65672,45874,14067,9551,14.160599395267209
45885,45884,9493,991,9.482319812513254
45886,45884,9493,9494,14.775881260998057
45887,45884,10098,991,17.872602622255158
45888,45884,10098,9494,10.322981147243306
69621,45884,69616,9494,14.79848826606925
45892,45891,9494,992,14.31332611790237
45893,45891,9494,9496,24.882934083999416
45894,45891,10099,992,16.712857951491237
45895,45891,10099,9496,13.945314503875732
45900,45899,9496,993,8.773251373449144
45901,45899,9496,9497,16.2852319982459
45902,45899,10100,993,16.698343501367432
45903,45899,10100,9497,12.167264715631282
45907,45906,9497,994,14.946268447329446
45908,45906,9497,9499,26.942208762762675
45909,45906,10101,994,16.34721311688638
45910,45906,10101,9499,14.952229812572703
45914,45913,9499,995,10.41635067003139
45915,45913,9499,9501,18.75280279715831
45916,45913,10102,995,16.2294699978004
45917,45913,10102,9501,13.074542945836786
45921,45920,9501,9502,18.703322525312586
45922,45920,10103,996,15.940211049649793
45923,45920,10103,9502,14.005007690321825
45927,45926,9502,997,13.872142146115982
45928,45926,9502,9503,30.211157800587735
45929,45926,10104,997,15.920479863427772
45930,45926,10104,9503,16.582397312602858
45935,45934,9503,9504,16.068822255437702
45936,45934,10105,998,15.865248761820594
45937,45934,10105,9504,10.935622998828048
45941,45940,9504,999,11.80849146589697
45942,45940,9504,9505,19.235516653605938
45943,45940,10106,999,17.063970509318303
45944,45940,10106,9505,11.394174282350527
45948,45947,9505,1000,9.71576243660257
45949,45947,9505,9506,18.987216334517054
45950,45947,10107,1000,15.477308832909213
45951,45947,10107,9506,12.345567160276836
45955,45954,9488,9487,33.27292768402739
45956,45954,9488,9789,20.41851019875539
45957,45954,9488,9791,30.71082404825607
45958,45954,9788,9487,15.556540732671454
45959,45954,9788,9791,24.915670201897218
45960,45954,9792,9789,24.577423945992393
45964,45963,9507,1017,15.561181206186124
45965,45963,9507,9509,27.874215064632747
45966,45963,10205,1017,16.027190526152467
45967,45963,10205,9509,15.34792468978805
45971,45970,9509,9510,16.195426342256972
45972,45970,10114,9762,9.959379731849939
45973,45970,10114,10115,14.325224141563675
45974,45970,10116,9510,11.714032341084682
45975,45970,10116,9762,38.8973289853809
45976,45970,10116,10115,33.52204218032183
45980,45979,9510,1018,11.026225443382584
45981,45979,9510,9511,18.95466287109204
45982,45979,10118,1018,15.473937044412967
45983,45979,10118,9511,12.295181344824428
45987,45986,9511,9513,23.355503277916284
45988,45986,9511,10207,22.077716866139834
45989,45986,10117,9513,25.3736352922355
45990,45986,10117,9778,10.710951272175379
45991,45986,10119,9513,20.918564443734486
45992,45986,10119,9778,33.96346959690541
45993,45986,10119,10207,13.986831676983059
45997,45996,9514,9515,23.226143499247932
45998,45996,9514,10122,27.121114019511317
45999,45996,9802,9515,32.43783944778079
46000,45996,9802,9801,56.525040935821494
46001,45996,9802,9898,56.38948541981536
46002,45996,9802,10122,12.990035247241995
46003,45996,9899,9801,12.374975513416794
46004,45996,9899,9898,22.480357927505946
46005,45996,10209,9515,22.502953884400377
46009,46008,9515,9516,24.351645279410967
46010,46008,10122,9803,14.796083323618243
46011,46008,10122,10123,24.466447512765974
46012,46008,10124,9516,13.909755181010661
46013,46008,10124,9803,39.1489076786534
46014,46008,10124,10123,34.6634329286924
46019,46018,9516,9518,17.54101814298071
46020,46018,9516,9816,27.90566235560373
46021,46018,9901,9816,10.204897503192129
46022,46018,9901,9900,17.50397948246791
46023,46018,10126,9518,12.411439527947158
46024,46018,10126,9816,35.89094570816301
46025,46018,10126,9900,35.12836715085562
46032,46031,9520,9519,23.246629193357837
46033,46031,9520,9572,15.626522405484124
46034,46031,9571,9519,18.36569362147399
46035,46031,9571,9572,27.61786783203681
46039,46038,9521,9520,27.229269454613153
46040,46038,9521,9561,20.89449582858087
46041,46038,9563,9520,17.68208341389406
46042,46038,9563,9561,26.39632509062472
46046,46045,9522,9521,18.830090608756308
46047,46045,9522,9583,12.75058316095319
46048,46045,9582,9521,19.379862318721997
46049,46045,9582,9583,25.297366007898326
46053,46052,9523,9522,26.350585937544917
46054,46052,9523,9595,21.99527925536413
46055,46052,9596,9522,16.46729728942774
46056,46052,9596,9595,27.986596531991115
46060,46059,9524,9523,25.997207749208457
46061,46059,9524,9611,19.44406924021999
46062,46059,9610,9523,17.932734835645867
46063,46059,9610,9611,27.334007483231314
46067,46066,9526,9524,28.92377170128229
46068,46066,9526,9624,20.635960899616627
46069,46066,9623,9524,21.59037589337843
46070,46066,9623,9624,29.210872844942557
46074,46073,9527,9526,24.636265001022714
46075,46073,9527,9641,18.814937309920442
46076,46073,9642,9526,16.380583915097652
46077,46073,9642,9641,25.21696635055818
46081,46080,9528,9527,30.720526904902474
46082,46080,9528,9659,21.542620289537293
46083,46080,9658,9527,19.180530265222636
46084,46080,9658,9659,24.776598833890084
46088,46087,9530,9528,22.840719784347595
46089,46087,9530,9671,18.424794594486798
46090,46087,16999,9528,16.011495937824332
46091,46087,16999,9671,27.036142813190132
46095,46094,9536,16998,24.455183164217598
46096,46094,9536,16997,13.388142648592407
46097,46094,9659,16998,23.151988831404584
46098,46094,9659,16997,25.113506790662143
46102,46101,9535,9536,35.352311375465206
46103,46101,9535,9642,20.24958996131807
46104,46101,9644,9536,25.433282346382256
46105,46101,9644,9642,30.70758645861079
46109,46108,9534,9535,29.465251819688344
46110,46108,9534,9625,20.008663563095837
46111,46108,9624,9535,22.00256229378376
46112,46108,9624,9625,27.919181191280657
46116,46115,9533,9534,23.831054687367033
46117,46115,9533,9612,15.998536898933729
46118,46115,9611,9534,17.212517720671475
46119,46115,9611,9612,24.60081086161
46123,46122,9532,9533,27.692382812451896
46124,46122,9532,9596,19.994601476235452
46125,46122,9597,9533,17.221441296769417
46126,46122,9597,9596,22.42750151995784
46130,46129,9583,9532,20.939693797477265
46131,46129,9583,9584,24.569744579927246
46132,46129,10211,9532,30.763920050661003
46133,46129,10211,9584,20.071371536906284
46137,46136,9531,9563,19.972983672970006
46138,46136,9531,10211,24.011914550889596
46139,46136,9564,9563,25.460939469805854
46140,46136,9564,10211,15.58838958875548
46144,46143,9537,9538,25.23903486980189
46145,46143,9537,9585,18.360469901974923
46146,46143,9584,9538,17.07699747334645
46147,46143,9584,9585,21.590332060363526
46151,46150,9538,9597,18.612313156488664
46152,46150,9539,9597,23.98185729061898
46153,46150,9598,9597,25.2356581034771
46157,46156,9540,9539,24.197708242708366
46158,46156,9540,9613,18.777929510495895
46159,46156,9612,9539,18.688517463384184
46160,46156,9612,9613,24.757083636008694
46164,46163,1259,9540,18.583570709013053
46165,46163,1259,9626,27.453423685962612
46166,46163,9541,9540,25.916788880087942
46167,46163,9541,9626,22.815419465336973
46171,46170,9545,9544,29.099609374916138
46172,46170,9545,16996,23.003728523501554
46173,46170,9626,9544,15.122833398778027
46174,46170,9626,16996,21.015621463115583
46178,46177,9544,9543,26.61816406255261
46179,46177,9544,9614,18.630975527092275
46180,46177,9613,9543,17.713078595931027
46181,46177,9613,9614,24.070312502696993
46185,46184,9543,9542,22.92089843753218
46186,46184,9543,9598,18.60703507386272
46187,46184,9599,9542,14.59330372401583
46188,46184,9599,9598,24.834769146786325
46192,46191,9794,9514,10.13417306088756
46193,46191,9794,10120,16.108428748342885
46194,46191,10192,9514,16.646517218021227
46195,46191,10192,10120,9.780757612397505
46199,46198,16995,1260,20.447797119413558
46200,46198,16995,9541,21.027768562499645
46201,46198,17043,1260,23.54897868274624
46202,46198,17043,9541,37.06262877353203
46206,46205,9939,9507,19.591491463125184
46207,46205,10113,1016,16.689242121841215
46208,46205,10113,9507,11.475870118882503
46212,46211,9614,9934,25.416695270046066
46213,46211,9614,9945,25.6469565969188
46214,46211,9944,9934,20.257507375922565
46215,46211,9944,9945,39.46980950301246
46219,46218,10017,10016,15.289228941544307
46220,46218,10017,10018,19.590472449727255
46221,46218,10022,10016,23.271138349091824
46222,46218,10022,10018,15.201931669880523
46226,46225,10013,10011,18.52875311876163
46227,46225,10013,10012,22.735111852456846
46228,46225,10016,10011,30.07871238882485
46229,46225,10016,10012,18.894842768734854
46233,46232,10009,9989,24.178477315196652
46234,46232,10009,10008,19.63864080577001
46235,46232,10011,9989,14.686887593846716
46236,46232,10011,10008,21.06418159321497
46240,46239,9988,10005,15.783548368734142
46241,46239,9988,10006,20.566684291856966
46242,46239,10008,10005,20.98448262621659
46243,46239,10008,10006,13.35004595603127
46247,46246,10001,9985,19.919587237285132
46248,46246,10001,10003,16.237962268526704
46249,46246,10005,9985,13.282458137699496
46250,46246,10005,10003,20.061509066603463
46254,46253,9984,9999,22.224512286869654
46255,46253,9984,10000,25.176595876376062
46256,46253,10003,9999,24.90949187489584
46257,46253,10003,10000,15.53988875874114
46261,46260,9827,9983,19.292249535341156
46262,46260,9827,9997,12.632475448912409
46263,46260,9996,9983,16.337946002508847
46264,46260,9996,9997,20.42482345722201
46268,46267,9985,9986,20.37356325042932
46269,46267,9985,10004,14.877369789194617
46270,46267,10002,9986,14.154665327555056
46271,46267,10002,10004,19.47311435623411
46275,46274,9987,9988,21.65419628975776
46276,46274,9987,10007,12.738800820061538
46277,46274,10004,9988,17.204843842505728
46278,46274,10004,10007,20.60827291058827
46282,46281,9327,9987,20.203490770891143
46283,46281,9327,9995,9.3354317628925
46284,46281,9993,9987,17.221763131443446
46285,46281,9993,9995,17.814458250312367
46289,46288,9990,9355,27.106681494657984
46290,46288,9990,9993,22.377168624817863
46291,46288,9992,9355,15.97955765712749
46292,46288,9992,9993,25.120766391050783
46296,46295,9989,9990,24.11351827777552
46297,46295,9989,10010,20.52944877359069
46298,46295,10007,9990,17.283807988070823
46299,46295,10007,10010,23.09267615724805
46303,46302,9991,9383,20.126461558759317
46304,46302,9991,9992,14.803452282582594
46305,46302,10014,9383,15.777693208594645
46306,46302,10014,9992,24.6434964833576
46310,46309,10010,9991,16.11721470994578
46311,46309,10010,10015,21.5240819832163
46312,46309,10012,9991,23.917456360517942
46313,46309,10012,10015,16.078236421634227
46317,46316,9981,9982,22.533735013812823
46318,46316,9981,10014,15.769661250461942
46319,46316,10020,9982,15.832149409367943
46320,46316,10020,10014,22.75513681846732
46324,46323,9982,10017,23.650638041279755
46325,46323,9982,10021,13.041257469191907
46326,46323,10015,10017,16.546946051889744
46327,46323,10015,10021,19.61538234278152
46331,46330,9411,9978,17.29791517684715
46332,46330,9411,9979,31.333877210069545
46333,46330,9819,9978,21.49134728593406
46334,46330,9819,9979,21.60638321222012
46338,46337,9979,9820,21.3506015069994
46339,46337,9979,9980,28.621413116529407
46340,46337,10038,9820,28.04331247824683
46341,46337,10038,9980,19.60833086140073
46345,46344,9834,9981,17.800104171290496
46346,46344,9834,10019,23.639699720320174
46347,46344,9980,9981,24.746570789223234
46348,46344,9980,10019,15.493075590292559
46352,46351,9465,9974,24.86015595636978
46353,46351,9465,9977,36.032142294406015
46354,46351,9976,9974,33.119014587832716
46355,46351,9976,9977,25.49612390031651
46359,46358,9973,9491,24.147536937511532
46360,46358,9973,9970,18.491613432411786
46361,46358,9974,9491,13.58466488578565
46362,46358,9974,9970,23.201015560630676
46366,46365,8278,10030,28.135924966291828
46367,46365,8278,10047,20.1201508838632
46368,46365,10029,10030,15.776226230313833
46369,46365,10029,10047,24.233219586710092
46371,46370,9518,9971,23.873393780584873
46372,46370,10125,9968,17.690998642281194
46373,46370,10125,10127,25.09089493966161
46374,46370,10128,9968,38.56077665013701
46375,46370,10128,9971,12.221014070814299
46376,46370,10128,10127,34.36068135128485
46378,46377,10032,10033,26.34165343951295
46379,46377,10130,10129,26.286422112520324
46380,46377,10131,10033,18.336473498804118
46381,46377,10131,10048,40.088860971081864
46382,46377,10131,10129,14.04839033313143
46383,46377,10131,10179,37.23471052062169
46384,46377,10178,10048,18.411723213925985
46385,46377,10178,10179,26.610327417891828
46391,46390,10028,10025,25.14292719728194
46392,46390,10028,10049,14.923259250406268
46393,46390,10037,10025,15.972077604880816
46394,46390,10037,10049,22.50290546595388
46396,46395,9942,9763,28.341814511704506
46397,46395,9942,9957,20.50756499477976
46398,46395,9956,9763,20.92065142359297
46399,46395,9956,9957,25.01957132678566
46403,46402,9778,9943,30.22848847509929
46404,46402,9778,9958,22.57408759835795
46405,46402,9957,9943,18.855225121594014
46406,46402,9957,9958,23.275586527458355
46410,46409,8264,9802,39.19737852101819
46411,46409,8264,9963,28.73643070668588
46412,46409,9962,9802,34.775645820026725
46413,46409,9962,9963,43.098025240989536
46415,46414,9803,8266,38.538609944601674
46416,46414,9803,9964,28.623895033426937
46417,46414,9963,8266,28.27578565135941
46418,46414,9963,9964,39.86286877926242
46420,46419,8268,9817,35.247202724991986
46421,46419,8268,9965,19.81263258727973
46422,46419,9964,9817,26.002087610843308
46423,46419,9964,9965,26.451270529141695
46425,46424,9965,9966,33.20131741156801
46426,46424,9965,9969,19.65864683032708
46427,46424,9968,9966,26.3034730749001
46428,46424,9968,9969,29.4624266634084
46432,46431,9793,9960,33.600464070759486
46433,46431,9958,9794,40.94013028079045
46434,46431,9958,9960,16.792701877798674
46435,46431,9958,9962,34.94069516547113
46436,46431,9959,9794,38.56695485560968
46437,46431,9959,9962,17.460191781697546
46442,46441,989,17008,24.551822231682134
46443,46441,989,17007,16.1321738254772
46444,46441,10054,10050,23.85152289903623
46445,46441,10054,17007,19.212312559890556
46447,46446,9951,17003,29.276837675234233
46448,46446,9951,9954,19.788284713521257
46449,46446,9952,17003,11.27268404907704
46450,46446,9952,9954,21.980012119993162
46454,46453,9937,1003,14.687117818837065
46455,46453,9937,9950,28.271893958364203
46456,46453,10109,1003,14.483989200066471
72139,46453,72127,9950,9.994979024222074
46461,46460,9290,17020,23.36288476007045
46462,46460,10040,17020,19.21465744847423
46464,46463,10039,9293,24.303136958780467
46465,46463,10039,10040,32.25001150633082
46466,46463,10041,9293,32.194829789323705
46467,46463,10041,10040,21.59416859976745
46471,46470,17000,10041,31.013394509643607
46472,46470,17000,10042,23.766583665777983
46473,46470,17017,10041,23.83139592480848
46474,46470,17017,10042,34.14726463920943
46478,46477,10042,9573,27.052630088156025
46479,46477,10042,10044,16.64508215421866
46480,46477,10043,9573,22.13866599713567
46481,46477,10043,10044,21.88247001114435
46485,46484,9299,10039,21.857241379597884
46486,46484,9299,10043,28.425724394878916
46487,46484,9586,10039,33.76695777702591
46488,46484,9586,10043,25.79078782966123
46492,46491,9552,10045,22.179061916698313
46493,46491,9552,10046,14.298855268002768
46494,46491,10044,10045,22.88317972156304
46495,46491,10044,10046,29.630597876690963
46499,46498,1002,1001,14.922441071602421
46500,46498,1002,9936,15.485433522821074
46501,46498,9506,1001,18.024013641789285
46502,46498,9506,9936,31.988229515611213
46506,46505,10023,10022,28.729260289040823
46507,46505,10023,10060,19.0895356088191
46508,46505,10061,10022,18.993312302993143
46509,46505,10061,10060,26.336158546683926
46513,46512,10021,10024,26.10594621804537
46514,46512,10021,10059,20.10835794222738
46515,46512,10060,10024,13.706254451388839
46516,46512,10060,10059,20.79669290483491
46519,46518,10026,10020,31.51791862625823
46520,46518,10026,10057,18.106532228836347
46521,46518,10059,10020,19.7939241955721
46522,46518,10059,10057,23.08346648680839
46526,46525,10019,10027,28.483821003395985
46527,46525,10019,10056,21.966910763650766
46528,46525,10057,10027,13.296995338144498
46529,46525,10057,10056,25.879273258362197
46533,46532,10056,10038,13.829684197607955
46534,46532,10056,10055,21.935282316267177
46535,46532,10062,10038,25.095686600460017
46536,46532,10062,10055,16.438168956217858
46540,46539,990,10063,33.88838627543387
46541,46539,10065,10062,38.859588013384766
46542,46539,10065,10073,36.253105652518784
46543,46539,10071,10062,41.04219798019049
46544,46539,10071,10063,37.45882494731494
46545,46539,10071,10073,13.307152272622327
46546,46539,10072,10062,18.716344151005853
46547,46539,10072,10063,34.49081633230794
46553,46552,9977,990,16.937395432464573
46554,46552,9977,10036,39.10719951268903
46555,46552,9977,10071,28.14767987881941
46556,46552,10069,990,21.971792049190867
46557,46552,10069,10036,21.250330040381467
46558,46552,10069,10071,20.344682185333113
46564,46563,10030,9973,32.852245656958544
46565,46563,10030,10069,21.450523732752025
46566,46563,10068,9973,21.170261117621617
46567,46563,10068,10069,26.36460455866083
46573,46572,983,9972,38.89101159762943
46574,46572,983,10032,16.900844713702117
46575,46572,983,10068,41.538822088761435
46576,46572,9971,10032,42.70381411162904
46577,46572,9971,10068,35.93234368646045
46578,46572,10031,10068,26.101088514590106
46579,46572,10129,9972,47.55481392902469
46580,46572,10129,10068,41.34560249322565
64726,46572,9971,64715,7.30780794699364
46593,46592,747,749,24.005238229367908
46594,46592,747,13414,26.339831494727058
46595,46592,9966,10066,25.63502866914743
46596,46592,9966,13414,27.7430667850723
46597,46592,10187,10066,23.637304065985358
46598,46592,10187,13414,12.796820454320969
46602,46601,9967,8249,28.884891923113603
46603,46601,9967,10035,17.863666654684927
46604,46601,9969,745,16.764833872842324
46605,46601,9969,8249,33.30240897798186
46606,46601,9969,10035,39.25884798356962
46608,46607,10027,10076,11.645430914623981
46609,46607,10027,10077,9.214694897225613
46610,46607,10027,10078,9.104995079371
46612,46611,10036,982,26.87793366756457
46613,46611,10036,10188,20.3533156298367
46614,46611,10073,982,29.130537630880944
46615,46611,10073,10188,33.75694406963902
46616,46611,10077,10072,16.696865573013916
46617,46611,10198,10072,20.747994839286104
46625,46624,1326,1328,24.708445847167862
46626,46624,1326,9836,14.543046254739158
46627,46624,1326,9996,19.8707588218286
46628,46624,1327,1325,24.413032606540657
46629,46624,1327,9836,19.127069147373152
46630,46624,1327,9996,12.406949896560636
46631,46624,9986,1325,23.589550452862927
46632,46624,9986,1328,5.126988442457703
46633,46624,9986,9836,20.61732128777691
46634,46624,9986,9996,16.351462697817986
46635,46624,9995,1325,11.069516654718473
46636,46624,9995,1328,20.065411933040835
46637,46624,9995,9836,14.766019401689562
46638,46624,9995,9996,18.724416837258396
46642,46641,1328,1330,30.581020937771168
46643,46641,1328,9984,24.050011103710194
46644,46641,1328,10002,10.830386075408649
46645,46641,1329,1327,30.239085993056676
46646,46641,1329,9984,18.608874211477826
46647,46641,1329,10002,25.066571577483064
46648,46641,9983,9984,23.25666526893598
46649,46641,9983,10002,13.939262531201912
46650,46641,9998,9984,20.111989115749036
46651,46641,9998,10002,19.348172158218624
46655,46654,7807,9952,35.52675814877759
46656,46654,7807,10052,35.29196635555992
46657,46654,17006,9952,37.68842431048601
46658,46654,17006,10052,28.579983165145997
46659,46654,10053,9952,15.127071778011695
46661,46660,9936,9937,12.722093872299123
64763,46660,64751,64752,17.089608748808192
65683,46660,64751,9937,10.77053448178837
46664,46663,8622,8805,20.529078510573246
46665,46663,8622,9530,29.24276125194013
46666,46663,9686,8805,20.976425275239286
46667,46663,9686,9530,19.811718940430836
46669,46668,8345,8342,40.53062217346988
46670,46668,8345,9307,38.590812179315535
46671,46668,9546,8342,28.906095798462076
46672,46668,9546,9307,17.7450929902831
46674,46673,9298,9706,16.533468015271144
46675,46673,10189,9706,16.937866060934457
46679,46678,9570,9882,9.075743887122984
46680,46678,9570,10098,11.144871528585428
46681,46678,9883,9882,16.05539400840995
46682,46678,9883,10098,8.576075372898146
46686,46685,9561,10086,5.2861661593947655
46687,46685,9561,10099,6.1795781596328565
46688,46685,10085,10086,15.305425859927674
46689,46685,10085,10099,8.631888083924196
46693,46692,9581,9884,8.09209471070117
46694,46692,9581,10100,10.523883047586676
46695,46692,9885,9884,15.04005771282788
46696,46692,9885,10100,10.11245839752246
46700,46699,9595,10088,12.543195296359857
46701,46699,9595,10101,7.814813508842349
46702,46699,10087,10088,23.165644574229272
46706,46705,9609,9886,11.443419911263215
46707,46705,9609,10102,11.908417401570143
46708,46705,9887,9886,21.167864325933525
46709,46705,9887,10102,12.61392781056534
46713,46712,9622,9887,10.807428099977896
46714,46712,9622,10103,11.804075125738025
46715,46712,9888,9887,19.549595483834185
46716,46712,9888,10103,14.016935737080662
46720,46719,9641,10091,14.571513128090283
46721,46719,9641,10104,7.806226771366491
46722,46719,10090,10091,24.194823794083746
46726,46725,9657,9889,10.93708238349111
46727,46725,9657,10105,12.324336975584718
46728,46725,9890,9889,17.644705824685083
46729,46725,9890,10105,10.50922327387284
46733,46732,9671,10094,8.831804876060689
46734,46732,9671,10106,9.745274154116107
46735,46732,10092,10094,15.384581980595364
46739,46738,9685,9891,7.2125398741825695
46740,46738,9685,10107,8.333778224652752
46741,46738,9892,9891,19.547762975248112
46742,46738,9892,10107,12.442785321985085
46746,46745,9071,10097,5.831014954849683
46747,46745,10096,9072,8.2391302438869
46748,46745,10096,10097,19.21646508298672
64759,46745,9071,64751,7.591592611025408
46752,46751,9715,9946,9.702575548332788
46753,46751,9715,10109,11.708699230991426
46754,46751,9949,9946,25.00213568766421
46755,46751,9949,10109,18.333955124716546
72133,46751,9715,72127,12.347278566012497
46759,46758,9743,9940,12.685021389207597
46760,46758,9743,10113,15.617139721413338
46761,46758,9893,9940,19.16354132333249
46762,46758,9893,10113,11.310974803859796
46766,46765,9761,9894,9.886998770323258
46767,46765,9761,10116,11.06492848219123
46768,46765,9895,9894,15.792695621276442
46769,46765,9895,10116,9.481548249447357
46773,46772,9763,10117,12.462661766806868
46774,46772,9763,10118,14.311272550465402
46775,46772,10115,10117,14.028316691614055
46779,46778,9777,9896,14.648629005953788
46780,46778,9777,10119,17.464283123412354
46781,46778,9897,9896,13.905655923287771
46782,46778,9897,10119,10.025133585993068
46786,46785,9898,9792,8.690300767595604
46787,46785,9898,10193,18.463420176495656
46788,46785,10120,9792,19.801653739149963
46789,46785,10120,10193,20.73566347023449
46790,46785,10120,10209,4.1525305414521325
46791,46785,10208,10209,19.25141579204946
46795,46794,9804,9899,14.997711164302205
46796,46794,9804,10124,14.738343118395058
46797,46794,9900,9899,23.53590219880652
46798,46794,9900,10124,14.09907865332791
46802,46801,9817,10125,18.66430085531718
46803,46801,9817,10126,13.370096529672875
46804,46801,10123,10125,26.801506309337057
46805,46801,10123,10126,13.381899398255387
46809,46808,9970,9901,7.096771001504277
46810,46808,9970,10128,7.6412903505498075
46811,46808,9972,9901,17.384510235155208
46814,46813,10034,10031,15.061129418181263
46815,46813,10034,10131,8.282803287844523
46816,46813,10047,10031,6.918858985631354
46817,46813,10047,10131,8.870212207232536
46821,46820,9813,10136,5.292607082548017
46822,46820,10137,10136,9.833974395850792
46826,46825,9797,10135,6.374154570778036
46827,46825,9797,10140,8.377440416617699
46828,46825,10139,10135,15.046042726939664
46829,46825,10139,10140,8.43768052314303
46833,46832,9772,10143,9.863636532753782
46834,46832,9772,10145,12.881109392198983
46835,46832,10142,10143,15.431273646762516
46836,46832,10142,10145,8.207821450849233
46840,46839,9769,10144,9.534708948368957
46841,46839,9769,10148,11.852242916528434
46842,46839,10147,10144,16.856945423030062
46843,46839,10147,10148,8.46883853965166
46847,46846,9754,10149,8.264138815198997
46848,46846,9754,10151,10.590333412946588
46849,46846,10146,10149,15.498160642314541
46850,46846,10146,10151,9.344922268428604
46854,46853,9321,1048,14.76245406597527
46855,46853,9321,10153,16.864411075010235
46856,46853,10154,10153,24.725504814846822
46858,46857,1044,1045,19.743386375672483
46859,46857,1044,3123,7.7382838506729135
46860,46857,1044,9856,18.07894619046771
46861,46857,3122,9856,21.802072655738744
46862,46857,9852,3123,20.433032815186312
46864,46863,9319,10156,7.177535411122962
46865,46863,9319,10157,7.394473730017962
46866,46863,17009,10156,10.05967641004183
46867,46863,17009,10157,16.1663897089572
46871,46870,9344,10158,16.750918370722456
46872,46870,9344,10161,9.769444377907691
46873,46870,10160,10158,23.105370628443282
46874,46870,10160,10161,9.07872271024014
46878,46877,9370,10160,14.726740617737182
46879,46877,9370,10163,11.51193800289421
46880,46877,10164,10160,21.80116888130437
46881,46877,10164,10163,9.727955112844576
46885,46884,9399,10165,6.802411098951438
46886,46884,9399,10166,5.829800351211637
46887,46884,10162,10165,13.125410545302683
46888,46884,10162,10166,18.202448804186336
46892,46891,9455,10171,4.383542901020102
46893,46891,9455,10172,7.59114913177255
46894,46891,10169,10171,10.270679399966257
46895,46891,10169,10172,17.84723817816311
46899,46898,9482,10173,16.76168868780725
46900,46898,9482,10176,10.068632910395225
46901,46898,10175,10173,22.919088087974096
46902,46898,10175,10176,12.209673469466448
46906,46905,10083,9390,20.756691741067936
46907,46905,10083,9619,6.719026776716899
46908,46905,10180,9390,19.975962863091436
46909,46905,10180,9619,9.902628068975975
46912,46911,10184,9807,11.990905024746096
46913,46911,10184,10137,15.872256112194991
46914,46911,10185,9807,7.559873385720532
46915,46911,10185,10137,5.781750556770485
46919,46918,9409,10184,11.662410853472695
46920,46918,9409,10186,15.360292368323327
46921,46918,10135,10184,22.941261718772623
46922,46918,10135,10186,15.59662487429555
46926,46925,10199,9384,30.12059143890655
46927,46925,10199,10201,22.398081264562986
46928,46925,10483,9384,48.28598627772368
46929,46925,10483,10201,28.216517955664518
46932,46931,9412,10202,26.917606590967647
46933,46931,9412,10484,36.98416978356442
46934,46931,10201,10202,33.0462841947913
46938,46937,8145,10203,35.96930482264169
46939,46937,8145,10533,24.212286557879164
46940,46937,9466,10203,32.67194505506736
46941,46937,9466,10533,54.443471911050906
46945,46944,9924,10204,19.40720140739286
46946,46944,10181,10204,16.072158111182976
46948,46947,9978,9855,25.136981832450843
46949,46947,9978,10132,15.450374895514665
46950,46947,9978,10195,29.050002069442908
46951,46947,9978,10210,26.320787333272513
46952,46947,10055,9855,51.78916739697784
46953,46947,10055,10132,36.497698876388014
46954,46947,10055,10195,55.39701002916432
46955,46947,10196,10195,39.19395270817703
46956,46947,10197,9855,60.72084054140657
46957,46947,10197,10132,50.140272402898425
46962,46961,9854,10194,42.795775960089934
46963,46961,10195,9441,28.456718416872132
46967,46966,1020,9976,21.39034150029671
46968,46966,10194,9976,16.44660072359206
46969,46966,10194,10065,26.885226156543965
46970,46966,10210,9976,16.669845675990356
46971,46966,10210,10065,14.097413340025483
48884,48883,11095,11097,16.43510443812178
48885,48883,11096,11097,14.6407751690271
49105,49104,11104,14666,10.447894473482789
49106,49104,11104,17001,8.210359305448126
49108,49107,11105,14671,13.933232478735595
49109,49107,11105,17002,9.244344521009715
49111,49110,11101,14669,8.185785835587136
49112,49110,11101,11100,13.107309882118935
49113,49110,14666,14669,25.152597299631218
49114,49110,14666,11100,16.898017760288184
49119,49118,11102,11104,0.0005234124107757367
49121,49120,14669,11105,6.545202782197681e-05
49123,49122,14667,12080,0.0006905528834006945
49125,49124,14665,11106,8.865370458056345
49126,49124,14665,11107,10.069865059982824
49150,49149,14664,11108,0.00028995720533306894
49152,49151,11107,14659,10.962446443540284
49153,49151,11107,11130,5.931410688458747
49154,49151,11108,14659,7.454583404185461
49155,49151,11108,11130,14.169696077061106
49159,49158,14659,11115,9.261003196159578
49160,49158,14659,14661,17.852860591998123
49161,49158,14659,14658,21.17778829331445
49162,49158,11128,11115,18.90618641725718
49163,49158,11128,14661,13.101801706485059
49164,49158,11128,14658,7.189691911533789
49168,49167,11129,11131,0.00023460072323570793
49170,49169,11130,11102,8.93758762729183
49171,49169,11131,11102,33.38576316325399
49175,49174,17018,17017,11.774949028784842
49176,49174,17018,11132,14.52588056193371
49179,49178,11123,11133,1.0564208559527395
49181,49180,14658,11121,89.10161951150725
49182,49180,14658,14656,84.28107647314924
49183,49180,14658,11127,34.06803770824908
49184,49180,14658,17000,59.18764792074155
49185,49180,11120,17000,70.31492816103678
49186,49180,11120,17018,76.22084763282155
49187,49180,11122,11121,52.74520131434675
49188,49180,11122,14656,67.6480258357345
49189,49180,11122,11127,71.3528917156343
49190,49180,11122,17000,62.34025130544294
49191,49180,11122,17018,66.89096422092626
49192,49180,11133,11121,16.594856019784896
49193,49180,11133,14656,9.92112258262113
49194,49180,11133,11127,64.35356596184461
49195,49180,11133,17000,96.22672163250463
49196,49180,11133,17018,99.27438970980207
49282,49281,17020,11128,25.710229996088035
49283,49281,17020,11129,10.672993648166562
49284,49281,11132,11128,7.941283031408372
49285,49281,11132,11129,27.831325173098374
52320,52319,11100,11098,17.338809773115106
52321,52319,11100,14665,11.75483967234563
52322,52319,12080,11098,9.52646857221382
52323,52319,12080,14665,20.183517789482025
54764,54763,10051,17006,16.516760133386917
54765,54763,10177,17006,13.0998431767116
54766,54763,13232,989,21.65501369326304
54767,54763,13232,10054,27.501006616235575
54768,54763,13232,17006,42.87999849521301
54769,54763,17004,989,29.47735952247928
54770,54763,17004,10054,28.441516354014794
54771,54763,17005,989,30.973987419553843
54772,54763,17005,17006,22.248461867996664
54774,54773,9572,9531,35.56144905006423
54775,54773,9572,10720,69.00564757307599
54776,54773,9572,13219,74.2449468659974
54777,54773,9572,13224,44.77530303629982
54778,54773,13221,10720,25.75706786165216
54779,54773,13221,13219,51.53636690848143
54780,54773,13225,9531,51.302877182739394
54781,54773,13225,13224,51.41641284121733
54783,54782,13256,13257,9.707931446188358
54785,54784,13236,9744,40.051758773831565
54786,54784,13236,13237,23.720088024003893
54787,54784,13238,9744,27.751341276255587
54788,54784,13238,13237,29.211178291886238
54790,54789,8263,13239,12.424821755832584
54791,54789,13244,13239,18.661553918603154
54793,54792,750,751,24.937263683345186
54794,54792,750,9967,13.810263625426215
54795,54792,8271,9967,33.796327134214884
54796,54792,8271,13246,20.457975141557096
54797,54792,13245,9967,23.834759917478824
54798,54792,13245,13246,24.164173368941196
64769,54792,8271,751,28.40600394762031
54800,54799,8251,8252,32.22949218736917
54801,54799,8251,13250,26.033377077966815
54802,54799,8251,13251,16.9276315699182
54803,54799,13249,13251,20.359577078539072
54804,54799,13252,8252,17.025226542938075
54805,54799,13252,13250,21.1976025283505
54807,54806,8707,8250,28.592674315737664
54808,54806,8707,8261,27.076583032532724
54809,54806,8707,13240,19.69020631375534
54810,54806,13239,13240,26.701791942164082
54812,54811,8260,8679,24.5686623676224
54813,54811,8260,13242,13.924415455546052
54814,54811,13240,13242,20.71079508150052
54816,54815,8242,8241,30.927458534015244
54817,54815,8242,13236,22.809458742593655
54818,54815,13234,8241,15.988642975267302
54819,54815,13234,13236,19.84569152931455
54821,54820,16845,13234,19.87392265673079
54822,54820,16845,13243,17.83882841985707
54823,54820,13242,13234,11.772130511626674
54824,54820,13242,13243,27.09104963204231
54825,54820,16844,13234,28.659248462935103
54827,54826,8241,13232,34.9789750646947
54828,54826,8241,13233,28.601764808607218
54829,54826,13235,13232,21.359914369070538
54830,54826,13235,13233,36.597930337928325
54831,54826,13243,13232,42.27725220844159
54832,54826,13243,13233,15.778839709477559
54838,54837,13231,13213,2.6071694270965837
54840,54839,8358,13212,43.28287355553413
54841,54839,10834,13212,42.094272936644266
54842,54839,10834,13230,37.579764594620045
54843,54839,10834,13419,71.0965564864922
54844,54839,13213,13230,45.04493045976192
54845,54839,13213,13419,33.41136669367806
54846,54839,13421,13212,47.892941597507054
54847,54839,13421,13230,42.72673805510434
54848,54839,13421,13419,15.4172414705215
54850,54849,8357,13215,49.25362036143888
54851,54849,9934,8356,41.56937918158112
54852,54849,9934,13215,63.72480195610044
54853,54849,10798,8356,52.396029095415415
54854,54849,10798,13215,18.280912070980193
54855,54849,13230,8356,50.21228024125772
54856,54849,13418,8356,46.77313098634522
54857,54849,13418,13215,54.00049346439574
54859,54858,8354,9599,63.60333573418298
54860,54858,8354,9944,55.51034876591754
54861,54858,8354,13216,37.75741151754638
54862,54858,13229,9599,35.793627492210774
54863,54858,13229,9944,29.11203832813607
54864,54858,13229,13227,43.73632941498656
54866,54865,8352,8353,56.60127623577314
54867,54865,9542,8353,65.82513820213268
54868,54865,9542,13226,62.03252381432979
54869,54865,9585,8353,64.60905102437788
54870,54865,9585,13226,49.849950605027935
54871,54865,10757,8353,46.340805512364156
54872,54865,10757,13226,39.879391442986055
54873,54865,13227,13226,55.38407085974619
54875,54874,10723,9537,102.96203998441447
54876,54874,10723,9564,103.48945844659983
54877,54874,10723,10739,16.99859280026068
54878,54874,10723,13218,75.18499452967572
54879,54874,10723,13225,52.74172996012926
54880,54874,13219,10739,33.188930097444924
54881,54874,13219,13218,64.96875247244756
54882,54874,13226,9537,39.74963001701666
54883,54874,13226,9564,47.87659192032595
54884,54874,13226,13225,66.14827351344736
54886,54885,9519,13221,59.96256670157992
54887,54885,9519,13223,53.996388578438825
54888,54885,9551,13221,58.40931701066656
54889,54885,9551,13223,46.3143840831467
54890,54885,13222,13221,36.0994764282118
54891,54885,13224,13223,38.28719403531892
54970,54969,14070,13310,6.076009157074064
54971,54969,14066,13310,7.584222030895122
54973,54972,13310,14069,3.1001449499842826
54974,54972,13310,14068,3.1222761462623168
54976,54975,13311,13312,0.19674138831903948
54978,54977,13312,13313,0.36086061747102527
54980,54979,13313,13314,0.5534423986564841
54982,54981,13223,14067,4.512358621702949
54983,54981,13223,14062,12.843657494814181
54984,54981,14063,13222,6.759305221202745
54985,54981,14063,14062,14.61592011698734
64748,54981,14063,14067,21.394455645488893
54987,54986,14062,14070,5.913005030623505
54988,54986,14062,14061,7.49456831422773
54990,54989,14061,14064,25.387945191974392
54991,54989,14061,14060,16.530571622120277
54992,54989,13315,14064,16.157288380910074
54993,54989,13315,14060,24.161956149576042
54995,54994,14065,14059,18.732344324190375
54996,54994,14060,11068,15.004871891968305
54997,54994,14060,14059,15.143069090467435
55028,55027,13314,13325,0.11788021675505528
55300,55299,13417,13418,30.612530585689864
55301,55299,13417,13421,22.841967820758487
55302,55299,13420,13418,19.579541520097845
55303,55299,13420,13421,23.624758209762536
55305,55304,9945,13416,28.69633502270744
55306,55304,9945,13420,24.76152644965936
55307,55304,16996,13416,19.365701112070866
55308,55304,16996,13420,27.80849345899475
69624,69623,10084,69622,9.228566197720603
69625,69623,10084,69616,8.81270722218231
73548,73547,11073,73546,2.5906964174930756
