id,from_x,from_y,to_x,to_y,length,out_ang,num_lanes
512,429868.9038171978,4583001.461502652,429970.8252431096,4583057.88662611,109.22396690785949,2.6829675576666587,3
513,429850.1900336961,4582991.9234756995,429970.3747455669,4583057.554724786,129.66822593110498,-0.4600072479441128,3
514,429847.7154381173,4582972.558989856,429969.38126408914,4583038.697414325,133.57267587510847,-0.4725435279517951,2
516,432543.6724153326,4582814.546906582,432591.3395419828,4582820.687653776,47.6496085276876,3.138638304364765,2
593,432651.3327648137,4581709.629426807,432747.9786607157,4581719.681225968,96.55354005572126,0.010899181465646036,3
594,432703.4471752408,4581723.3741391525,432747.3951453585,4581732.721847128,43.87797213813867,-3.1336616883180937,3
595,432566.411512964,4581667.102892003,432585.0514875012,4581688.693796013,22.67295896574764,0.9108772679967035,2
596,432572.8186371251,4581660.030921336,432592.9326865282,4581678.537929358,18.506432529733043,0.6655768170403525,3
597,432587.257619859,4581671.5543261105,432620.0671693743,4581701.162141059,35.30018092002986,0.6992096452263311,3
598,432614.5324208091,4581694.07273942,432636.85116706986,4581713.698242442,21.03736090884521,0.6265223154584451,3
599,432565.3988359363,4581757.497000615,432585.4541381892,4581779.386372268,23.738946837684516,2.2830198529903893,2
600,432536.2432334331,4581775.00125337,432569.5678175142,4581794.753475344,33.95883078092324,2.7065786018141083,2
601,432470.04480415594,4581766.686354442,432494.6220544182,4581788.353395732,26.85993594503435,-2.4550050009234745,2
602,432651.2835960487,4581635.525580507,432665.19310226536,4581655.784824029,19.59683227691326,1.1219345194389372,2
691,432551.97281512985,4582676.819863427,432627.818431276,4582696.433253367,77.02454672085489,0.21834508577161021,1
694,432552.2019887902,4582667.601714905,432654.876621209,4582677.321334249,102.52435921942637,-0.0363269468159173,2
737,432120.35225165996,4581917.587841134,432130.06845368026,4581933.909618643,15.928356539828851,1.5252301196828852,3
738,432248.48030389607,4581755.435671898,432251.65031422314,4581829.073432884,73.63103010434375,-1.5684872666672762,1
739,432247.260809542,4581715.3008853635,432253.4341162532,4581741.85908887,26.519531249912795,-1.5642563824005797,2
740,432248.4142768441,4581690.656903972,432254.4947221163,4581703.016192383,12.320312499437948,-1.5642563824001456,2
741,432251.90866620495,4581479.762887724,432258.10026996216,4581670.261489573,190.49266312157874,-1.5697904779524385,2
742,432139.57409176184,4581631.065324895,432244.85584341764,4581682.789231359,112.7442648693516,0.42271555337016625,2
743,432123.2139040523,4581346.485059158,432130.64530838886,4581611.091943167,264.578293756378,1.576206820303321,2
744,432011.6177846315,4581573.76815688,432114.68226098834,4581623.592054073,109.97724132919998,0.4149132908539703,2
745,431732.42949454335,4581469.0728129465,431838.173051626,4581533.50009827,121.18308562021365,0.5356072885674795,1
746,431862.4351032256,4581537.868830961,431976.93300081906,4581573.388991688,116.81478619558946,0.2572262050002836,2
747,431840.6475721848,4581595.414380674,431846.7809191525,4581699.194834099,103.77282888385596,-1.5695112894709344,2
749,431839.7365991595,4581549.111965104,431845.88237634994,4581571.460785976,22.310058594214574,-1.5642563823980904,2
750,431839.7177679601,4581453.3580509005,431845.7270586002,4581524.957589357,71.59876049611027,-1.5709260872909154,2
751,431840.93264694,4581325.594070879,431848.2072100839,4581428.492404122,102.83184341743426,-1.5583968889744404,2
752,431841.51284656924,4581094.281499172,431848.6944024665,4581293.81438353,199.5008454008735,-1.5767194498483357,2
753,431850.7192028057,4581053.249162114,431866.737381463,4581069.091754953,10.62081443315392,2.2660498146792967,4
754,431812.7756702047,4581050.142541166,431827.7438467711,4581064.26511405,10.536224152652741,-1.9353996244541096,4
755,432263.27431808045,4581473.55878275,432381.6319501354,4581594.57432952,163.2744848156738,-2.3442442094112947,2
756,432132.1266014117,4581341.695378125,432246.74948303675,4581457.517856582,156.95204954638572,-2.3505751725284716,2
757,432002.55159054574,4581209.312401903,432096.87336068286,4581304.444587781,127.96565570885822,-2.351496015271856,2
758,431880.59563261067,4581085.462248026,431982.1507439256,4581186.267346896,137.09144782842853,-2.36024006556125,2
759,431876.70116151695,4581064.398567031,431983.43184830534,4581171.6471580025,145.30672115916232,0.7880269955071786,2
760,432007.7314495872,4581195.208407763,432110.3516202769,4581299.5090641305,140.3208457985962,0.794244878973748,2
761,432137.2978252617,4581328.947031851,432249.9745128606,4581440.688156741,152.68897079336597,0.7808883152845159,2
762,432389.22038028593,4581547.604586308,432397.4433365794,4581585.645547735,37.75211874210977,1.5116004274122607,2
763,431815.8949972585,4581019.938960174,431830.94697834516,4581035.327626179,9.634650816532123,-0.684577533743057,4
764,431849.02119594393,4581020.366023652,431868.62216425914,4581040.042173271,15.775869492381318,0.7994778254686521,4
765,431864.7358736452,4581077.38035571,431883.9305135126,4581090.331900327,18.34132374382336,-2.7220020335757646,2
766,431835.8843456173,4581062.5575873265,431846.5966681289,4581075.196280119,9.930223451998963,3.074505943349489,4
767,431831.5846164113,4581077.677280981,431846.96687971416,4581096.024801118,18.210188441998817,-2.183617517248723,2
768,431748.4602914783,4580936.610546086,431827.26850955427,4581014.104502987,98.52870269979688,0.7746579023451888,4
769,431734.5035316396,4580952.843615838,431812.8755258178,4581031.476214922,99.01926150009635,-2.3540768483053256,4
803,431734.16602866864,4581041.917257057,431807.20602916146,4581051.036593475,73.0253889456227,3.1399583111602447,3
980,429107.55623903376,4583392.971404862,429116.7538321766,4583408.560983224,15.475506365630318,-1.5579800926071734,3
981,430319.3250703716,4582789.386753428,430342.81002905883,4582806.800592447,23.799505458816547,-0.5418139887181802,2
982,431956.77753465396,4582005.060173257,431980.7245478373,4582014.147243032,23.91438136273385,-0.003643401911657804,3
983,431847.77260634885,4581704.443523576,431859.85875751084,4581717.734126048,13.212406250621004,1.5773362711936323,4
989,430326.0111555533,4581523.156191304,430329.69379471964,4581566.000462282,42.8018478161609,1.5548378999507892,1
990,431844.792675676,4582019.102257283,431851.382016222,4582044.97123702,25.73800942067028,1.5478351864936961,2
991,428361.98793688015,4581709.576877184,428368.186863507,4581719.054010911,9.350752754077666,-1.549373591958099,2
992,428493.702178634,4581737.4116207715,428505.7794252371,4581749.340677751,11.850831639961822,1.5773362711830574,4
993,428629.4810376384,4581708.392157195,428635.5324248167,4581720.780338129,12.363324214603972,-1.5749569601607023,2
994,428765.2350216944,4581737.422654283,428771.26679335977,4581747.679398655,10.238157236763008,1.5739024189548392,2
995,428896.8055147987,4581708.32290776,428906.543766045,4581721.8264603,13.003991640160947,-1.5128303308700628,3
996,429030.32858424925,4581709.763322287,429039.8062690954,4581721.741904828,11.612416753188096,-1.5289706187435448,3
997,429162.81748346175,4581737.119912285,429175.02272621775,4581748.791132263,11.456049804469025,1.5888843292210908,4
998,429299.50733011763,4581709.559756596,429308.69428381795,4581721.397402597,11.694383326370792,-1.58688322348165,3
999,429432.5500258864,4581737.708729209,429441.6112223489,4581748.608894737,10.849455016114486,1.565142528217791,3
1000,429566.58642523346,4581709.4048792,429578.7799644237,4581721.569485424,11.970583605777252,-1.587098146343456,4
1001,429700.44189537916,4581736.04539543,429712.50672850845,4581746.479347702,10.358777227830064,1.564514667246575,4
1002,429700.80138874636,4581711.616079279,429712.8635878086,4581721.244302263,9.549948438361284,1.5773362711920131,4
1003,429968.33378500555,4581708.880729945,429986.4016541771,4581719.434796011,10.436571095377277,-1.5642563824066995,6
1004,430157.2653484316,4581706.838439611,430177.17364490405,4581725.40933896,19.379215273728487,-0.029878369302645515,6
1005,430158.01419079944,4581733.376179387,430175.86718751356,4581741.445577352,17.24748076818156,0.12291653957341755,2
1006,430160.2537690677,4581745.421101804,430173.6668264198,4581754.608407521,13.28690563954889,-3.127427205978258,3
1008,430177.2640916189,4581725.32369417,430186.3019299967,4581735.468150778,10.110789974612937,1.5745449658198762,3
1009,430314.51523898344,4581740.744953562,430329.0682406874,4581746.9708034955,14.460762660220716,-0.015669699841065237,2
1010,430314.55013614515,4581747.633520687,430326.3619569184,4581753.834868278,11.709941305725597,3.1243207841540994,2
1011,430308.4176568182,4581701.623684933,430328.8376019621,4581720.042595784,20.044628659997972,0.021100371825855085,6
1012,430315.2720350731,4582164.466037769,430323.9886444062,4582216.187351247,51.47586532206888,-1.623758950162625,2
1013,430345.10588464956,4582098.933806697,430353.7772819218,4582131.107110606,31.779169233498028,1.485954198340891,2
1014,430329.54133384576,4582409.996945251,430336.2795580777,4582422.141557824,6.465704011834155,-3.1187399570403485,4
1015,430334.20409540116,4582545.616755897,430340.31360633334,4582554.656134919,6.050781250004446,-3.135052709156005,3
1016,430503.9275524509,4581708.793411236,430515.98906664667,4581718.31691517,9.445227149561646,-1.5642563823960023,4
1017,430639.11976802733,4581735.132031607,430651.18457852834,4581746.614117201,11.413927762774946,1.565101050788657,4
1018,430909.6450001326,4581735.091524478,430915.86370834586,4581744.826127591,9.599442885016233,1.5937463665468947,2
1019,431995.88584502146,4581976.96153176,432006.32077507075,4582003.62155241,26.202503192560613,-1.626113000767665,3
1020,431733.6249336794,4582105.194009331,431761.6698013623,4582115.745114982,27.425225705905444,2.9716797970598128,2
1021,431168.04825009615,4582365.172294096,431190.9838272558,4582386.729143799,18.11965591466285,-0.4675693774659114,5
1022,431122.1593787904,4582382.739437245,431161.40470009856,4582412.007735803,40.69322246062107,-0.560920529190319,3
1023,431108.24965323566,4582375.5884384625,431159.2083759999,4582408.973498132,55.60439651997644,-0.5321899186687771,2
1024,431191.14347669797,4582375.07482966,431208.30058065255,4582399.092773485,21.8399326930505,1.4423630581297968,4
1025,431164.66715883644,4582403.47673091,431197.89021034807,4582423.096667845,31.417618401482876,3.066784493021835,5
1026,431164.31714449456,4582419.215311461,431198.5400376668,4582431.088438492,33.69288308389397,2.963523648090905,2
1027,431155.53320294264,4582387.778330493,431171.07340342534,4582409.2048671115,19.481418962654324,-1.1937630818793743,3
1028,431042.3242505339,4582443.666486396,431051.893486834,4582453.284730665,9.052532725302491,-1.5057677147392885,3
1029,430911.27759682864,4582539.203357597,430917.61347548774,4582547.786745891,8.34526618849212,1.5299370831387484,2
1030,429969.7066999248,4582975.079940986,429985.0817759452,4582987.114663687,11.542927298309564,-1.6040132920970827,5
1031,429567.55659734434,4583208.541454444,429582.6153687555,4583217.675004211,9.03564453188579,-1.564256382399913,5
1032,429567.46047119534,4583181.0764280455,429579.5430630794,4583187.636146055,6.403573439924061,-1.5838542390694823,4
1033,429253.3025913339,4583364.469795298,429262.35564513376,4583372.663366087,8.134835518318061,-1.5773418775029797,3
1034,429253.0151152563,4583336.388546245,429259.1851747683,4583344.919104722,8.41008987182826,-1.5504260134805148,2
1035,429433.6259530823,4583274.888815272,429442.7021428345,4583282.781142865,7.804341155117735,1.5806145506682154,3
1036,429433.1814571571,4583244.844558635,429442.3727572018,4583253.758537143,8.716310085951102,1.5930000315443105,3
1037,429701.31929238595,4583107.260851806,429713.8446617818,4583121.281331082,13.55775843120222,1.6102456499716362,4
1038,429702.77500107547,4583140.855133089,429714.856396867,4583153.418618883,12.48527402179509,1.577336271194675,4
1039,429868.5728817717,4583060.450837271,429873.244865561,4583067.368289071,6.326168653734902,1.283047984437424,1
1040,429971.0146128378,4583006.003956349,429986.2996985771,4583017.995912781,11.621590307301407,-1.5957308223665072,5
1041,430049.80695968814,4582967.206066658,430063.7383470465,4582978.605169026,7.724605501902098,-1.9240554174078603,4
1042,430041.88720089756,4582945.139455802,430049.06051710923,4582952.355968523,6.056937034241481,-1.7899555197561152,2
1043,430066.0931824123,4582971.55244346,430074.24976301583,4582979.605302957,6.212468531024826,2.708635136895874,2
1044,430506.1456041117,4582740.952427529,430518.22202502564,4582752.362068571,11.32865971575758,-1.5775664574825243,4
1045,430506.03778583417,4582713.06179248,430515.420050177,4582722.144331789,8.685796888365303,-1.6158744657052004,3
1046,430597.68650322827,4582657.230335779,430643.00402347534,4582686.018093632,46.19626836766558,-0.46574920005579457,3
1047,430613.06461088854,4582667.30096213,430644.05818081304,4582688.5259809075,30.081486873460058,2.6900126795564088,3
1048,430568.7938474488,4582681.678424306,430582.2577712836,4582688.466777764,13.122753135561071,0.06096241171860537,2
1049,430618.54756055475,4582685.783676874,430631.2069206274,4582692.027646748,12.544517181513493,0.019540885755384475,2
1050,430641.1806191353,4582646.14793896,430650.2400806996,4582652.477641088,6.2436813837371945,1.5803862343619104,3
1051,430643.06136081484,4582674.2179995915,430655.12454683386,4582680.937896426,6.604381378618918,1.5611442525135166,4
1052,430773.644954221,4582578.504644351,430782.85745904647,4582587.316867003,8.589292298658025,-1.5958689517487736,3
1053,431175.4257231381,4582549.000884453,431191.52215519303,4582552.251724614,16.051447440708017,-3.125941863724515,1
1054,431313.7699506016,4582338.574893554,431322.87914851203,4582348.702996554,10.030238145269779,1.5817371187199343,3
1055,431410.99789309845,4582253.538925015,431447.73312207736,4582279.250848967,36.97726247908137,-0.5030550660184362,3
1056,431426.403650608,4582263.679044087,431447.7387297512,4582280.7156453375,19.37737712905269,2.653447814409149,3
1057,431430.4209425687,4582278.0639561,431441.3999744276,4582290.4831211185,10.49716330931355,0.040898618607597824,4
1058,431578.71085692156,4582205.190179008,431588.28939800983,4582216.18511663,10.503670073471557,1.514320304961555,3
1136,429426.4464314513,4581375.475872469,429442.55709132896,4581388.506110575,17.83160141160691,2.5035888264050725,1
1167,429183.1604940017,4581005.598923629,429230.0218001834,4581013.672198952,46.81270469554197,0.10896953690215418,1
1208,429483.97347792314,4581418.966850282,429507.8491063941,4581426.733152094,23.761806013000207,2.936945976513139,1
1217,429350.72167312755,4581306.107252897,429381.3700497515,4581330.556841669,36.302061327396416,-0.653395518154817,1
1236,429605.02615123126,4583212.418811704,429697.83667490014,4583216.321674169,92.78572141122585,3.1318603501529756,1
1237,429580.65925760847,4583211.143871988,429596.92681349756,4583223.816512227,15.278004502822736,2.6337236241988418,2
1238,429702.9667132451,4583163.9381695455,429715.3751451645,4583208.8058516085,44.759916486088954,1.5799325912281048,4
1258,429046.9375723061,4581386.40260978,429160.4742955933,4581390.144951753,113.51953124996938,0.006539944394722717,1
1259,429030.4205237439,4581325.208786787,429036.665739684,4581382.178857972,56.94475629202375,-1.5751035250393404,2
1260,429165.9005028407,4581319.006936358,429175.2045885631,4581381.694104903,62.644204318099675,1.5659404422127474,3
1297,428771.15185095114,4580935.196276026,428782.0548420326,4580978.426406345,43.415315033590936,-1.3865539059134315,1
1298,428789.05192070914,4580934.625760902,428802.2564919465,4580944.552311523,13.75016750778941,-2.57351735169035,1
1323,431879.74216751306,4582556.214266014,431992.71366785973,4582671.638139279,158.5099592218062,0.7965493814135185,1
1324,431876.72144256276,4582559.074941705,431989.93255580164,4582674.743554003,158.85246679562485,-2.3450445206623396,1
1325,432010.35751406517,4582696.839135671,432122.29984814994,4582813.733214106,158.8526300793161,-2.3337264277819796,1
1326,432013.4102408918,4582694.012850213,432125.11590860627,4582810.659766384,158.51043141385014,0.8078679378704251,1
1327,432138.75492016715,4582827.409562942,432251.9182809324,4582943.125274688,158.85279665899685,-2.34461417168628,1
1328,432141.7770993756,4582824.550362641,432254.7008491971,4582940.021333357,158.51028920231198,0.7969806602809412,1
1329,432269.98874386726,4582963.509738083,432377.3344700256,4583073.270537446,150.52778262521772,-2.344618685627469,1
1330,432273.00995170634,4582960.651253607,432380.17378079897,4583070.224351747,150.2664066657153,0.7969666433971168,1
1353,429655.7523574766,4581543.359755677,429706.26852866495,4581558.810735776,51.33881502588618,2.894798804200252,1
1373,429947.064970776,4581385.420028798,429970.67429474904,4581481.005710663,97.17288468857068,1.35636036703499,1
1499,430375.36372007563,4581212.878601419,430380.9372518841,4581344.816175926,131.90414879210866,-1.5903125175178157,1
1500,430402.13940303156,4581200.092261391,430432.5847213596,4581352.810605377,154.64846621332347,-1.7495244228405133,1
1513,430297.86579683743,4581230.222758167,430302.82938616734,4581338.211438828,107.9519672824833,1.552601250475385,1
1557,429179.83326216374,4580652.34088098,429261.3154066738,4580732.048277592,110.98591500095105,-0.7737766058819625,1
1706,430993.22760341904,4581168.692772172,431004.78438282845,4581200.571497681,32.25881880625213,-1.8428118168263616,1
1707,430905.62352787284,4581125.31946781,430911.03781247826,4581233.877412843,108.51805726940475,1.548539874254766,1
1751,432620.0430615492,4581632.418798096,432644.5709747376,4581650.74243769,25.130261923827728,-0.5540120522102111,2
1764,432591.49403951404,4581815.762228697,432646.48098225304,4581870.957301366,68.91068533002763,-2.3537379962990714,3
1766,432611.3729029343,4581795.868870894,432662.87740451127,4581847.233447433,63.739541532701324,0.7835906583573695,3
1787,432387.25634466053,4581600.298346325,432435.43291537545,4581648.7569328565,59.33191131154662,-2.352232474591057,3
1788,432396.6273499696,4581591.200134424,432445.2024903082,4581641.797605753,61.15200314748796,0.8128215244191137,3
1813,432386.2752084648,4581764.389191347,432404.14399487217,4581779.331463675,15.482019215816752,-0.4604645399078774,3
1814,432636.55732395896,4581658.823211189,432660.6707857518,4581676.632273135,22.42647265047632,2.694640828938925,3
1815,432395.23851313,4581787.552594384,432424.9609651441,4581808.229900751,30.877600595956952,2.6162084882400185,2
1970,432632.8797902707,4581706.0045702215,432648.99790324015,4581718.446421291,14.247687756494976,0.2671456475156383,3
1971,432608.5095866827,4581763.963962625,432635.31759996153,4581791.725608187,26.627641811170637,2.3100791336052895,4
1972,432614.6179723293,4581656.861323153,432632.1903670743,4581675.046327577,13.939532506214332,1.0106406357467497,4
1973,432396.53033174784,4581714.361555401,432409.18614839105,4581743.338645481,28.709211449652926,-1.593751890452419,4
1974,432397.80701077427,4581748.781358015,432412.1131771184,4581762.15060291,10.691176236899201,-1.82544209844906,4
1975,432409.1001001909,4581764.913996054,432430.2166662822,4581785.675682569,17.64173204791547,-2.4006880193255187,4
1976,432256.40984373697,4581706.789835255,432394.42660111166,4581713.692085103,137.9804687500223,0.006539944394282311,2
1977,432255.6985551923,4581743.27619815,432394.21432533266,4581750.18171156,138.47949218746564,-3.135052709197544,2
1978,432589.28746819316,4581792.411422651,432608.3664632464,4581811.271151452,14.866068747264881,2.4103175378626527,4
1987,430574.3633997174,4582812.315275264,430610.1891608806,4582824.548807211,35.74804687504184,-3.1350527092201648,4
1989,430649.4230343435,4582812.700208802,430761.6475522822,4582825.433391495,112.14843750004714,-3.135052709194175,4
1990,430531.92001556227,4582812.180275108,430565.7555849129,4582824.400791127,33.75781250002267,-3.135052709173833,4
1992,430481.9132922685,4582811.700882248,430500.4386421653,4582823.821268855,18.44726562504237,-3.1350527092129066,4
1993,430394.1158437982,4582812.381150673,430471.959527905,4582830.455290327,77.13537685690316,3.0622738976475334,4
2012,430296.88574753836,4582842.9102691505,430332.2661251364,4582865.202467811,36.76178529136626,2.661780253414649,2
2013,430171.53738709615,4582866.420808265,430285.6043701584,4582928.074115604,124.78211680146666,2.673510000100169,2
2014,430078.0735638139,4582928.1660893895,430160.3287927184,4582973.910470386,89.2080914121062,2.67167270966414,2
2021,430063.5864400936,4582909.650531231,430157.9582745169,4582962.987759163,101.05606909182782,2.6768593101112907,3
2023,430060.8140780609,4582899.480607574,430157.391504464,4582953.924496429,103.52368316725128,-0.464741418093617,3
2024,430170.8629384086,4582805.4444880895,430313.0331630619,4582880.453167462,155.90800454709142,-0.4630476784682159,2
2034,430053.1225327779,4582892.470894296,430136.3158966596,4582937.405972698,89.73447737311018,-0.4564189929991432,2
2035,430901.02038429544,4582830.5910233045,430909.84958836035,4582866.40360006,35.80518063899238,1.7354765975906992,1
2038,430522.86534948356,4582829.426599565,430532.72936167184,4582924.061449553,94.66682629422631,-1.6434508829480494,1
2041,431173.8556525869,4582679.874174296,431194.9424711416,4582692.0113130035,21.008789062524517,0.00653994433718862,4
2042,431215.48469961266,4582680.748853465,431310.2514942235,4582690.368054458,94.7099609374854,0.006539944389579278,3
2043,431330.23839276325,4582680.559385429,431380.845975505,4582689.889783516,50.549804687468864,0.00653994439954454,3
2044,431466.2660597597,4582680.80544304,431570.8021766958,4582690.48853577,104.4794921875629,0.006539944400643197,3
2078,431048.56055725703,4582832.30878551,431054.6314755261,4582877.917701431,45.599638699741114,-1.572351724106479,2
2106,431385.4676480913,4582694.768984238,431389.19178181456,4582805.521587379,110.73535156298307,1.5773362711903276,1
2135,431393.7830101105,4582680.664416103,431441.65041707794,4582689.976893336,47.80957031247607,0.0065399443814518335,3
2136,431601.24692904146,4582680.886936339,431702.5536228537,4582690.54890852,101.25000000000392,0.006539944396803098,3
2137,431601.9193901018,4582815.6523886435,431711.1760203478,4582822.366546178,109.2197265625102,-3.1350527091944214,2
2144,431212.76208862505,4582814.09265788,431247.78983756626,4582820.321355737,34.989257812524876,-3.135052709206255,2
2145,431172.6844187668,4582816.131867156,431194.3521018617,4582822.273189681,21.62890625001344,-3.1350527091736287,2
2146,431067.11086818104,4582813.417699724,431149.99714635435,4582825.9590092255,82.80957031243253,-3.1350527091892144,4
2148,430788.58410908096,4582812.566848122,430898.0293895809,4582825.281854497,109.36914062503412,-3.1350527091920135,4
2171,430766.4132418963,4582831.691543281,430771.45615719206,4582859.719713274,27.883032013394,-1.4971710182637312,1
2176,430569.1539687365,4582829.749809527,430579.36515339685,4582920.966501934,91.2654250463595,1.491597193627582,1
2177,430474.21589471184,4582829.18024094,430485.62741159176,4582928.241258209,99.16453384019594,1.485760723958715,1
2196,430292.8033809099,4582872.14071154,430295.8073305133,4583013.855714008,141.71491891247823,1.5708241968639767,1
2211,430166.1729331618,4582934.068320511,430176.0901109486,4583023.098323633,89.06642698681782,1.4929525986196357,1
2326,430614.6714140858,4582828.166912361,430629.0323391324,4582920.150272935,91.81912613073932,-1.6622555344622365,2
2487,430342.4651917301,4582843.574314614,430348.69684821763,4582851.763269379,8.017088063005591,1.5415773791458232,2
2513,431158.59191174124,4582695.038657335,431165.3149849959,4582805.658539676,110.58300781282321,-1.5642563823998217,2
2515,431198.15655345784,4582694.483811528,431207.86334054434,4582802.642897859,108.10253906244603,1.5773362711905814,3
2525,431315.3538695932,4582695.385919537,431322.043604697,4582800.908254644,105.48535156264082,1.5773362711894547,2
2532,431451.28366627416,4582696.740550923,431457.5718235535,4582740.859902306,44.08105468643101,-1.5642563824001072,2
2534,431582.5433743013,4582700.5906116115,431588.8092167341,4582741.297926591,40.66894531322955,1.5773362711892513,2
2560,430076.10466317285,4582977.658210388,430098.75441877934,4583029.455956869,52.67315190486157,1.242776447356465,2
2561,430060.4866014745,4582986.929575425,430086.8591619182,4583035.346290373,47.04591712734691,-1.8952707176139278,4
2645,431715.9178371703,4582968.752186693,431722.20903972385,4583069.083714022,100.3145311866869,-1.5736994779537663,2
2646,431715.4717892556,4582829.229117362,431722.157309191,4582934.106935001,104.84082031175119,-1.564256382399613,2
2647,431715.14878992207,4582700.042691216,431721.4212677047,4582805.923997596,105.8662131949992,-1.5733703109912662,2
2696,430506.8764349446,4582760.065311726,430519.1236885434,4582797.989172553,37.84619140690676,-1.5642563823976812,4
2716,431062.0041644664,4582676.494581564,431154.9467268524,4582689.901873363,92.77104482710767,0.015185011885433608,4
2747,430342.5214445076,4582854.612896313,430353.0549115598,4583008.092341152,153.36908207645718,1.5412157005639018,2
2748,430156.27660551405,4582886.743123211,430166.7759102528,4582896.645231839,8.227464241151313,1.3637174513451231,3
2749,430160.1388957667,4582915.027583933,430170.0582301082,4582924.882241001,8.926922659207468,1.4615889523154146,3
3121,430143.8597317757,4582883.045554067,430156.17536058946,4582892.974344622,10.801391517717638,-0.4262118612360296,2
3122,430374.23494967935,4582727.731367372,430501.27009953617,4582792.371994235,135.60016161429206,-0.42943263307248053,3
3123,430389.4551484204,4582738.0150256725,430503.78392280324,4582813.237734281,128.7557971823306,2.589201793846401,3
3124,430394.92962662486,4582757.742729838,430505.6419076758,4582818.189819664,121.23157719942849,2.6697546986899945,2
3125,430360.4483803046,4582796.33969702,430381.1492100497,4582818.768752243,18.12882163822607,1.1866544395009633,5
3126,430339.72822880605,4582800.095487009,430357.9862004576,4582825.3597882325,23.690041569979122,2.0121997815852266,3
3127,430350.3803022568,4582827.941971053,430369.4266407441,4582842.336830145,16.964143975571467,2.781926531863034,3
3128,430349.13950092054,4582819.777267264,430368.6212944994,4582834.217460346,17.453697374261747,2.791517207539615,3
3136,429984.574566113,4582941.618345369,430037.93468628445,4582970.164811357,55.872266940817106,-0.4258868450931095,2
3141,429988.276175225,4582982.486860237,430053.11337348144,4583019.203932685,69.59946316329055,2.674168814764279,2
3144,429986.1554157243,4582964.29185399,430045.28991261014,4583000.719439093,61.91598361452498,2.6644831063428054,3
3171,431737.5163222781,4582681.647143448,431811.5397653716,4582690.938814716,73.98853073016706,0.003943070452009201,3
3191,430624.7591928739,4582813.332380351,430639.7885237856,4582825.429902862,14.951171874996971,-3.135052709225751,4
3205,430314.9661140217,4582794.85327543,430348.7900809722,4582823.364835221,35.53159739171617,-0.6218197888940888,3
6939,432142.0367589452,4581303.247328399,432246.49173406605,4581309.930082928,104.41796875002693,-3.135052709193332,2
6940,432273.11081738514,4581435.133533822,432383.7255290646,4581441.993681225,110.57137419206674,0.0077808357967345055,2
6945,432010.4252069054,4581167.353294411,432105.6073422517,4581170.975596688,95.16455078119576,0.00653994439528438,1
6974,431882.62391915475,4581037.504794293,431975.0456551333,4581052.80148859,92.3740219275829,3.138379929782711,5
7193,432014.8181963259,4581171.037864627,432105.92522350943,4581174.633515544,91.08935546879663,-3.135052709187221,1
7250,431836.4025294631,4580929.989002256,431842.9078705243,4581005.67584311,75.64843826242301,-1.5641143809556282,2
7269,431848.92543984175,4580930.52630467,431855.3489988384,4581005.865905426,75.3070383079329,1.5764220450111925,2
7270,431985.1535857083,4581051.830862355,431992.8800997473,4581150.361661927,98.44066922366838,-1.588345238132591,2
7286,432114.6723510035,4581176.751941883,432122.5764737804,4581294.279267437,117.44545769626916,1.5545760691611066,2
7287,432254.7772217281,4581313.426221676,432261.2900914874,4581411.600856036,98.14461590582509,-1.5655698144798942,2
7312,432388.66081162,4581450.0832441095,432395.4381679692,4581541.5530207725,91.42205158490523,1.5793017446457835,2
7313,432518.1824267084,4581448.934070996,432525.38797539385,4581618.401217597,169.4287390825231,-1.5636799969772837,2
7336,432653.10730507283,4581453.597973522,432659.2579935808,4581614.09750884,160.49397253646913,1.5717352478797575,2
7596,432668.2378173059,4581561.501414186,432785.1251722941,4581625.869958677,126.13833357338639,-0.46280149041368546,3
7629,432672.83727264684,4581599.016054486,432782.9177659932,4581659.970149893,118.52390809962229,2.6789375559869173,3
7807,430161.2219144068,4581454.35037532,430187.3094843959,4581538.938899171,84.53353017029231,1.3649588319861428,3
7808,427965.4423747691,4581721.667246245,428079.8786706066,4581731.415086517,114.37988281253877,0.006539944395962771,3
8144,428085.3661392215,4582423.5893268585,428103.8318688938,4582494.9779817695,71.27246093805095,-1.564256382399608,6
8145,428087.2612843533,4581902.981253995,428105.9573410504,4582009.587905739,106.49121093754869,-1.5642563823997389,6
8197,428982.7921609931,4583225.012787374,429020.49026298284,4583231.25894944,37.6596679687464,0.006539944381915942,2
8198,428972.48721786466,4583139.108924522,429032.5929207155,4583219.531856289,86.44101905549026,2.1537185959836367,5
8201,429702.2198401369,4583087.645345985,429714.4905008964,4583100.893630373,12.998846174471366,1.591823866079329,4
8202,429431.74992051534,4583227.128769205,429443.8059108439,4583235.80764999,8.600585937232369,1.577336271191702,4
8241,430526.53385344276,4581440.090316895,430630.7849090879,4581452.771352845,104.17480468747601,-3.1350527091899054,4
8242,430661.3715154327,4581440.131681965,430762.8080892798,4581449.794503565,101.37988281253466,-3.1350527092032836,3
8243,430796.0572129325,4581439.6531274235,430896.67349182244,4581449.310584265,100.55957031260422,-3.1350527091934137,3
8244,430930.5344830287,4581438.952861893,431030.020814408,4581445.603121306,99.44921875001295,-3.135052709190686,2
8245,431063.9786924352,4581440.155188938,431161.50608133303,4581446.792636792,97.49023437493035,-3.1350527091984484,2
8246,431200.6431717777,4581439.941045926,431297.9108006058,4581446.57679494,97.23046874997313,-3.135052709196162,2
8247,431330.76561878814,4581440.010296628,431433.5731682029,4581446.682276931,102.7705078125022,-3.1350527092005005,2
8248,431465.7699933501,4581439.78285501,431567.4672149478,4581446.447573728,101.66015625009163,-3.1350527091887597,2
8249,431597.99048801267,4581440.097765576,431703.30872592184,4581446.786165875,105.28125000004849,-3.1350527092073843,2
8250,430925.3811029778,4581307.167146362,431031.6499385515,4581313.27395873,106.26285806068172,0.0010051999134693564,2
8251,431064.3970639594,4581307.495420098,431164.43416480994,4581314.149281563,99.99999999999258,0.00653994438944508,2
8252,431196.62372837146,4581308.36018746,431292.77126396616,4581314.988611022,96.11035156250472,0.006539944394460543,2
8253,431332.1861946635,4581307.016742933,431429.4430815339,4581313.652421694,97.21972656255373,0.00653994439724999,2
8254,431467.14179140463,4581307.2294214135,431576.1943244528,4581313.942244144,109.01562499997951,0.006539944388441999,2
8255,431595.6281612188,4581307.340800548,431707.3383862269,4581314.1479688985,111.66976589486022,3.134363013767214,2
8256,431737.4830415655,4581305.658524772,431828.78986037034,4581312.255289864,91.26953125004725,-3.135052709202361,2
8257,431873.2301963177,4581304.89491377,431982.8081087553,4581311.611172503,109.54101562494519,-3.1350527091924674,2
8258,432009.8810973731,4581308.399511484,432092.80821257236,4581314.941473,82.88964843757576,-3.1350527091953846,2
8259,430776.41751518735,4581458.00868805,430783.105845235,4581563.316184002,105.27050781327544,-1.56425638240034,2
8260,430775.62720084446,4581356.941398223,430782.1066373605,4581430.308171002,73.32910156241162,-1.5642563823992506,2
8261,430909.8420893801,4581314.929480132,430916.60497043043,4581431.636146365,116.66992187521613,1.5773362711898546,2
8262,431043.6548875514,4581319.134389969,431050.3596280165,4581426.951109601,107.77978515601922,-1.5642563823990672,2
8263,431045.0319331193,4581265.673860845,431051.2688441684,4581301.957442304,36.24511718775062,-1.5642563823997357,2
8264,431312.14034157665,4581452.782787901,431318.8487447676,4581561.159554152,108.33984375094627,1.5773362711897376,2
8265,431310.7665272083,4581322.575069408,431317.4522131958,4581427.478277131,104.86621093864031,1.5773362711899417,2
8266,431445.77934001904,4581454.87698545,431452.4804848176,4581562.143912154,107.22998046962611,-1.5642563824000615,2
8267,431444.9745056981,4581320.208851704,431451.70102772693,4581431.3560665175,111.11035156194289,-1.564256382399718,2
8268,431579.3724522213,4581454.75079849,431586.0935424308,4581565.06746466,110.27978515684687,1.5773362711903212,2
8269,431445.4794398817,4580936.423472333,431452.1006018582,4581031.46068011,95.00000000072717,-1.5642563823994973,2
8270,431580.27827639563,4581320.784332889,431587.0302363277,4581435.821112959,114.99999999989986,1.5773362711902186,2
8271,431866.62286304386,4581438.50186496,431978.862534889,4581444.688468111,112.22985042294137,-3.1399298915886327,2
8272,431848.4338890294,4581093.684857583,431858.6171254838,4581293.56779445,199.8331436691949,1.5648743803069536,3
8273,431993.9058316693,4581450.911927887,432000.62848979374,4581561.468335023,110.51953124979147,-1.5642563823992406,2
8274,431991.13763335557,4581320.17131523,431997.862367131,4581431.045098391,110.83691406215706,-1.5642563824009246,2
8275,431990.2254129223,4581215.329229963,431996.2881700274,4581296.451983974,81.1181362510613,-1.5715699997362218,2
8276,432125.01307421917,4581638.400083971,432131.4012267909,4581697.809147434,59.3710937492232,1.5773362711894368,2
8277,431717.35014878324,4581064.430371642,431724.8796348626,4581298.354257652,233.88964843775628,-1.5642563823997557,2
8278,432014.9004598247,4581871.243202342,432107.9982559531,4581877.851680493,93.06054687499257,-3.1350527091966485,2
8279,432121.0407614708,4581760.029156765,432130.66911768354,4581856.195823783,96.10986328204694,1.5773362711896903,3
8280,432275.40306914,4582004.730119191,432374.9099967544,4582014.380320834,99.4501953125613,0.006539944403038712,3
8281,432120.16159420396,4581883.062572936,432129.2541098959,4581897.296910112,14.17578125030689,1.5773362711875258,3
8282,432132.3583122357,4581875.542448673,432185.61041796335,4581905.817875795,56.39444237414057,-0.45713864157315354,2
8283,432254.50279183715,4581886.720302138,432261.2331394507,4581998.45246538,111.69531250044957,-1.564256382399923,2
8284,432384.0104674724,4581822.838070567,432391.143935279,4581996.209052332,173.3354492198865,1.5773362711898389,2
8285,431462.46700043516,4581041.252859377,431566.96307916474,4581050.935690256,104.43945312493003,-3.1350527091911564,3
8286,431597.78140916047,4581041.4781386275,431702.7447630533,4581051.164025502,104.90673828126073,-3.135052709199683,3
8292,431579.32973190036,4580937.329369738,431585.9871890322,4581037.916263518,100.54980468784387,1.5773362711899734,2
8293,431714.05253829795,4580955.623235217,431720.530582531,4581028.777121924,73.11621093697312,-1.5642563824003914,2
8294,432521.8361878902,4582963.727238343,432528.5254184512,4583069.1724266615,105.40820312466634,-1.564256382399796,2
8295,432520.4921264137,4582834.554357289,432527.1514165051,4582935.421518513,100.83007812509993,-1.5642563824001907,2
8296,432522.4821527587,4582695.4254087135,432529.1677940399,4582800.321780644,104.85937500023803,-1.564256382399272,2
8297,432522.2389994475,4582552.1907478,432528.9951553882,4582667.869115711,115.64160156210507,-1.5642563823992472,2
8298,432522.0612636629,4582428.85605832,432528.6933467578,4582525.56315226,96.66992187511254,-1.5642563823992726,2
8299,432520.69105278625,4582292.294657015,432527.36668942886,4582395.661276504,103.32958984354939,-1.5642563823996012,2
8300,432520.0082015976,4582156.923381011,432526.1079342566,4582263.049936978,106.12096387335617,-1.5717361535726415,2
8301,432519.781299534,4582025.683038802,432526.66799241124,4582132.863854795,107.13481703699195,-1.579074761652783,2
8302,432517.7727435268,4581833.535191619,432524.80632780684,4581991.633550782,158.06250000030764,-1.564256382399219,2
8313,432541.7280902758,4582946.802191059,432649.57477215043,4582959.506742539,107.77050781252925,0.0065399443910267195,4
8316,432539.4444069105,4582534.756119637,432650.7125346353,4582541.371804318,111.22939913991492,3.109066096361481,1
8319,432537.08539140667,4582404.6041522,432645.1534839618,4582416.7663450185,108.05019975510388,-3.1400914402561453,4
8322,432537.7582482221,4582273.754682412,432649.87867603725,4582285.928236055,112.10198252692821,0.0015483053162654817,4
8325,432402.30524246953,4582003.229936225,432508.4721839039,4582012.923694609,106.1103515625006,0.006539944397498931,3
8326,432539.5262260942,4582004.891918043,432643.45774094213,4582014.317371712,103.89552461147261,-0.004095752421743891,3
8338,428008.95495030575,4581677.903178417,428034.79171124066,4581703.634308645,18.68362125419972,-0.6759199965656669,6
8342,428237.0113076474,4582692.028555478,428369.3878135463,4582814.767177133,174.54129059007482,0.7449518623595103,2
8343,428240.50420907064,4582738.1874578595,428357.46246555744,4582845.742433907,152.91766334040534,-2.4014674351842884,2
8344,428364.78409004014,4582827.989218382,428376.85888065904,4582844.582148476,15.51927122333729,2.013936820568515,2
8345,428131.0633408113,4582598.85435391,428209.49540094385,4582671.060449791,100.6327122513046,0.7388602279309657,2
8346,428097.61957962916,4582622.0916693695,428224.4433935996,4582730.465722957,160.9029845141311,-2.4405145096655607,2
8348,428073.97275406896,4582623.872467092,428093.0573087312,4582825.966500312,201.8316400329797,-1.591050389779854,5
8349,428133.8975271825,4582538.763393398,428162.733899995,4582548.028568226,28.32973505500652,-3.024622795293741,2
8350,428075.97441483254,4582579.161263553,428095.45301114925,4582612.76528395,31.75308903106628,-1.4241570514887574,5
8352,428543.226000573,4581172.722903941,428585.4141005074,4581214.78618313,50.57485575347406,-0.7832752056725782,3
8353,428619.45502110536,4581119.393184335,428639.4770845421,4581139.449622552,19.339858604641144,-0.7877489366642872,3
8354,428703.98011526867,4581039.367321787,428719.3608469093,4581054.761046925,12.760892011869615,-0.7878411474702397,3
8355,428777.5904900778,4580949.873572841,428812.2694426454,4580984.660590366,40.12000659260865,-0.7878536108759995,3
8356,428791.85799721506,4580911.031388856,428871.49247803626,4580990.994052316,103.85256072179057,2.353747952116576,3
8357,428814.1316271762,4580903.348534833,428858.49517226696,4580947.869054366,53.85071730791089,-0.7878729912828408,3
8358,428925.83637654275,4580771.431617748,428987.1841561998,4580832.14457404,77.31183760430486,-0.7788269576970411,3
8359,429048.2986176336,4580669.426584631,429086.4512287126,4580707.257805905,44.72976995185579,-0.7790376846567353,3
8428,429162.7076788553,4580520.644813027,429254.8060818644,4580615.545180568,123.24798667310654,2.3388516248854474,3
8430,429162.402491365,4580513.678324589,429248.88569432264,4580603.002885812,115.3370575912319,-0.8042933942939705,3
8433,429164.6528696738,4580653.889633409,429177.1098853843,4580723.887027066,69.92041015654868,1.5773362711900711,4
8435,429164.08503689745,4580743.295765369,429176.2395152764,4580767.033894412,23.660156249926604,1.5773362711910779,4
8436,429163.80341138854,4580787.298474366,429176.50985330774,4580895.43421256,108.05957031275891,1.5773362711901393,4
8437,429164.391630672,4580927.753893815,429176.8867074379,4581003.570987233,75.74023437611154,1.57733627118936,4
8438,429163.5067923252,4581017.0077107465,429175.61058649636,4581032.996005526,15.910156249688386,1.5773362711916767,4
8439,429162.4794226599,4581061.336630706,429175.1649254635,4581169.849315024,108.4389673757986,1.5771201357846094,4
8441,429199.15870084276,4581211.7157457145,429307.28857686615,4581301.617052966,134.73639124983788,0.6851065683816717,2
8443,429194.77293049684,4581216.720451129,429300.0435300067,4581303.735410135,130.7008259493632,-2.4598975211444425,2
8445,429348.9332440071,4581333.673211498,429394.9914574501,4581372.704478357,54.48579935546309,0.6827384133211276,2
8447,429342.19469428936,4581336.188382073,429390.59681377176,4581377.250149616,57.58322406469132,-2.456987170967194,2
8448,429446.6048597367,4581410.127485448,429470.6395367198,4581428.033696593,24.50492745270399,0.5490233659815873,2
8449,429444.20285869733,4581416.114094434,429465.18842700357,4581431.934809267,20.850572978398773,-2.6046666909251694,2
8450,429501.45893945446,4581455.908796799,429569.8042295013,4581513.294092924,83.35452251557082,0.6850432079679788,2
8452,429491.0746559561,4581455.872783518,429565.47708301863,4581517.837018683,90.94682122676612,-2.4599172640428333,2
8454,429581.9068031414,4581521.646458702,429634.3147870164,4581566.007709823,62.77245086140828,0.6850067233134641,2
8455,429579.67333676666,4581528.202300398,429630.42199195456,4581570.973328691,60.4856910078085,-2.4599127428179557,2
8456,429648.13589297014,4581575.603306613,429703.93877218943,4581623.510070106,64.70495995836589,0.6849979779768887,3
8457,429644.37588396994,4581583.971392557,429699.16621964617,4581630.023023755,65.69120422609804,-2.45989967015427,2
8458,429713.60892223095,4581626.856332304,429738.6043754882,4581648.820316449,27.373600235789635,0.6849386187124293,2
8459,429710.198163903,4581632.423853759,429735.68916194123,4581654.699461545,27.958613313657725,-2.459921736498304,2
8460,429757.5225893998,4581657.286525169,429819.02982310177,4581669.304963453,61.503638859599235,-3.1412928530553983,4
8462,429757.94412263436,4581651.25620412,429822.57279803616,4581657.480703201,64.60821354892653,0.003475343999696412,2
8464,429840.9773752027,4581594.867222139,429887.3407103652,4581651.350607973,64.33935928988892,-0.91507170497725,3
8465,429892.11864372884,4581510.88102571,429953.28573419026,4581585.822697769,87.98368396223829,-0.9090307520149508,3
8466,429976.9135431962,4581333.931485733,430099.2137463141,4581489.065713159,183.07465550693155,-0.9239772910630224,5
8468,430102.66543830896,4581322.465521075,430132.52094236366,4581337.698095821,28.660489016357413,-0.11585430341349723,4
8469,430169.3423095998,4581324.973215572,430294.94280324737,4581361.769669988,124.91312935368245,0.17730295455521114,5
8471,430324.2556158287,4581343.828414726,430332.7150152925,4581354.020774987,6.7623327276487215,0.2058826113371677,3
8472,430384.7499467052,4581356.455639764,430426.7747066755,4581373.43332295,41.05509246207605,0.20001810840062811,3
8473,430437.92477791564,4581367.5296298675,430496.80406384787,4581388.283305818,58.271812919190616,0.20644733715383862,3
8475,430525.82124161534,4581378.374619877,430580.71886053676,4581390.732882493,54.82031250006991,0.006539944404577705,4
8476,430581.42061457125,4581365.864739553,430601.09153373505,4581385.068325128,18.505053481174667,-0.7506249392192428,3
8477,430610.68345416046,4581247.4506313335,430723.5506569142,4581359.016511895,149.7015490238691,-0.7788582190034776,3
8479,430733.7850370563,4581239.461319148,430767.8128962439,4581248.683285218,33.969726562444116,0.006539944393160912,3
8481,430791.1161190078,4581239.6205863,430821.4723798344,4581248.836317478,30.292869031573026,-0.007129127162411698,3
8482,430841.02729921904,4581239.352611661,430896.34571871563,4581248.713818797,55.26074218749982,0.006539944395877952,3
8483,430924.4318962681,4581210.965947133,431003.16495221044,4581245.438333047,80.13828987475281,-0.32985940624984117,3
8485,431017.1493295025,4581191.291745364,431063.0122642836,4581213.900701377,45.305881653913985,-0.315379312146118,3
8486,431071.6808443055,4581168.317675795,431133.20992526185,4581197.116318395,60.625277721165496,-0.28933755815997836,4
8487,431127.0553323978,4581106.674854982,431140.4237781744,4581163.4378338,56.23148407826339,-1.649052845698409,3
8489,431145.97404662136,4581163.193146861,431185.64934977173,4581170.078781359,39.248717881097335,0.21097011417196496,2
8490,431241.5766992045,4581162.790710676,431301.4847754345,4581169.18212681,59.87011718742015,0.00653994438197426,2
8491,431241.89459759125,4581169.283162917,431301.0819861089,4581175.6698657265,59.14941406250364,-3.1350527091933595,2
8492,431198.74104017246,4581169.471739232,431221.841829409,4581175.849672099,23.00512589325422,3.1251283585578977,2
8494,431141.9725525161,4581178.60014442,431172.0652549492,4581210.857190793,39.04505452024978,-2.1614838551700206,2
8497,431313.1547281061,4581060.711834452,431319.7341567212,4581149.36783104,88.61865234375577,1.5773362711893486,2
8498,431313.09334729717,4581149.328353905,431319.1555779322,4581158.902545629,9.535156250604045,1.577336271193023,2
8499,431310.9723536388,4580934.44732758,431317.6301811946,4581035.090860774,100.60644531247372,1.577336271190518,2
8520,430095.04243057984,4581211.659362938,430136.01743843267,4581315.183227594,109.35251751313945,1.2142963660559822,1
8521,430091.07361704146,4581311.3118498605,430098.6538652347,4581326.739667923,14.863653770460667,-1.6797201317417796,2
8597,429421.6141136969,4581393.562683351,429440.344574941,4581410.532976449,19.354599843143497,0.6920643520156226,2
8598,429417.5640936518,4581398.913433516,429435.6980308478,4581415.977148902,18.93122795383285,-2.414749929089748,2
8622,429587.6061992571,4581577.982920028,429623.8146758729,4581587.219147419,36.15039062499989,-3.1350527091914846,3
8623,429124.9868412775,4581178.5688839825,429152.03624521726,4581184.745403163,27.010742187515202,-3.135052709196845,2
8625,429109.9249425303,4580641.397113599,429141.6491604214,4580672.872836853,35.69007543354402,2.3627779677275758,3
8627,429100.21828093054,4580628.64883981,429131.74252785224,4580659.7259305045,35.2690372443955,-0.7733613752575266,3
8679,430775.2742830585,4581259.963065082,430782.1263619878,4581332.446173989,72.41749517818212,-1.559024111138086,2
8681,429699.84228929813,4581646.038707902,429708.97675230313,4581666.686970409,20.58984374842917,1.5773362711882044,3
8707,430908.9203876627,4581256.7486293465,430915.1241074533,4581287.957124027,31.16992187484125,1.5773362711895196,2
8708,430304.6422441439,4581370.687724486,430310.681949174,4581376.817653931,6.090820313042095,1.577336271195538,2
8710,430545.4130528905,4581245.093551932,430602.66346372897,4581354.101540783,116.09373468084195,1.1341651277139708,3
8711,430613.84838244534,4581236.726923558,430702.31728245347,4581240.305321023,88.45117187500793,0.0065399443918888155,1
8756,429711.3852869799,4581661.518196813,429742.0887884913,4581676.297824997,29.492672453441177,2.9379108268035474,3
8764,430313.9073142612,4581370.548608386,430319.9472172764,4581376.70881062,6.1210937497493525,1.5773362711810905,2
8765,430336.57460516243,4581346.518592067,430374.2415082158,4581362.5157444645,36.613274920533485,0.19714576927763489,3
8769,430136.5414706651,4581337.442354299,430149.74107196246,4581360.300257647,21.471422640640927,1.3649009937927272,3
8770,430069.78334016824,4581238.859154594,430095.9035479695,4581309.710176554,72.09221923575613,-1.8571741322366722,2
8773,430141.26776162285,4581359.416993597,430167.78556935204,4581445.049348599,85.62264764366607,1.3624248985548322,3
8774,429100.5083068612,4580770.240396649,429152.3267123456,4580776.578906032,51.7802734374931,0.006539944406439837,2
8778,429116.5126132985,4580597.022421722,429139.55923100637,4580611.81167602,22.58417242881519,0.42561327924276837,2
8779,429153.9720280311,4580596.817632641,429168.92582242476,4580611.96167789,12.300091808294729,-0.8261742888658121,3
8780,429105.6730785889,4580905.844157719,429145.0258453195,4580911.895557715,39.344961170651985,3.140286129728041,2
8781,429084.74199272273,4581041.382187508,429144.65063010325,4581047.482651995,59.898657354432665,0.0016773827591100427,2
8782,429189.60370207945,4581202.118393568,429201.9470531002,4581214.008033947,11.168420441357489,0.7232847457691866,2
8784,429448.3350157737,4581443.2393852025,429465.38228107407,4581452.35029755,16.988769531231725,0.00653994440305839,3
8785,429433.8084958548,4581423.924077335,429439.8791312803,4581434.783397824,10.820312498941359,1.5773362711919747,2
8805,429566.7316067282,4581538.472472881,429572.8852926608,4581574.869246417,36.37173708366056,-1.5750232349076032,2
8810,431198.10796862893,4581162.789608221,431222.160590407,4581168.9510879805,24.01278324823349,0.006730451659653752,2
8878,429397.5244764452,4581373.035290512,429418.8104373422,4581392.781201241,23.073114192536604,0.7215715149344654,2
8880,429393.0443718744,4581377.596362301,429414.19857487926,4581397.325170272,22.959839816824747,-2.41565853813467,2
8888,431313.4779865358,4581187.152716378,431319.68849530234,4581219.399274796,32.208007812247004,1.5773362711912107,2
8889,431329.09874949936,4581168.963325597,431423.28636607097,4581175.578931215,94.15039062493805,-3.135052709197732,2
8900,431226.59235757403,4581054.807419145,431235.88179922494,4581161.109143457,106.27760467567818,1.5680725601582015,3
8906,431238.08687702485,4581040.555929216,431303.8738226435,4581049.985600906,65.72949218753251,-3.1350527091938805,3
8907,431312.3509097669,4581229.852220729,431319.1589410487,4581294.121134845,64.19844218966317,1.5833905341296326,2
8946,429180.4913910288,4580635.660665852,429253.956300618,4580642.855036511,73.37691542028502,-3.1253038867515275,2
9019,429314.65058390814,4581282.222870639,429334.941296836,4581301.553313305,25.02970556216997,-0.7545706440332608,1
9026,429502.5802577495,4581438.655103012,429556.2810689184,4581448.759409134,53.39696883918375,3.0643164012011503,2
9029,429645.4261554997,4581508.341573431,429653.1607242937,4581548.439462624,40.024976113004335,-1.6898990688569093,1
9035,429185.8492802609,4581161.805365914,429224.84726172884,4581179.753760473,40.8051271683498,2.760859988282518,1
9050,430145.1831451493,4581320.412670799,430169.7590321569,4581339.208648006,22.215026265555405,0.18319607673218322,5
9054,429745.98778268765,4581610.954686916,429768.1137632601,4581639.006769959,32.83644395267625,-0.9263092850279797,1
9055,429827.2238750352,4581540.7177016325,429878.95484853676,4581583.091460818,63.93784054437535,-2.464987645233192,1
9059,429851.1309163644,4581643.484869947,429885.6755914086,4581668.072067168,31.33695433780242,2.8017797753876046,5
9071,429831.21497973544,4581673.416237317,429834.6892584851,4581702.0258728005,28.563723939932782,1.5541768234683946,1
9072,429818.1729322705,4581673.140123543,429827.7487223015,4581700.983646201,27.661578504724506,-1.5499083154565425,3
9073,429992.7414600515,4581447.712293301,430156.6291721048,4581504.2227473585,171.5575476678462,-0.31812593374580617,1
9284,429317.5767356177,4581307.63989069,429345.5464936257,4581333.724912972,32.27177598588713,0.7346485812236945,2
9285,429316.9197800843,4581315.265091345,429341.07339893264,4581337.368985344,26.78878705434083,-2.425970138253073,2
9288,429051.0699067313,4583218.828325219,429152.59818662924,4583225.491939051,101.49121093745812,0.0065399443855802255,2
9289,429316.8117220478,4583215.1117085125,429426.60065633536,4583224.829154865,109.73242187495369,0.006539944391799956,3
9290,428777.35266607674,4583079.1299815085,428882.7021533177,4583085.818586182,105.31250000001553,-3.1350527091857576,2
9291,429083.19023217267,4583081.435481323,429152.30083718087,4583090.886889871,69.05322265627625,-3.135052709194167,3
9292,429456.7451845051,4583080.464769236,429563.39640172,4583087.161887272,106.61425781250497,-3.135052709185339,2
9293,428782.8132832213,4582942.687934489,428887.4832752196,4582955.371710299,104.59375000000892,0.006539944402043735,4
9294,429319.186750701,4582943.780258153,429425.1164813837,4582956.4722727,105.85351562500162,0.006539944393109582,4
9296,429590.87540531176,4582945.238745996,429694.3344857064,4582957.914602398,103.38281249997179,0.006539944402249964,4
9297,429722.8885356072,4582946.811964644,429831.02027877275,4582956.518572904,108.07519531255791,0.006539944391785331,3
9298,429852.5855288787,4582945.97859539,429966.23693828355,4582955.355989128,113.62213906506807,-0.0033219238238736955,3
9299,428782.5525090121,4582814.300414318,428888.5982704251,4582820.99357265,106.00878906244816,-3.1350527091984004,2
9300,429186.1341542263,4582810.439354482,429291.507167327,4582820.127920544,105.31640625001606,-3.1350527091974256,3
9301,429316.6938621003,4582811.293219885,429423.23872514,4582820.989449889,106.48828124996868,-3.1350527091958154,3
9302,429451.44488658936,4582812.174496656,429559.77682078624,4582821.882414174,108.27539062502377,-3.135052709188273,3
9303,429588.9856692499,4582811.763931941,429695.50025949953,4582821.459963961,106.45800781250398,-3.1350527091960334,3
9304,429718.2595374714,4582815.41937828,429825.62655969075,4582822.121177708,107.33007812504722,-3.135052709185662,2
9305,429852.4832294881,4582816.297206278,429962.6949174343,4582823.017609925,110.17480468753243,-3.1350527092036646,2
9306,429996.30399011663,4582814.75776596,430138.0628549633,4582821.684489333,141.72265625003087,-3.135052709188813,2
9307,428243.4545615963,4582679.398708744,428484.84011323185,4582683.977186866,241.37109375000733,0.0065399443952298105,1
9308,428517.11751511635,4582677.911189234,428622.48750973126,4582684.599928026,105.33300781254488,0.006539944402468394,2
9309,428640.76082015084,4582679.249617589,428756.61984826165,4582686.006955055,115.82226562499054,0.0065399444004740495,2
9310,428780.77232457435,4582678.545634554,428889.2604165687,4582685.25476582,108.4511718750579,0.006539944398305186,2
9311,428912.5698972198,4582677.227373233,429023.0286501949,4582683.949392696,110.42187499998573,0.006539944397099661,2
9312,429046.181233777,4582678.110962237,429155.4710664379,4582684.825336917,109.25292968743925,0.0065399443978063805,2
9313,429186.2058746672,4582677.936861602,429294.4752213396,4582684.644562265,108.23242187504296,0.006539944397334419,2
9314,429466.70662278763,4582678.142405966,429556.6042920408,4582684.7299551675,89.86035156247243,0.006539944394811762,2
9315,429587.3910391323,4582678.560584905,429698.58024523605,4582685.287381558,111.15234374995399,0.006539944390992176,2
9316,429722.9925486781,4582677.817506212,429826.483677224,4582684.493957149,103.454101562437,0.006539944399285184,2
9317,429850.315810454,4582678.38017983,429955.88697264163,4582685.070234264,105.53417968748262,0.006539944389670435,2
9318,429993.10451736976,4582677.544094277,430137.5909518104,4582687.488463586,144.43066406245615,0.006539944394920643,3
9319,430169.17297699983,4582680.045715158,430329.2088835898,4582690.091778601,159.98046874991644,0.00653994439525142,3
9320,430381.03530968085,4582677.150449522,430500.5818477941,4582686.931710971,119.49023437499912,0.006539944393173728,3
9321,430515.3993087678,4582680.212214321,430554.29961306334,4582687.207785681,38.75871784067148,0.025740509371190635,2
9322,430666.91563908115,4582680.27822456,430765.3346882437,4582693.389356421,98.28958869241535,-0.011312728551806907,4
9323,430788.6628733516,4582676.13671125,430897.4089500544,4582688.847144805,108.66992187506064,0.006539944382132019,4
9324,430925.2414295307,4582676.861823136,431036.4168196997,4582688.948527569,111.16606414064749,-0.0007799870689945721,4
9325,431811.97358592803,4582681.374529552,431858.58185688785,4582690.736724714,46.5395870540671,0.007788461789582963,3
9326,431883.68264100404,4582680.889310512,431989.24315009493,4582690.579102804,105.50390624995971,0.00653994438945261,3
9327,432016.2336627649,4582681.285974283,432124.80777928233,4582690.9954756815,108.51757812496813,0.006539944394620101,3
9328,428169.3779412981,4582542.259481071,428221.14581065247,4582551.598685204,51.70991168767506,-3.1350291066857054,3
9329,428240.7553618881,4582543.04086616,428355.5187103059,4582549.791037838,114.72656250011022,-3.13505270920071,2
9330,428374.1242639911,4582544.708042674,428484.5761811749,4582551.43001743,110.41503906251475,-3.135052709192198,2
9331,428512.73518203734,4582546.1199451955,428621.964469118,4582552.833923906,109.19238281239953,-3.1350527091838742,2
9332,428644.86048590066,4582544.564320175,428752.15524404036,4582551.265646992,107.25781249996935,-3.135052709195126,2
9333,428784.0828481896,4582545.2138477545,428889.42549963907,4582551.90240772,105.30566406247416,-3.1350527092029217,2
9334,428914.1284797674,4582544.634633004,429018.6420473852,4582551.317770732,104.47656250004641,-3.135052709182556,2
9335,429046.9597765808,4582544.733318686,429150.59543328587,4582551.410714842,103.59863281246416,-3.1350527091888774,2
9336,429183.2622476431,4582543.115295138,429292.4623273363,4582552.82889036,109.14355468749,-3.1350527091924723,3
9337,429315.4805019232,4582542.279531679,429426.2518370763,4582552.003402971,110.71484374998845,-3.1350527091923195,3
9338,429457.96085330186,4582543.211358539,429558.8544700106,4582552.87062918,100.83691406251613,-3.1350527091904308,3
9339,429585.10085755546,4582541.33284006,429694.35952974565,4582551.046818479,109.2021484375034,-3.1350527091906915,3
9340,429721.2443859584,4582540.723320095,429827.93777218467,4582553.4203289775,106.61718749995715,-3.1350527092005316,4
9341,429853.2402760492,4582541.036761737,429961.28617241356,4582553.742616088,107.96972656250496,-3.1350527091926272,4
9342,429992.75435722613,4582545.489047222,430141.3958873813,4582552.460783483,148.6054687500438,-3.1350527092002447,2
9343,430172.07511542935,4582547.201862341,430324.88745482586,4582554.200875852,152.77636718745632,-3.135052709197273,2
9344,430374.84730630985,4582544.607634418,430502.06164919084,4582554.439043598,127.15820312499929,-3.1350527091963545,3
9345,430523.00440239825,4582547.066725332,430633.67018219596,4582553.790098759,110.628906250039,-3.1350527091836766,2
9346,430664.6883211991,4582547.643110038,430766.8248976628,4582551.310894622,102.1191406250185,-3.1350527091936096,1
9347,430932.79246243514,4582548.125497937,431036.23662812245,4582551.801834203,103.42675781248877,-3.135052709197392,1
9348,431060.1255464956,4582548.8288638005,431151.14907937095,4582552.423968662,91.00585937503128,-3.1350527091864233,1
9349,431212.360756065,4582550.095001399,431298.93907150475,4582553.66103437,86.5605468749384,-3.135052709191632,1
9350,431334.0168461213,4582547.680118929,431437.0928556194,4582551.35404744,103.05859374995602,-3.135052709191947,1
9351,431464.74676071847,4582547.445718725,431572.79824974935,4582551.15218706,108.03417968744098,-3.135052709194953,1
9352,431598.3811707104,4582547.489108628,431703.5157299348,4582551.176500131,105.11718750004644,-3.1350527091948694,1
9353,431733.59011494205,4582546.444139736,431855.0465907339,4582550.238277188,121.43945312502386,-3.135052709199504,1
9354,431882.4113041735,4582546.647399915,431987.0732172558,4582550.331700295,104.6445312499969,-3.1350527091980065,1
9355,432014.85396663664,4582545.843134033,432118.4133642348,4582549.520223921,103.54199218754746,-3.135052709183201,1
9356,428650.0600131593,4582408.934663702,428758.98568465846,4582418.646464283,108.86914062497814,-3.135052709201553,3
9358,428782.4758349696,4582410.890535218,428891.21889318654,4582420.601141501,108.68652343741485,-3.13505270919786,3
9359,428915.0822913795,4582410.127868764,429023.508950113,4582419.836405784,108.37011718754093,-3.1350527091903886,3
9360,429049.1873648036,4582408.834952711,429157.0388405254,4582418.539728012,107.79492187501312,-3.135052709194412,3
9361,429187.98303367826,4582406.6226260085,429294.4078709602,4582419.317878571,106.34863281249652,-3.135052709196532,4
9362,429317.61698010034,4582407.470436897,429421.9393232833,4582420.151939069,104.24609374999335,-3.1350527092017835,4
9364,429454.3275492463,4582407.824478553,429562.6800796781,4582420.532338302,108.27636718750783,-3.1350527091932596,4
9365,429587.8216819851,4582407.0676175365,429694.8890836503,4582419.767072494,106.99121093753503,-3.1350527092012337,4
9366,429721.7339805432,4582408.223200149,429829.15586681495,4582420.92497345,107.34570312501549,-3.135052709196746,4
9367,429852.2707334701,4582408.256585383,429958.18874565343,4582420.94852329,105.84179687503386,-3.135052709197054,4
9368,429992.8763595857,4582408.766963031,430143.0302421551,4582421.748205197,150.07861328124054,-3.1350527091890377,4
9369,430176.3029011287,4582408.877200752,430322.59114371164,4582421.833161484,146.2128906250023,-3.1350527092026796,4
9370,430371.5467525071,4582408.8132539,430499.7221011991,4582421.650755626,128.09960937502743,-3.1350527091961626,4
9371,430524.60109650233,4582409.814235071,430630.1734129537,4582422.5039121155,105.49609374994647,-3.1350527091947007,4
9372,430663.57271503063,4582409.083431183,430765.2535131428,4582421.747657552,101.60449218748438,-3.1350527091882783,4
9374,430794.17828631843,4582408.897535231,430900.8052677148,4582421.594109823,106.55078125004083,-3.1350527092055245,4
9375,430929.11144040205,4582408.659373703,431037.0665183961,4582421.364634098,107.87890625004655,-3.1350527092019003,4
9376,431054.9189386602,4582406.486640169,431093.6747829968,4582419.619332253,38.41724966438318,3.1119673121608478,4
9377,431214.6736473411,4582408.084615546,431306.17735207756,4582421.0948723415,91.37652953917318,-3.1305284128638027,4
9378,431331.57599831186,4582409.421838169,431439.54181826365,4582422.1271688165,107.88964843753025,-3.135052709196532,4
9379,431461.53445902787,4582408.881604945,431573.1173891249,4582421.6105916295,111.50683593749267,-3.1350527091944924,4
9380,431595.4340503043,4582406.007233115,431702.41453976574,4582418.706119665,106.90429687498512,-3.135052709187239,4
9381,431732.2562270927,4582407.662813758,431856.7138818531,4582420.476001625,124.38183593750274,-3.135052709200041,4
9382,431886.58691756375,4582406.281954448,431986.3351398182,4582418.933541697,99.6718750000345,-3.135052709192619,4
9383,432014.2981174105,4582407.107424667,432117.0501816752,4582419.778657156,102.67578124998505,-3.1350527091982783,4
9384,428123.337245167,4582271.65680847,428226.1945982043,4582278.329114492,102.82031250001829,0.006539944402226481,2
9385,428241.1550380372,4582272.42734127,428359.5442854747,4582279.2012264645,118.35253906257603,0.006539944389412114,2
9386,428373.93063896114,4582273.575978129,428489.08655710844,4582280.328717228,115.11914062501042,0.006539944388303783,2
9387,428510.41490469483,4582274.188310932,428626.6342766619,4582280.94800506,116.18261718750395,0.00653994439272475,2
9388,428642.5292668212,4582275.052343832,428758.1480656945,4582281.80811019,115.58203124995609,0.006539944397610687,2
9389,428776.13932775,4582274.936391399,428878.54795991484,4582281.6057627695,102.37158203129486,0.0065399444017186035,2
9390,429050.57720163645,4582277.850518568,429156.1416553509,4582287.540824407,105.50781250114076,0.006544572312916409,3
9391,429186.48145671503,4582277.109907863,429293.21479228657,4582286.807370485,106.6767578124607,0.00653994439475761,3
9392,429320.0677174947,4582275.393307921,429428.62043895765,4582288.1024769265,108.47656249996761,0.006539944397656582,4
9393,429452.43192452437,4582274.639311274,429563.0363599223,4582287.361898566,110.52832031252885,0.006539944395379466,4
9395,429587.91857971903,4582274.4350437485,429696.491808556,4582287.144346873,108.49707031255518,0.006539944396132791,4
9396,429724.11545773724,4582273.59575899,429832.4308795877,4582286.303376049,108.23925781252004,0.006539944405432928,4
9397,429851.65001184825,4582272.910276028,429959.8531314127,4582285.617158625,108.1269531249318,0.006539944402716074,4
9398,429995.398449774,4582275.560393729,430151.0351252456,4582288.577493566,155.56152343751447,0.00653994439417276,4
9399,430184.7592407033,4582274.768503572,430317.4032438296,4582287.635230467,132.56835937505585,0.006539944397949131,4
9401,430366.3401269799,4582273.596135654,430501.1305685777,4582286.476900336,134.71484374995958,0.006539944394385343,4
9402,430526.46271981683,4582273.293216908,430634.9148574933,4582286.001728091,108.37597656251566,0.006539944386695033,4
9403,430660.3368591947,4582274.609197925,430769.82120135915,4582287.324459764,109.40820312505433,0.00653994438761381,4
9404,430793.7188021624,4582274.431693713,430901.1494773088,4582287.133524494,107.354492187525,0.006539944399825079,4
9405,430928.5139988336,4582274.23315815,431036.30794746097,4582286.9373647515,107.71777343749667,0.006539944385077147,4
9407,431064.2789353714,4582275.081026025,431166.35035012994,4582287.747807042,101.9951171875268,0.006539944402036862,4
9408,431197.44370371173,4582272.4220679775,431302.4183766942,4582285.107836412,104.8984374999794,0.006539944402796949,4
9409,431324.8088442232,4582271.624146539,431355.91959762736,4582283.826842159,31.03293828124014,0.006539944404481378,4
9410,431463.8813855129,4582274.759315291,431572.683022426,4582291.0603217855,108.41023393614769,-0.039771452143491204,4
9411,431596.7729109885,4582273.413055897,431705.07368471444,4582286.120577155,108.22460937496542,0.006539944394230886,4
9412,428113.8659034446,4582139.726570891,428221.9511682225,4582164.081406363,107.18207457371301,3.0536588051997104,5
9413,428243.80724315543,4582139.382771664,428358.7738899512,4582152.133887983,114.89062499989163,-3.1350527091959446,4
9414,428375.1597973042,4582139.511337941,428487.6899727686,4582152.246519646,112.45410156250774,-3.1350527091899747,4
9416,428511.4850936301,4582136.35790213,428624.1998354599,4582149.094290906,112.63867187498704,-3.1350527091948726,4
9417,428644.64970384224,4582136.858922736,428757.85857572954,4582149.59854314,113.13281249999179,-3.1350527091981975,4
9418,428778.36590323015,4582140.597994925,428891.65045709274,4582153.338110292,113.20849609379601,-3.1350527092018043,4
9419,428914.6364187567,4582139.474517703,429023.46452495526,4582152.185487735,108.75195312501565,-3.1350527091965787,4
9420,429045.91948493535,4582140.074075154,429158.58930585074,4582152.810170145,112.59375000003202,-3.1350527091975793,4
9421,429187.078030063,4582140.931337974,429293.21478756826,4582153.624706484,106.06054687499058,-3.135052709196048,4
9422,429451.4199178488,4582135.320528091,429557.41534340277,4582157.012394875,105.86035156253081,-3.135052709197204,7
9424,429586.9483583252,4582136.206760879,429696.8796460009,4582154.92456082,109.81591796877724,-3.1350527091986495,6
9425,429720.2173187727,4582136.268397292,429778.49013210146,4582157.648156397,58.136718750010274,-3.1350527091884652,7
9426,429900.1961952672,4582137.230197868,429963.3437281475,4582156.037072291,62.921477441145214,-3.1287451777843236,6
9427,429987.45873780013,4582136.766492411,430142.7247071405,4582156.969098982,155.02568783485134,-3.127372424658308,6
9429,430183.15826589376,4582135.775337094,430310.9080201632,4582154.609670478,127.63476562493905,-3.135052709196102,6
9430,430359.19397614506,4582135.967612381,430497.8311928898,4582154.873150179,138.52246093750463,-3.1350527091942735,6
9431,430528.2150736215,4582135.982173079,430632.60985860636,4582154.663764086,104.279296875051,-3.135052709181376,6
9432,430662.0781893408,4582133.6080616815,430768.28641210624,4582152.301512639,106.092773437552,-3.135052709188458,6
9433,430794.2948485035,4582136.151998739,430901.2794218533,4582154.850527057,106.86914062495934,-3.135052709197043,6
9434,430931.1721936742,4582136.987610142,431030.1247122335,4582155.633608519,98.83691406248516,-3.1350527092041744,6
9436,431064.5299026758,4582137.379783844,431157.1690796888,4582155.984492731,92.52343750001309,-3.1350527091874274,6
9437,431204.9887188057,4582137.118188767,431305.2556623802,4582155.772783535,100.15136718749682,-3.135052709189894,6
9438,431332.81500719936,4582136.323771544,431441.4914224929,4582155.0333645735,108.56101874998609,-3.1350527091874185,6
9440,431463.86840370524,4582136.651069203,431572.0834194911,4582155.357644662,108.09960937498357,-3.1350527091936624,6
9441,431595.38294939743,4582135.669582565,431642.8104184432,4582154.418333158,47.146716142087804,3.1256622479914107,6
9442,428381.3316150563,4582009.058176072,428487.3685875949,4582015.751276925,106.00000000006727,0.0065399444020926446,2
9443,428513.3045225839,4582009.4513031,428622.3883049639,4582016.164330204,109.04687499999865,0.006539944400782527,2
9444,428648.9368041996,4582009.528023263,428756.077268764,4582016.2283409955,107.10351562501295,0.0065399444000226944,2
9445,428782.1658083043,4582009.739663889,428888.58070244815,4582016.435236363,106.37792968753537,0.006539944398551762,2
9446,428917.03612899885,4582007.4617411755,429024.988099646,4582014.167366187,107.91503906243997,0.0065399443926104405,2
9447,429049.3809511422,4582008.477186843,429155.70600345737,4582015.172171748,106.288085937515,0.0065399444015892295,2
9448,429183.37027528,4582007.398490444,429295.7763410982,4582017.133052936,112.34960937499704,0.006539944400187676,3
9449,429318.26579439867,4582008.285839278,429423.96155450336,4582017.976516117,105.63916015620929,0.006539944391142179,3
9450,429457.93053605163,4582008.638693082,429560.5272413384,4582018.309101987,102.5400390624674,0.006539944396952691,3
9451,429591.37233855046,4582009.611751436,429695.8303321571,4582019.294333236,104.40136718750419,0.006539944395191272,3
9452,429721.50478864193,4582010.092697455,429826.16785598797,4582019.776620444,104.60644531257105,0.0065399443883453244,3
9453,429853.0114411011,4582011.148072588,429960.90490811237,4582020.853122514,107.83691406256199,0.0065399443959520106,3
9454,429993.51019814,4582009.707025998,430152.0842219311,4582019.743528672,158.51855468753578,0.006539944389578067,3
9455,430188.2863446255,4582008.276659576,430310.0986479708,4582019.1297351895,121.68930072972128,0.015237100467682903,3
9456,430357.5490396954,4582008.392706341,430494.65770222835,4582018.2888247445,137.05273437505255,0.006539944393304908,3
9457,430523.89268467727,4582007.310143468,430634.1474293156,4582017.030636238,110.19824218747404,0.006539944395292211,3
9458,430658.55191425455,4582008.190819898,430768.38186329,4582017.908534488,109.7734374999542,0.006539944388800402,3
9459,430791.61900343845,4582008.521521349,430901.8991381589,4582018.242180171,110.22363281255836,0.00653994439464422,3
9460,430922.6334085324,4582008.837821586,431031.33447546005,4582018.548153246,108.64453124998847,0.006539944399930385,3
9461,431064.08970005764,4582007.32295747,431164.3697923871,4582016.978215639,100.22337656252627,0.0065399443954341635,3
9462,431200.1255125755,4582009.472789347,431299.2173211421,4582016.120468565,99.05468750007422,0.00653994439215461,2
9463,431332.8749590537,4582007.900982138,431435.41395952425,4582014.571206121,102.50195312504158,0.0065399443934426645,2
9464,431464.3631934502,4582006.980736943,431571.1336376032,4582016.6784422565,106.7138671875128,0.00653994439445529,3
9465,431602.32580485323,4582005.533357991,431702.7194322547,4582015.189358683,100.33691406252447,0.006539944398297303,3
9466,428124.7953507705,4581874.282486369,428228.08637714613,4581883.957436159,103.23437499993193,-3.135052709195315,3
9467,428244.6900486476,4581873.006499556,428355.09127452836,4581882.727950319,110.3447265625336,-3.1350527091943143,3
9468,428373.960596064,4581876.721739909,428487.37143434363,4581883.46306612,113.37402343739387,-3.135052709200015,2
9469,428511.10144147824,4581874.448656533,428623.66659471876,4581881.184451933,112.52832031249552,-3.1350527091905445,2
9470,428643.4269595142,4581875.42930724,428755.44036674174,4581882.1614942,111.97656249996143,-3.1350527091937237,2
9471,428786.09104954073,4581874.697016942,428887.3986310337,4581881.359187399,101.27050781259149,-3.1350527091946225,2
9472,428912.0162462546,4581874.600875066,429028.27858605265,4581881.360850204,116.22558593747867,-3.13505270920118,2
9473,429046.7405800979,4581874.336933261,429158.3106374318,4581881.066220696,111.53320312495075,-3.135052709191617,2
9474,429181.1787146885,4581875.426129148,429293.0886085048,4581882.157639127,111.87304687499909,-3.135052709189862,2
9475,429316.8711252954,4581876.313562621,429427.1329410116,4581883.034294107,110.22493352938324,-3.1350527091938307,2
9476,429448.82424871303,4581874.997361194,429562.13551687886,4581881.6381295975,113.27913664187051,3.135935231930472,2
9477,429587.3470679536,4581873.788859832,429696.6877543074,4581880.911159304,109.28481815214334,-3.1313200850067413,2
9478,429722.88762208045,4581874.228483495,429834.6132851613,4581881.6490394045,111.65834585419147,-3.128865613898363,2
9479,429847.87767211103,4581877.646182936,429961.0834366515,4581884.3861679565,113.16894531255375,-3.13505270920194,2
9480,429991.6263821683,4581875.401666491,430144.572996037,4581882.401558164,152.91064453122183,-3.1350527091925775,2
9481,430191.5817614855,4581876.084124686,430306.7249845919,4581882.83678076,115.1064453125065,-3.135052709189045,2
9482,430352.8799204653,4581877.759151166,430497.13091951556,4581884.70217319,144.2148437499638,-3.1350527091939253,2
9483,430523.85233588447,4581877.907081605,430631.28478639206,4581884.609308936,107.39550781252551,-3.135052709193037,2
9484,430658.61593909544,4581878.358255661,430768.7377852131,4581885.07807174,110.08496093751815,-3.135052709192282,2
9485,430792.77361103677,4581877.235609113,430897.8340419594,4581883.922323346,105.02343749995514,-3.1350527091978297,2
9486,430925.7059142376,4581876.225068364,431032.87665159215,4581882.925584081,107.13378906252976,-3.1350527091982516,2
9487,431066.81503241544,4581876.277791512,431167.1392365012,4581882.933530644,100.28710937501448,-3.1350527091954654,2
9488,431200.35829954175,4581876.071556573,431309.08076152386,4581882.782220628,108.68554687499508,-3.1350527091843268,2
9489,431329.82918572926,4581876.168285002,431438.949100149,4581882.881548411,109.08300781245028,-3.1350527091843516,2
9490,431461.0130936583,4581875.055975719,431572.48256720585,4581881.784605333,111.43261718750489,-3.13505270919392,2
9491,431599.14142063144,4581872.759076425,431708.1871178884,4581879.47185445,109.00878906251461,-3.1350527091923066,2
9492,428104.78759265976,4581722.794394143,428227.5194173406,4581732.596487486,122.67558906250328,0.006539944393998341,3
9493,428242.28332869435,4581721.752174124,428357.58895561454,4581737.668601234,115.1898773986003,-0.007960005019990548,5
9494,428372.2521618599,4581721.444203456,428487.4635211916,4581737.196727733,115.11572265627798,0.006539944392586287,5
9496,428512.26103526464,4581721.729081268,428625.27368581446,4581736.895261581,112.99070947673465,0.001470887286512769,5
9497,428641.4862567959,4581721.322151805,428755.041401547,4581737.063844376,113.45947265624986,0.006539944387831744,5
9499,428781.8769303245,4581721.475159012,428892.1884920985,4581737.195638428,110.21582031248083,0.006539944391596566,5
9501,428910.8602476032,4581722.198218489,429026.92248567136,4581737.692126004,115.99940487217364,0.004259030939431113,5
9502,429045.4740540475,4581721.223954226,429157.1185951272,4581736.953151378,111.54882812492512,0.006539944395859598,5
9503,429187.2124140133,4581721.003442958,429296.80524115806,4581736.719221823,109.49707031253243,0.006539944389608784,5
9504,429312.7753311483,4581721.612222276,429427.0240602852,4581737.358450915,114.15307187491311,0.006539944388575314,5
9505,429446.18967357854,4581721.705828263,429564.3381554185,4581736.816949779,118.1344237230183,0.0009406925198894823,5
9506,429583.29615165014,4581721.038088255,429690.4248372163,4581736.077201987,107.12321564070511,0.00036513778017673346,5
9507,430520.27971671394,4581719.62583426,430631.9535540422,4581735.35522301,111.5781250000161,0.006539944392552909,5
9509,430659.66951919656,4581718.714167635,430770.51427269296,4581734.438134146,110.74902343751796,0.006539944394992481,5
9510,430786.60556078516,4581719.053600973,430903.4545804067,4581734.816835611,116.75341796880916,0.006539944397342879,5
9511,430922.2915540623,4581720.623624262,431037.38328704593,4581736.375366178,114.99609375000279,0.006539944388791462,5
9513,431058.8941114836,4581702.8268802585,431138.95822930936,4581729.528017784,79.22160143594252,-0.18940933468643215,4
9514,431222.7464078118,4581698.873770108,431305.6132525675,4581728.45739599,82.22424499984828,0.21908665564258334,4
9515,431327.25970664964,4581719.602388178,431441.0952442692,4581735.048712693,113.77755654424227,0.003923806638701061,5
9516,431465.3261007646,4581718.759447476,431575.7056380382,4581734.480371456,110.28379726569015,0.006539944398677287,5
9518,431593.12037632073,4581718.193478602,431708.24443005084,4581733.912665195,115.03248506010341,-0.006254621775219614,5
9519,428251.51721633534,4581578.260665601,428354.08462537365,4581587.930882907,102.51074218748677,-3.1350527091983333,3
9520,428377.16446601774,4581576.911946771,428485.8381897802,4581586.622099605,108.61718750004634,-3.1350527091878435,3
9521,428512.8638543411,4581575.089895277,428624.7025494805,4581584.820747144,111.78222656260499,-3.1350527091904805,3
9522,428643.4433208566,4581574.86378868,428756.3650006478,4581584.601723305,112.86523437500912,-3.1350527092074585,3
9523,428782.65616398863,4581575.774245913,428888.50279977295,4581585.465909486,105.79003906243933,-3.1350527091906044,3
9524,428914.43721811724,4581576.08579423,429019.7145301396,4581585.773734403,105.22070312500877,-3.1350527091989746,3
9526,429048.5356959972,4581575.353393904,429158.55802373105,4581585.072366659,109.96582031257535,-3.1350527091944707,3
9527,429183.1311430627,4581575.683348456,429290.6408292191,4581585.3858884415,107.45312500005485,-3.1350527091862026,3
9528,429321.29968884133,4581576.046925334,429426.0516214743,4581585.731429507,104.69531249999706,-3.135052709190463,3
9530,429448.8089723827,4581575.79097379,429558.46509701054,4581585.507551563,109.5996093750168,-3.135052709190697,3
9531,428390.321364839,4581443.075079208,428487.5577443354,4581449.710623851,97.19921875002437,0.0065399443989468935,2
9532,428649.4111036805,4581441.399834883,428753.1658984627,4581448.078010207,103.71777343745907,0.0065399443942498504,2
9533,428780.81844967697,4581442.259243872,428889.9461764297,4581448.972558373,109.09082031251565,0.006539944391445924,2
9534,428913.72767224815,4581441.628571425,429020.80084430205,4581451.32825659,107.01660156250905,0.006539944396603443,3
9535,429050.1239259196,4581441.960537486,429156.37484993297,4581451.6548451185,106.19433593754013,0.006539944398660397,3
9536,429191.6727264358,4581440.635735559,429292.78801809135,4581450.296455963,101.05859374998934,0.006539944393586666,3
9537,428512.6303165309,4581308.282240906,428621.27172555885,4581314.992374872,108.60449218747812,0.006539944406568861,2
9538,428646.461655825,4581308.37770107,428756.68506227067,4581315.098181357,110.18652343755839,0.006539944386481463,2
9539,428785.0774117945,4581305.91406407,428888.9747816527,4581312.5931718405,103.86035156251201,-3.1350527091924794,2
9540,428913.05092738336,4581308.440993226,429021.4472244657,4581315.1495241495,108.35937499994081,-3.135052709195725,2
9541,429047.32770818885,4581311.21947138,429154.0042266247,4581314.916947355,106.65917968750603,-3.135052709199952,1
9542,428654.182878206,4581175.425353841,428757.12519036373,4581182.098215497,102.90527343747759,-3.1350527092006653,2
9543,428780.006359243,4581176.248244142,428886.7444886617,4581182.945930586,106.70117187499669,-3.1350527091993694,2
9544,428913.3228440985,4581177.12013897,429021.88710633887,4581183.829768392,108.52734375001988,-3.135052709193447,2
9545,429050.9468540215,4581178.0202051755,429113.81678097264,4581184.430991925,62.83203125006685,-3.13505270918771,2
9546,428227.10822139715,4582564.899156226,428233.7899157478,4582669.192025438,104.25585937510712,1.5773362711902836,2
9547,428224.9921680655,4582495.05827581,428237.24648526474,4582534.062191663,38.92626953110356,1.5773362711906633,4
9548,428230.9840405793,4582283.173028041,428235.13741576683,4582459.558504912,176.36962890544257,1.577336271189753,1
9549,428232.41860486055,4582154.342913291,428236.15038336674,4582266.264436747,111.90429687523965,1.5773362711912324,1
9550,428229.159547671,4581769.436897528,428238.78627491166,4581864.653384406,95.15925876257279,1.5773845148734007,3
9551,428229.92746553314,4581602.201413938,428236.5663886969,4581699.954383948,97.7158203119529,-1.5642563823994153,2
9552,428491.7117223457,4582696.147795823,428504.4263519103,4582805.535460368,109.31152343663435,1.577336271189738,4
9553,428492.98871256143,4582561.928675403,428505.70454919705,4582671.500906314,109.49609375022338,1.5773362711899577,4
9555,428493.31885840674,4582427.054917171,428506.03681220656,4582536.950871627,109.8198242186142,1.5773362711902321,4
9556,428494.31695601845,4582286.044260923,428506.9590272056,4582384.337436171,98.21679687594505,1.5773362711906287,4
9557,428491.7743393292,4582157.173321438,428504.49220690964,4582267.056092583,109.80664062511875,1.5773362711898182,4
9558,428492.4746935477,4582020.307008205,428505.22276344907,4582134.807844652,114.424804688481,1.577336271190414,4
9559,428492.0334384381,4581889.187369561,428504.7540905844,4581999.49591285,110.23242187506366,1.5773362711903336,4
9560,428492.2018504944,4581757.685661121,428504.8943747524,4581863.693328811,105.9314542978268,1.577336271189934,4
9561,428493.0747596665,4581596.053957614,428505.77029595873,4581702.5221783435,106.39201718692678,1.5773362711900594,4
9563,428494.2244141046,4581460.152453365,428506.94035292615,4581569.74030894,109.51171874909373,1.577336271190322,4
9564,428493.7865689763,4581328.904926088,428506.4783759583,4581434.802919168,105.82177734307983,1.5773362711905345,4
9565,428361.0113860978,4582457.913359053,428367.49245120166,4582531.529149945,73.57812500006472,-1.5642563823998883,2
9566,428361.7391540971,4582282.671989546,428368.6385363537,4582420.250279735,137.54199218762366,-1.5642563823995044,2
9567,428362.736150017,4582157.76157492,428369.4554551665,4582267.805297708,110.00683593757815,-1.564256382399394,2
9568,428363.61622610444,4582018.917864519,428370.3634982581,4582133.237863042,114.28320312457834,-1.5642563824001894,2
9569,428359.38531218935,4581889.737529336,428366.0578417418,4581992.629061328,102.85449218696233,-1.5642563824003994,2
9570,428359.52453761356,4581760.185009622,428369.21558807103,4581865.937897411,105.69628906228945,-1.5642563823991924,3
9571,428359.0266121375,4581598.368974555,428371.51414132724,4581703.332616625,104.90899470738775,-1.566147911340247,4
9572,428360.9146421373,4581470.107603164,428370.57265461504,4581570.8088411745,100.64453124954765,-1.5642563823997258,3
9573,428627.2586718548,4582694.593644727,428633.9502846246,4582800.403083068,105.77246093736862,-1.5642563824001072,2
9574,428630.3834178154,4582560.367025864,428637.06841404806,4582665.164767093,104.76074218881675,-1.564256382399318,2
9575,428631.2238585457,4582423.390463034,428637.96424592426,4582536.657749695,113.23046874933569,-1.5642563823995377,2
9576,428633.12902598496,4582386.664517783,428639.223988042,4582401.243485288,14.540039063009925,-1.5642563823964637,2
9577,428630.22136050614,4582286.69074697,428636.61798492796,4582347.395192887,60.66650390609638,-1.5642563823991928,2
9578,428630.7377250326,4582155.316603389,428637.47717677144,4582268.440826704,113.08740234388472,-1.5642563824000122,2
9579,428631.6394134384,4582021.683230779,428638.3511440578,4582130.56877521,108.84863281157949,-1.5642563823997429,2
9580,428629.56154294073,4581888.362170325,428636.2835528233,4581998.819458486,110.42041015505957,-1.56425638239988,2
9581,428629.5622252762,4581758.426280777,428636.2827343033,4581868.654081659,110.19091796878783,-1.564256382399829,2
9582,428629.708572653,4581596.1950071445,428636.25391353044,4581699.852749338,103.62759772273036,-1.5655329942892533,2
9583,428630.41946141026,4581457.255183792,428637.16253755544,4581570.933594474,113.64160156237426,-1.5642563823989897,2
9584,428628.3425005136,4581319.686881999,428635.0826835203,4581432.922919328,113.19921874973237,-1.564256382400135,2
9585,428629.2230338553,4581196.625542535,428635.8865327286,4581298.1362446835,101.47363281216373,-1.5642563824001228,2
9586,428765.48454669357,4582696.423282001,428772.1507471068,4582798.347061254,101.88671875099291,1.577336271191059,2
9587,428764.57366700226,4582562.831526423,428771.2499902064,4582666.303124135,103.43457031192567,1.5773362711900236,2
9588,428766.49600543716,4582426.283925103,428773.22800079844,4582538.268036081,111.94726562492563,1.5773362711900991,2
9589,428764.0802815915,4582353.731602223,428773.3923021825,4582401.529186465,47.73974609377366,1.5773362711901586,3
9590,428761.9452030503,4582285.912594967,428771.12582215026,4582313.618323733,27.64746093734082,1.5773362711900583,3
9591,428761.3835168317,4582156.41091198,428771.0679635251,4582261.154055739,104.68652343766409,1.5773362711900456,3
9592,428764.16241105064,4582024.507506754,428770.87554672617,4582133.6078903405,109.06347656187579,1.577336271189461,2
9593,428764.60474866774,4581892.621155682,428771.28837177734,4581997.208940462,104.55078125020121,1.5773362711903696,2
9594,428764.53569541365,4581759.806931769,428771.23508708534,4581866.805797799,106.96191406297021,1.5773362711901369,2
9595,428764.9072373058,4581596.621305031,428771.0553915759,4581700.198172539,103.56839014665763,1.5722268835504187,2
9596,428764.24227995967,4581456.724524307,428770.9740454027,4581568.673479787,111.91210937467426,1.5773362711906305,2
9597,428765.33567838056,4581323.358176073,428772.0611146842,4581434.339378812,110.944335937772,1.5773362711901269,2
9598,428764.9462695569,4581193.0239802515,428771.6336927048,4581298.192807293,105.13183593712817,1.5773362711908632,2
9599,428763.14524716267,4581057.211535481,428769.60744707304,4581168.373747746,111.13821807136432,1.5749555903630807,2
9600,428897.39727891213,4582962.433404232,428904.08429970295,4583067.540709153,105.07031250081683,-1.564256382399841,2
9601,428895.13288121915,4582830.090576015,428904.82078946003,4582935.36300533,105.21582031257363,-1.5642563823999949,3
9602,428895.46884263266,4582692.232634337,428905.1921008093,4582802.910221495,110.62109374989754,-1.564256382399705,3
9603,428896.34191293427,4582561.5937563395,428906.03574157093,4582667.771439731,106.12109374933868,-1.5642563823995805,3
9604,428896.70374593,4582426.563885567,428906.3895338134,4582531.512103065,104.89160156273553,-1.5642563823999158,3
9605,428895.36705951934,4582320.103170223,428904.9050802008,4582402.457144354,82.29687499916882,-1.5642563823993598,3
9606,428896.2291860142,4582159.338541899,428905.95648692065,4582270.6342799,111.2392578128661,-1.5642563823995854,3
9607,428897.0971562654,4582024.405880669,428906.8389516035,4582137.917879868,113.45556640723655,-1.5642563823993696,3
9608,428895.4519040729,4581889.425655184,428905.1523364735,4581996.613082607,107.13085937489498,-1.5642563823996345,3
9609,428894.80173008464,4581758.827329487,428904.5064223601,4581866.666110167,107.78222656232505,-1.5642563823997153,3
9610,428895.6301601256,4581594.516694849,428906.1765850359,4581701.932481428,107.29715321236345,-1.585218093176043,3
9611,428895.86908905354,4581458.181449949,428905.5820136808,4581567.278992771,109.04101562367222,-1.564256382399551,3
9612,428894.9721233605,4581324.221563728,428904.68757070217,4581433.704840489,109.42675781168352,-1.5642563823999283,3
9613,428895.2900641012,4581191.701695194,428904.9946733506,4581299.527780833,107.76953124934595,-1.5642563823998976,3
9614,428896.15228320204,4581058.970158765,428905.8627425944,4581167.690756525,108.66406249985346,-1.5642563823995401,3
9615,429032.0693339696,4583151.965789529,429038.4775341382,4583214.440217125,62.43652343810783,-1.564256382399887,2
9616,429023.69322695327,4582957.938966983,429032.5654178817,4583073.88500779,115.83282985189153,-1.5459818325926422,2
9617,429031.7691605296,4582562.86379203,429038.47082583763,4582670.210306875,107.30957031297628,1.5773362711902317,2
9618,429032.61244579015,4582426.5376343485,429036.2921541921,4582530.49741401,103.9423828124575,1.5773362711897942,1
9619,429032.37632178055,4582287.605807393,429036.120672346,4582401.449653018,113.82666015554757,1.577336271190271,1
9620,429034.12031261605,4582024.516218935,429037.84128815617,4582134.785922246,110.25244140509842,-1.5642563824000164,1
9621,429033.367277076,4581886.577258039,429040.09829528467,4581998.411958151,111.7978515625204,-1.5642563823989333,2
9622,429030.90356726095,4581759.0616561305,429037.60698569583,4581866.67623165,107.57763671963218,-1.5642563823999656,2
9623,429032.353047167,4581594.613049864,429038.5756405512,4581702.187368606,107.56213173363575,-1.5728658877896127,2
9624,429030.92273748387,4581460.408312877,429037.60946449026,4581565.470696881,105.02539062440891,-1.564256382399327,2
9625,429030.4726294361,4581394.274145578,429036.7226202808,4581432.557684266,38.245117187481824,-1.5642563823989537,2
9626,429030.2446251851,4581189.379670497,429036.9532391345,4581297.78866262,108.37207031251323,-1.5642563823995486,2
9627,429161.5668352287,4583101.280767775,429174.26185148675,4583207.669473018,106.31249999946816,-1.5642563823987177,4
9628,429161.92562214244,4582966.137547922,429174.60564261914,4583070.233333451,104.01953124950104,-1.564256382399931,4
9629,429162.7609539129,4582826.226407283,429178.50986017135,4582940.884555789,114.56249999987115,1.577336271189897,5
9630,429163.0878770979,4582693.108477262,429178.8316165816,4582806.9766036,113.77246093722394,1.577336271189687,5
9632,429162.3611101055,4582560.669073334,429178.07762343285,4582670.374202764,109.60937499948268,1.5773362711904262,5
9633,429164.3115398377,4582425.922083828,429180.0238379965,4582534.982695792,108.96484375045489,1.57733627118995,5
9634,429165.33252551296,4582295.90663885,429180.9991465732,4582397.983025177,101.98046874980061,1.5773362711896224,5
9635,429168.47369665175,4582228.9741573585,429183.9892277558,4582271.530514917,42.37663060815738,1.55860425933934,5
9636,429167.76744226273,4582157.072402325,429180.46421596635,4582212.365485617,55.14566672391343,1.5581434217522723,4
9637,429164.8364515329,4582022.21717345,429177.5483795578,4582131.191760891,108.89843749966928,1.5773362711904655,4
9638,429162.69374023745,4581888.119168455,429175.39504731505,4581995.46976719,107.27441406272452,1.5773362711902434,4
9640,429162.4640762335,4581761.483111104,429175.163658924,4581868.570043602,107.01074218723339,1.5773362711902472,4
9641,429165.0460009955,4581593.4891679315,429174.22262576694,4581701.426349435,107.92259576098085,1.5724330267244224,3
9642,429165.1181082363,4581461.816300785,429174.8139997508,4581568.30940712,106.4365234377778,1.5773362711897918,3
9644,429166.0736087547,4581394.169204898,429175.31500930706,4581431.168680223,36.94140624972675,1.5773362711918428,3
9645,429301.09995041386,4583231.9677374,429307.5206300358,4583296.350327314,64.34472656295743,-1.5642563824002493,2
9646,429300.51087878086,4583098.801928848,429310.2410600524,4583210.538087118,111.6796875006483,-1.5642563823997044,3
9647,429300.8567264046,4582962.7661499595,429310.5906885546,4583075.080420867,112.25781250075269,-1.564256382399367,3
9648,429300.6839895879,4582832.617826567,429310.3617622645,4582936.340484338,103.66601562584985,-1.5642563824003033,3
9649,429300.98777785694,4582690.877515962,429310.738932785,4582805.820636899,114.88671875064054,-1.5642563824000215,3
9650,429301.3140824268,4582560.069164343,429311.05437371606,4582673.35118799,113.22558593672288,-1.5642563823998459,3
9651,429299.5077582877,4582427.257406385,429309.21294871945,4582535.1723573115,107.85839843740497,-1.5642563823995328,3
9652,429299.2957307155,4582294.5651282165,429308.9908941555,4582400.946908806,106.3251953124465,-1.5642563823996278,3
9653,429299.0846294789,4582192.471868907,429308.57848669053,4582268.073057765,75.54394531243909,-1.5642563823997198,3
9654,429301.8588227982,4582159.583931582,429310.96354331897,4582175.684439785,16.041992186502846,-1.564256382395947,3
9655,429298.1765632311,4582023.02349021,429307.9171163718,4582136.345552064,113.26562499958743,-1.564256382399549,3
9656,429299.9267886368,4581890.708050091,429309.61744312383,4581996.400392301,105.63574218887341,-1.564256382399725,3
9657,429299.89406249014,4581759.487353995,429309.5996361191,4581867.4608974205,107.91699218875637,-1.5642563823988898,3
9658,429299.2391655019,4581594.317954241,429308.9503210357,4581703.144995037,108.77050781164101,-1.5642563823996354,3
9659,429300.7422996024,4581462.858576471,429307.44003075315,4581569.603541681,106.70800781270391,-1.56425638240009,2
9660,429433.1416512366,4583097.63176703,429445.88234459306,4583211.004697909,113.29687499919,1.5773362711898136,4
9661,429435.5957613578,4582963.965986557,429445.2966599816,4583071.224701518,107.2021484373621,1.5773362711900172,3
9662,429434.86088308366,4582826.594007062,429444.56516022887,4582934.369312538,107.71875000022423,1.5773362711900774,3
9663,429442.86123328214,4582686.505444197,429464.7555494958,4582811.692772974,125.44201819730687,1.6982353519852822,2
9664,429446.5620257532,4582558.877415271,429465.90178925876,4582674.0836452115,115.28896093661086,1.4544752931583,2
9665,429433.30303151737,4582428.111447785,429443.0100293623,4582536.302759989,108.13476562494392,1.5773362711904948,3
9666,429433.6567344066,4582293.621470407,429443.33978243056,4582398.150751552,104.47265625026273,1.5773362711904815,3
9667,429434.493058961,4582164.181583896,429444.1863241599,4582270.273115225,106.03493984415486,1.5773362711899623,3
9668,429432.15262451087,4582025.868636711,429441.8408265363,4582131.185986939,105.26074218711967,1.5773362711905075,3
9669,429433.03753526876,4581888.062096078,429442.74208649853,4581995.87931027,107.76065961232788,1.5773362711899628,3
9670,429432.63823148026,4581758.41125493,429441.6908278018,4581872.091902103,113.676495107352,1.5712590195153764,3
9671,429433.3492357064,4581596.269083889,429443.0302719453,4581700.4907544255,104.16503906312046,1.5773362711895902,3
9672,429567.47779801395,4583096.4039216135,429579.93230378325,4583166.017534416,69.53662109432724,-1.5642563823996687,4
9673,429568.60116652655,4582967.179260033,429581.3174885452,4583076.825708106,109.57031249951305,-1.5642563823998448,4
9674,429567.88684066787,4582833.290668348,429580.5729731389,4582938.321004203,104.95410156194143,-1.5642563823997366,4
9675,429567.6753083344,4582699.008156025,429580.3710846,4582805.51306972,106.4287109374115,-1.5642563823998583,4
9676,429566.92929179687,4582563.827535915,429579.62525327445,4582670.3607693175,106.45703125019226,-1.5642563823993563,4
9678,429566.7397837188,4582430.892162751,429579.4145543948,4582534.185231073,103.21679687573813,-1.5642563823993434,4
9679,429568.68561519356,4582298.70234646,429581.35918199184,4582401.811336685,103.03271484266506,-1.5642563823998896,4
9681,429567.1116522533,4582167.853607311,429579.75492412475,4582266.330372382,98.4003906247758,-1.5642563823997908,4
9682,429566.8221059716,4582033.6544580655,429579.4577618,4582130.96669726,97.2358398436851,-1.564256382399483,4
9683,429565.8965399662,4581886.771414975,429578.27821142547,4581997.999708969,111.18774957814067,-1.567363008495915,4
9685,429566.4253457417,4581756.807771954,429578.81383877853,4581869.079643837,112.23099825603661,-1.5673341306115527,4
9686,429566.29648950894,4581595.731715873,429575.965340079,4581698.090145005,102.30175781188521,-1.5642563823997613,3
9687,429702.88574935304,4582969.535789602,429716.39408254845,4583079.135601797,109.44471668493553,1.5845888833553772,4
9688,429701.8724985512,4582829.470401614,429714.6105893605,4582942.445391785,112.89892578151026,1.577336271190586,4
9689,429701.6496677373,4582695.82300188,429714.3850154937,4582808.378567427,112.47949218758903,1.5773362711899395,4
9690,429703.2130081937,4582557.957257413,429715.24707833544,4582674.12210279,116.16133071668007,1.5705030221452878,4
9691,429701.97230565123,4582429.29501825,429714.4182943292,4582538.010293872,108.6669299201473,1.5749014491470055,4
9692,429702.05680798367,4582299.1863981,429714.7289856924,4582402.082990524,102.82031249960629,1.577336271190356,4
9693,429700.7702498097,4582166.133059996,429713.42919125065,4582267.0057699215,100.79638671825947,1.5773362711896852,4
9694,429700.89049036,4582023.498847236,429713.58173424605,4582129.3107405305,105.7356757160125,1.577336271189906,4
9695,429701.4454008621,4581885.941236601,429713.71193408954,4582003.660824087,117.6927103767843,1.5685314096767333,4
9697,429700.73813715,4581756.460868559,429713.72261662484,4581870.050075338,113.48933728461657,1.56211759289363,4
9698,429839.8332605846,4582828.77053653,429843.5641098377,4582940.54997318,111.762207030821,-1.5642563823990983,1
9699,429836.58345304173,4582691.905209191,429840.33900893,4582807.462397082,115.54003906199826,-1.5642563823998101,1
9700,429839.0881078495,4582559.395201153,429842.8257812048,4582672.21807252,112.80566406228608,-1.56425638239969,1
9701,429838.3689920266,4582424.801546421,429842.0858769374,4582534.445774829,109.6269531260055,-1.5642563823994562,1
9702,429837.96344129945,4582290.65060156,429841.69318247406,4582402.260608241,111.59277343837951,-1.5642563823998714,1
9703,429837.3418983562,4582224.294589459,429840.63249242055,4582268.757106362,44.443847656654064,-1.5642563823985225,1
9704,429837.7506823095,4582024.86601351,429841.08127576805,4582075.444610554,50.560058594721916,-1.5642563824005653,1
9705,429838.2961325126,4581888.7102022795,429842.04156561,4582002.71957171,113.99218750013381,-1.5642563823993423,1
9706,429969.99961334246,4582831.807787793,429985.71132393234,4582940.778557928,108.87500000043262,-1.5642563823995541,5
9707,429968.4416936378,4582698.572125776,429984.15832192416,4582808.294832955,109.62695312507344,-1.5642563824004627,5
9708,429967.67792492214,4582562.534916697,429983.3526616359,4582665.852221487,103.22141375095288,-1.5642563823994076,5
9710,429968.8590196518,4582437.103453589,429984.5025850177,4582535.654524682,98.4550781245463,-1.564256382400098,5
9711,429968.22151300026,4582296.186306114,429983.8943705939,4582399.216285329,102.93408203124379,-1.5642563823999374,5
9712,429967.5837450193,4582165.087502838,429983.2517296227,4582267.3723808,102.18896484314264,-1.5642563823994413,5
9713,429967.395070395,4582031.791785818,429983.04338740546,4582131.069403875,99.18164062602399,-1.5642563823999176,5
9714,429967.25665000407,4581897.1328840675,429982.92892322206,4582000.073509725,102.8447265626688,-1.5642563824000053,5
9715,429966.1169025944,4581756.976157314,429981.8210961338,4581864.7975379685,107.72558593862689,-1.5642563823997402,5
9717,430141.81843106553,4582691.410454318,430148.6138455527,4582813.091623543,121.64453125091438,-1.5642563823995246,2
9718,430155.3517356016,4582692.037609131,430162.1354256077,4582812.771032784,120.69700425897537,1.5772904567947947,2
9719,430149.5659063142,4582560.826568273,430153.29815742996,4582672.820355807,111.97656249966926,-1.5642563824003695,1
9720,430155.89134650177,4582561.181436195,430159.62605007936,4582673.550215711,112.35156250049283,1.5773362711906231,1
9721,430152.41115985886,4582425.403882694,430156.155548744,4582539.25358757,113.83251953105531,-1.5642563823993807,1
9722,430157.04070993693,4582425.382411336,430163.78658342117,4582539.488547246,114.06933593810865,1.5773362711904593,2
9723,430153.49953961483,4582293.133016791,430160.41892019135,4582406.07632476,112.89818184499497,-1.5626510248355518,2
9724,430158.5190085766,4582293.7740151705,430165.2625548177,4582407.524305564,113.71348281151366,1.5773362711902144,2
9725,430156.71562576044,4582164.700662888,430160.4279953316,4582273.654476373,108.93652343860582,-1.5642563823998559,1
9726,430164.0294561021,4582164.918384972,430167.7362980546,4582273.027001688,108.09130859380913,1.5773362711898704,1
9727,430157.48660162714,4582026.725366088,430164.1730625969,4582130.8539574575,104.09127947855082,-1.5642002269385198,2
9728,430162.9868268321,4582027.822928085,430169.65428540914,4582129.939086036,102.07910156308449,1.5773362711895513,2
9729,430160.31742085813,4581890.645122647,430164.0309144742,4581999.770807456,109.10839843735315,-1.5642563823997042,1
9730,430166.55542452814,4581890.478931867,430170.2762755293,4582000.729592617,110.23339843702769,1.5773362711907468,1
9731,430159.16573143704,4581759.337683346,430165.1988214273,4581867.6821427485,108.43094488955148,-1.8238357425103222,1
9732,430165.20962507674,4581757.650506504,430176.8204934027,4581868.07772269,110.17170949598119,1.585740080062998,2
9733,430504.9204051901,4582687.983697924,430514.1341664175,4582705.708840405,17.61690206201617,-1.5586243101490835,3
9734,430505.73300519504,4582564.653269215,430518.4289922191,4582671.190408783,106.46093749990975,-1.5642563823993993,4
9735,430506.3351062996,4582429.474709873,430519.0435280707,4582537.913175968,108.3623046882193,-1.5642563823997115,4
9737,430505.8646691516,4582290.196825426,430518.59500660555,4582401.986294075,111.71337890562653,-1.564256382399149,4
9738,430506.21875870717,4582165.073899093,430518.8732646412,4582265.268400867,100.11816406239123,-1.564256382400548,4
9740,430504.40356355446,4582026.10699933,430517.0720945037,4582128.445986492,102.2626953119156,-1.5642563824002733,4
9741,430504.1179332355,4581896.786875529,430516.77720358735,4581997.709877348,100.84667968686561,-1.5642563823994036,4
9743,430503.3808647838,4581761.393765317,430516.09331012476,4581870.44745263,108.9775390625027,-1.5642563823996074,4
9744,430639.1346019681,4581600.199374102,430651.7500154078,4581694.416464645,94.14062500047142,1.5773362711898735,4
9746,430638.50926978956,4581761.494442293,430651.2449560368,4581874.101764547,112.53125000053737,1.577336271190062,4
9747,430638.7845208089,4581898.768107973,430651.4282589035,4581997.316160582,98.4716796872429,1.5773362711898484,4
9748,430640.9284967737,4582023.952461131,430653.59887026245,4582126.573180548,102.54443359258293,1.5773362711892258,4
9749,430639.8496828273,4582163.72033344,430652.5148576084,4582265.5461479835,101.74951171918707,1.5773362711908114,4
9750,430640.036122135,4582295.574675036,430652.73262647516,4582402.190914475,106.54003906274316,1.5773362711901082,4
9751,430640.49767169164,4582431.379983885,430653.20483529876,4582539.626071281,108.16992187426398,1.5773362711900012,4
9753,430640.4245646289,4582563.493971645,430652.8808554582,4582633.380527829,69.80957031266468,1.5773362711900898,4
9754,430774.58824832627,4582627.64612511,430783.884158671,4582672.980383125,45.27636718660866,-1.5642563823998368,3
9755,430774.71453132445,4582560.152749056,430783.77379827836,4582569.30321058,9.09179687506798,-1.5642563823960574,3
9756,430774.8938631683,4582429.309368616,430784.6314720777,4582542.181244785,112.8154296875113,-1.5642563823995874,3
9757,430777.0600959729,4582297.682040906,430783.72190239216,4582398.933959526,101.2148437502163,-1.5642563824004108,2
9758,430777.98434956354,4582162.573213213,430784.6953648817,4582271.349384983,108.73925781203845,-1.5642563823991866,2
9759,430775.668273678,4582025.755567642,430782.34008792916,4582128.537726974,102.7451171874213,-1.5642563823998115,2
9760,430775.9674188751,4581900.611581798,430782.60871786106,4581998.72782529,98.07910156269155,-1.5642563823996234,2
9761,430773.9358945814,4581758.128039862,430780.69528989686,4581874.301722181,116.1369265629017,-1.5642563824000104,2
9762,430772.5288506689,4581598.062097761,430779.1673650891,4581695.752569108,97.65332031274738,-1.5642563823990117,2
9763,430910.05194517464,4581594.740366689,430916.7125381363,4581695.806742402,101.02929687466364,1.5773362711892691,2
9764,430908.4805411306,4581759.467071593,430915.22505426494,4581873.365204139,113.86132812528298,1.577336271190033,2
9765,430909.9757457865,4581896.51391338,430916.6383824662,4581997.892782411,101.34179687534925,1.5773362711893246,2
9766,430908.5594192596,4582024.463217996,430915.2625151702,4582132.028478163,107.52832031299005,1.5773362711895909,2
9767,430911.4660695542,4582162.337595501,430918.1509316678,4582267.114829354,104.74023437453968,1.577336271189936,2
9768,430910.5967200691,4582298.123329699,430917.2726536895,4582401.535358372,103.37499999861103,1.5773362711900376,2
9769,430909.95916686644,4582431.491076602,430916.3994470219,4582498.870672734,67.3417968752662,1.5773362711905001,2
9770,430910.7092705408,4582567.019097671,430917.40375409584,4582673.267491468,106.21142578080861,1.5773362711901018,2
9771,431044.4403514309,4582557.70743315,431051.20677066816,4582674.955103438,117.21093750020985,-1.5642563823998321,2
9772,431045.04563279584,4582493.953063727,431051.34442379564,4582539.698356902,45.70703125009693,-1.5642563824005118,2
9773,431043.7059585884,4582422.4555226965,431049.79511164763,4582436.146269352,13.651799218234029,-1.5642563823961044,2
9774,431045.4218232461,4582299.311116304,431052.07733884576,4582399.601141432,100.25292968695955,-1.5642563824001172,2
9775,431044.0017062853,4582166.474343408,431053.6666865643,4582268.240988322,101.70996093776978,-1.5642563823996904,3
9776,431045.7930225187,4581886.404777066,431052.51794789283,4581997.307856476,110.86621093783351,-1.564256382399561,2
9777,431043.8904550095,4581762.156602822,431050.59024265147,4581869.216014432,107.0224609373168,-1.564256382400275,2
9778,431040.7721301584,4581596.041335311,431047.1864084244,4581704.929828733,108.86644715476028,-1.5669905378760542,2
9779,431155.6406650288,4582433.178481757,431165.11967546,4582542.0183217395,108.80126404027818,-1.575199761255404,3
9780,431198.8513787194,4582429.2758161295,431205.58320483525,4582541.234048755,111.92138671845146,1.5773362711900374,2
9781,431159.47455025173,4582295.913078256,431179.8730610727,4582372.897341613,76.50067212933985,-1.4198883197627175,3
9782,431184.0893115201,4582299.690472947,431195.9491593375,4582362.002560789,61.96177021233525,1.524468876471569,3
9783,431169.9700180374,4582168.2972895745,431179.6447634567,4582271.557066618,103.2031249998637,-1.564256382399916,3
9785,431180.21456853184,4582170.649360655,431189.86885761074,4582270.781274904,100.07519531270486,1.5773362711899306,3
9786,431170.75032794446,4582032.04927727,431180.39422599436,4582130.592358309,98.48632812414925,-1.5642563824000024,3
9787,431182.3539716235,4582032.566566273,431191.99558326387,4582130.760045414,98.13671875021595,1.577336271189944,3
9788,431170.5495056951,4581892.657435347,431180.21598682954,4581994.65356754,101.9394531249728,-1.564256382399806,3
9789,431181.350484481,4581892.6313873455,431191.0161928346,4581994.509358003,101.82128906217015,1.5773362711903436,3
9791,431148.0484226112,4581772.044718194,431178.1383632385,4581868.890556834,97.23710126155493,-1.7917310231354346,3
9792,431185.76869301684,4581765.705274673,431218.2999269318,4581869.431246829,104.41833671148663,1.8004269591362527,3
9793,431142.0304064848,4581597.6022611335,431181.8015581647,4581700.603397098,103.650339534067,-1.2950073971087734,4
9794,431190.75731048157,4581602.54357896,431220.3755609789,4581697.570317291,95.36434778165048,1.350534544841055,3
9795,431313.1622770606,4582430.9851356335,431319.86157931964,4582537.970330081,106.94824218802749,1.5773362711900716,2
9796,431315.9403017637,4582361.928728588,431322.2136420871,4582403.782503423,41.815429687281416,1.5773362711895644,2
9797,431310.79747121956,4582286.01966444,431319.8798232615,4582298.699935633,12.621682031593272,1.5773362711910464,3
9798,431313.8709827324,4582162.108404004,431320.5506844579,4582266.096592232,103.9511718747874,1.577336271189526,2
9799,431312.04165432724,4582026.253672117,431318.71841820807,4582129.792651202,103.5019531246753,1.577336271189921,2
9800,431313.187027683,4581893.008220558,431319.8496196565,4581994.3802537965,101.33496093694735,1.5773362711904988,2
9801,431313.4951204738,4581756.267537153,431320.21460067795,4581866.338026556,110.03360312499241,1.5773362711902295,2
9802,431312.9263017191,4581600.2597497525,431319.87438601296,4581699.810716364,99.49829796747095,1.5803278587044962,2
9803,431447.9592838833,4581600.517827304,431454.5759049738,4581694.860713991,94.30566406174776,-1.5642563823991642,2
9804,431446.9256365365,4581759.726655893,431453.583502412,4581860.376048337,100.61230468798146,-1.564256382399115,2
9805,431447.35604708875,4581890.868100672,431454.0266414957,4581993.463740556,102.558593749905,-1.5642563823997986,2
9806,431446.44704600424,4582027.157178205,431453.13530579914,4582132.4539322,105.25976562608697,-1.5642563823997766,2
9807,431448.0501917008,4582156.748989783,431455.03819180676,4582228.187865255,71.36260596847356,-1.5846496249742041,2
9808,431447.98601851764,4582293.116703017,431457.72256342135,4582405.8258881355,112.65273515802066,-1.5642563824001696,3
9809,431447.56031773926,4582432.752881053,431454.27281475294,4582541.755610477,108.96582031148722,-1.5642563823999038,2
9810,431581.1756954498,4582429.036253629,431587.88103306375,4582536.944279904,107.87109375038408,1.5773362711904426,2
9811,431581.7897787978,4582290.5227280315,431588.50566071953,4582400.043024513,109.48339843724428,1.5773362711897783,2
9812,431581.56104091305,4582228.634663588,431587.8303097669,4582269.865893142,41.19287109221678,1.577336271190426,2
9813,431575.62629917375,4582156.045971127,431584.7002808976,4582167.446384534,11.341796875347212,1.5773362711898635,3
9814,431581.65449834935,4582027.874385047,431588.33370191866,4582131.786403028,103.87499999970825,1.5773362711904566,2
9815,431581.1442787358,4581890.392650914,431587.8431594779,4581997.313393615,106.88378906303134,1.5773362711897017,2
9816,431581.7590865703,4581754.47897175,431588.48203470855,4581865.079723249,110.56387656186595,1.5773362711904055,2
9817,431580.71625829255,4581600.206888598,431587.3405433257,4581695.721625226,95.47753906268838,1.5773362711898777,2
9818,431716.6463090746,4582433.485966301,431723.3040472177,4582534.1158279115,100.59277343753101,-1.564256382399345,2
9819,431713.8284566128,4582291.074873732,431723.5653566075,4582403.838353782,112.7070312499335,-1.5642563823996793,3
9820,431866.95973303023,4582293.670956105,431873.67183407355,4582402.61313995,108.90527343714027,1.577336271189963,2
9821,431865.6668213088,4582428.223983504,431875.3806464492,4582537.459218696,109.17871093785625,1.577336271189533,3
9822,431868.32292708935,4582560.631028997,431875.055854897,4582672.757715052,112.08984375079154,1.5773362711902932,2
9823,431869.87112702,4582694.922559226,431876.63662019745,4582812.028630979,117.06933593723885,1.5773362711896153,2
9824,431870.76592104614,4582826.526829083,431877.5161949108,4582941.305802166,114.74218749991645,1.5773362711903627,2
9825,431872.0861331733,4582961.287232185,431878.8155675004,4583072.879749976,111.5556640632692,1.5773362711902146,2
9826,431884.9806175143,4582943.983015343,431991.0001011647,4582953.675809346,105.96289062500908,0.006539944393610725,3
9827,432014.0246765429,4582944.53692308,432121.7745919367,4582954.241034173,107.69335937497287,0.006539944406664061,3
9828,431996.43920145166,4582960.686235673,432006.14142849226,4583068.148071291,107.40527343850665,-1.5642563823991629,3
9829,431997.30167601723,4582829.167563933,432007.00156555534,4582936.2719853185,107.04785156234445,-1.5642563823987636,3
9830,431997.293707618,4582695.072229492,432007.0484582125,4582810.565143357,115.43652343703287,-1.564256382400102,3
9831,431995.37894013047,4582561.275756435,432005.08358769957,4582669.107701324,107.77539062485369,-1.564256382399748,3
9832,431995.0427903361,4582428.826339846,432004.73982505547,4582535.494247129,106.61132812521029,-1.5642563823998274,3
9834,431994.8576379321,4582289.9311332,432004.56810371106,4582398.652707502,108.66503906274838,-1.5642563823997124,3
9835,431881.8429339834,4582816.909844709,431992.2528598778,4582823.6315448405,110.37304687502407,-3.1350527091927582,2
9836,432016.00570605375,4582817.247223676,432122.7868033034,4582823.945191131,106.74414062497141,-3.135052709203845,2
9837,429183.33667316806,4582179.401668183,429299.78040454874,4582223.342396616,117.6887131073441,2.8626478853734576,4
9838,429040.0819614361,4582220.3591876635,429157.5685019399,4582264.596861228,118.773125764964,2.8626626630363257,4
9839,428908.37914174784,4582256.955891185,429025.3348403044,4582298.43277289,119.08831471422782,2.862336952903662,3
9840,428772.87120051886,4582296.92871315,428887.69697995187,4582336.60398738,116.62874341534416,2.8725671492463642,3
9841,428642.1591888784,4582330.857053919,428760.980170311,4582372.107586935,120.86953527513826,2.868638237529188,3
9843,428236.9731247294,4582440.292540687,428359.50173221005,4582488.641663598,123.16208396192376,2.8624964029506805,5
9844,428130.18661839224,4582482.065049212,428224.5183142885,4582538.038993243,99.75405905199808,2.6704200268611937,4
9845,428119.0267115717,4582463.172822376,428223.9852917256,4582502.791784824,106.94254992534705,-0.29415046957636665,3
9846,428238.48359901196,4582426.580747275,428358.5514936329,4582466.266505412,123.17752302642054,-0.2789602906249699,2
9847,428372.1249303443,4582388.9281109795,428491.501024262,4582428.405388569,122.45548352352448,-0.27887704482210013,2
9848,428509.2517609756,4582351.307288645,428626.70414558786,4582390.258237344,120.46019056043347,-0.2790779011089764,2
9849,428638.86217023816,4582316.749710438,428760.51821938914,4582355.170884423,124.4372908958538,-0.26533193241077985,2
9850,428773.81704638735,4582284.788281574,428877.2775722156,4582318.837829125,105.70585266790223,-0.27071659293197586,2
9851,428911.26453040214,4582243.540126542,429025.82901438826,4582284.283624261,116.59072381494876,-0.27884560319244645,3
9852,430517.7001663314,4582687.680211874,430605.3150043794,4582736.73580799,93.15114248927374,2.686155681426358,3
9853,429069.8845210768,4582960.8442102615,429156.6814009423,4583078.901819471,132.48792446257823,2.1669222128773553,5
9854,431585.8030149237,4582150.621719947,431644.1369550549,4582188.988345632,59.59990880081765,-0.4842481005933134,4
9855,431588.1853747962,4582152.870594678,431690.40155635605,4582200.386870237,106.36980751237857,2.764696217587793,3
9856,430517.331603858,4582686.005328932,430586.9359815413,4582727.080837831,73.40876986710857,-0.4668353412402948,3
9857,431455.98067272326,4582192.520738608,431573.23090662505,4582256.994782232,126.51322830803483,-0.4622348937861564,3
9859,430916.91273208265,4582467.007784579,431043.9306763568,4582535.276141132,136.9919794052068,2.6867505392935587,3
9861,430783.0143744694,4582521.789824525,430910.3234266146,4582592.182303398,138.12496920445776,-0.4684341096324308,3
9862,430653.2469988306,4582601.990771715,430773.5614034803,4582669.034251928,130.36455158755726,2.6717794585589845,3
9863,429034.54977990163,4583091.932087751,429067.7339332109,4583130.99847471,37.02496547347474,2.166205741013523,5
9864,429788.07897406,4582136.614663205,429891.03991902125,4582155.187874303,102.86218769630837,-3.13601729257597,6
9865,429182.7128490059,4583213.366025915,429290.664908514,4583223.071459037,107.89550781245288,0.0065399443891304984,3
9866,428915.73711927136,4583078.137031233,429020.48700996017,4583084.821714522,104.71289062500993,-3.1350527091854596,2
9867,429029.93128175935,4583075.885850645,429052.72041957756,4583085.034315054,22.730764843727346,-3.135052709186466,3
9868,429181.3367660277,4583082.583593519,429289.647127448,4583089.29156242,108.27343750004349,-3.135052709195502,2
9869,429320.71202196094,4583081.805623683,429426.4726332222,4583088.496917123,105.72363281252909,-3.135052709186821,2
9870,429585.2923492018,4583080.983387502,429700.140736894,4583087.555345925,114.81992063303528,3.1366106326392775,2
9871,428913.63730129576,4582944.490326083,429021.1412170632,4582957.192635859,107.42773437495832,0.006539944386919438,4
9873,429051.3015881743,4582944.756853084,429142.34296538157,4582957.3514972385,90.96484374996038,0.0065399443865230755,4
9874,429185.111753915,4582944.65539322,429289.6313585045,4582957.338185489,104.44335937505306,0.006539944395780846,4
9875,430917.34954303567,4582457.636921032,431042.6462245035,4582524.58411339,134.88473107832596,-0.45147208603544947,3
9877,430782.4370305215,4582531.634287024,430911.35201333155,4582602.776043513,139.89847814185146,2.673584469966246,3
9878,431322.4385620509,4582281.991062263,431393.22225151974,4582324.742672196,75.14838919318281,-0.48106749621997924,3
9879,431457.5547339767,4582203.698048299,431573.92396295,4582266.594455103,125.0729236941001,2.6880015674755664,3
9880,431051.21244189626,4582418.601120587,431112.65686101397,4582457.730232912,65.1072660899191,-0.5003177667733082,3
9881,431323.84692254954,4582284.309295517,431408.9746791337,4582334.452169318,91.28981777414803,2.661538202751868,3
9882,428243.9940289589,4581750.300339167,428357.54624760174,4581760.185845923,113.41317227363861,3.1072950683080047,2
9883,428373.4954211625,4581750.169613134,428491.13210664975,4581756.2443864895,117.6328952907459,-3.1409569931920793,2
9884,428507.1454469588,4581749.874031109,428627.0213816786,4581755.930382531,119.87312737886465,-3.141122555839433,2
9885,428641.9845576834,4581748.481926295,428754.9501326683,4581754.578073139,112.96050886229142,3.1407414797537982,2
9886,428780.3835925041,4581747.729202593,428890.69138238067,4581754.198553316,110.2832507071005,3.1373362820373507,2
9887,428911.8206592578,4581747.26899205,429027.6669923276,4581754.026246488,115.80957031258473,-3.135052709201081,2
9888,429047.1426667645,4581747.506960231,429158.1820121454,4581755.157978019,110.9623283236933,-3.1267070293885033,2
9889,429183.9356614228,4581748.8622244885,429295.90576637135,4581755.056059851,111.9598845172878,3.139861279416579,2
9890,429313.37728419405,4581746.988841173,429427.65796015225,4581754.727160525,114.2025523467127,-3.1263646031235712,2
9891,429447.56877197296,4581748.299383341,429564.45430212375,4581754.6006654445,116.87045002816022,-3.139014564975547,2
9892,429583.97570442565,4581747.692945568,429697.3205116796,4581754.27473882,113.31549135660008,3.136457654771424,2
9893,430520.26537981734,4581746.944787446,430631.7162990742,4581753.673295715,111.41406250001403,-3.135052709185418,2
9894,430657.38082292804,4581747.659883096,430770.3981149367,4581754.3986355,112.9804687500096,-3.1350527091944396,2
9895,430786.1525406151,4581747.676829418,430902.66240154294,4581754.396682656,116.47499827138112,3.13541130599612,2
9896,430923.21260128106,4581746.178637512,431041.2986880144,4581752.950540025,118.04937187497795,-3.135052709192242,2
9897,431054.4864123377,4581747.29192257,431141.7938466034,4581772.457933504,88.13453274862552,-2.9206827366485815,2
9898,431221.2328454932,4581747.080791897,431304.64993711625,4581765.163093518,83.43247026191011,2.9954919461224945,2
9899,431326.6198358788,4581745.85398202,431440.1839911923,4581752.596310931,113.52734374998872,-3.1350527091921085,2
9900,431463.6563520304,4581745.646178477,431575.90345269785,4581752.379893801,112.21026093760615,-3.135052709195665,2
9901,431593.31238125695,4581745.249138364,431711.7607933115,4581752.419998766,118.39485308618374,-3.1317005592064886,2
9902,429454.0975825266,4582944.864732831,429560.6884318834,4582957.561071119,106.51464843754317,0.006539944396982103,4
9903,430333.30530037254,4582293.482050254,430342.77398951835,4582407.86747324,114.2558729767039,-1.6011842048104694,2
9904,430312.70079083653,4581763.911057392,430321.83239784586,4581868.473732636,104.42964017955202,-1.6008144406789493,2
9905,430339.86919969146,4582293.705330983,430355.2570027736,4582407.99937786,113.98735021097575,1.5410244073974988,4
9906,430340.0275114751,4582563.1201410955,430350.8220665886,4582675.967408177,112.69397787507445,-1.6134024425446372,2
9907,430347.50644867815,4582563.137512408,430363.34926487686,4582675.464997776,111.98112497033352,1.5364095582625417,4
9909,430343.51669441356,4582428.7119776495,430358.97663775424,4582543.451092193,114.42818300652833,1.540506781646627,4
9910,430336.6490179705,4582429.382568539,430346.12968157383,4582544.17699011,114.66507054411642,-1.6011801999588093,2
9911,430333.2269072213,4582161.481112662,430349.1898566943,4582273.126465002,111.28806538183782,1.535110267404681,4
9912,430326.48870174855,4582161.6493722405,430337.63853330095,4582273.199190724,111.39148568690564,-1.6171024364964053,2
9913,430320.8686062217,4582023.8626630865,430330.1263787059,4582131.525979798,107.53082974489884,-1.601122803417179,2
9914,430327.81547129113,4582023.8403419405,430342.9865812627,4582130.875820807,106.72560803121269,1.5410293833076902,4
9915,430321.80888260086,4581764.001254215,430335.5929994876,4581869.66236661,105.473051808912,1.5538638268691742,4
9916,430316.9650119005,4581890.619432588,430326.3634276496,4582003.209816222,112.46036722608939,-1.6010441296861244,2
9917,430323.7061184646,4581890.033554707,430339.03280906304,4582001.568585177,111.22545830203538,1.5408339844691388,4
9919,430651.42598836456,4582591.656467574,430773.8699281828,4582659.581642198,132.67019350727605,-0.4683944865168973,3
9920,431209.9367748932,4582334.942707908,431311.6433118168,4582402.574962294,114.02191494122066,2.5876765162050686,3
9921,431199.8160397966,4582324.696919392,431308.6116009952,4582374.2908993205,113.28329250997416,-0.37232683569565705,3
9922,431051.12021834054,4582422.0576283755,431139.7593647968,4582467.894884718,92.94554754922507,2.7250384339794516,3
9923,428511.09486063523,4582367.719919178,428625.8280866175,4582407.110699186,116.48145053620775,2.874798700683419,3
9924,428560.6083705231,4582407.519550716,428626.18145352765,4582416.947823736,65.51562499995006,-3.135052709208269,3
9925,429395.1223661318,4582136.566855656,429424.8987715608,4582152.212012897,28.442590105223843,3.009366419762781,4
9926,429314.97656614037,4582140.652352148,429390.45881964633,4582154.062754701,75.27031737027998,3.12282564606491,4
9927,429311.4931208595,4582154.917498707,429390.7558604746,4582188.950556181,79.12122500012413,2.8528461084927894,4
9928,429840.7447814013,4582157.970139304,429894.92916226137,4582211.504358655,73.17018747795017,2.36274623128595,1
9929,429783.8625751799,4582158.6013732795,429837.6196607013,4582213.009669055,73.48610676378527,-2.3496615933870015,1
9930,429784.3245406101,4582086.099676586,429834.70797115745,4582135.88350238,67.83046094630232,2.3627344345911814,1
9931,429846.036394295,4582086.074925712,429894.5982938116,4582134.196158224,65.36615159328767,-2.3611907889293136,1
9932,429033.4194706021,4582160.011368135,429036.95514478086,4582241.947693005,81.9184570319384,-1.5642563824001412,1
9933,429391.5698274388,4582149.192791135,429427.74018357747,4582165.816760547,34.86357938340213,3.0053516990487106,4
9934,428895.05936308275,4580928.583115182,428904.7461983717,4581033.691485504,105.05175781139907,-1.5642563823995697,3
9935,429699.522932729,4581677.334042981,429711.55307336454,4581702.187073309,24.838482772347977,1.5720101482455713,4
9936,429722.2935355114,4581717.170482813,429829.6997675696,4581736.0559405,107.26119614607028,-0.008260974029822073,6
9937,429842.3306498336,4581718.741907583,429964.3295964617,4581734.010352931,121.96622294439473,0.002201280820072677,5
9939,430365.6545579641,4581717.818116465,430500.8140451282,4581733.998297115,135.03348724660802,0.008744269183428416,5
9940,430350.03430791496,4581746.189614347,430501.1875954149,4581753.921477793,151.09442934816647,-3.1301276661874176,2
9941,430502.1075265399,4581590.409009591,430517.8022614966,4581696.784132111,106.27929687500551,-1.5642563824001534,5
9942,430909.47980265866,4581459.870207897,430916.1765949764,4581566.471621489,106.56445312487438,1.5773362711896175,2
9943,431040.83533100074,4581458.169210684,431047.5391613726,4581565.846773136,107.64062500028574,-1.5642563823996074,2
9944,428772.3523355769,4581041.549518863,428884.0616473519,4581047.750841424,111.69867846666382,0.0018024601555958147,2
9945,428923.478646485,4581043.129003932,429017.286388368,4581049.7421251545,93.77050781248967,0.006539944387690119,2
9946,429848.2696507399,4581741.831148661,429964.806734885,4581752.027651826,116.3963764464355,-3.1054976854259766,2
9947,429721.62141426385,4581741.756077262,429830.25948317983,4581751.010951054,108.50684802189463,3.1115662732484966,2
9948,430185.5061004906,4581746.98476877,430293.29327725654,4581753.292679297,107.77047276536945,-3.1387353269770553,2
9949,429989.6399471159,4581745.552904949,430142.8622682432,4581751.982210495,153.20610889713683,3.138790352364828,2
9950,429992.50713089935,4581719.585712375,430135.9120389666,4581735.948085432,143.26868288287216,0.009514099475384227,5
9951,429968.25170344947,4581639.417332009,429984.1917741267,4581700.446991512,60.804603037818794,-1.5862870624611316,5
9952,429983.6601974231,4581554.846136288,430161.61344088864,4581624.201321826,181.9447114727889,2.8341617323602675,5
9954,429885.08874649997,4581614.927691207,429966.93822332675,4581655.737018804,81.42225532556189,2.8083420133862504,5
9955,430187.7896591758,4581714.261633408,430293.1932205319,4581723.299911116,105.3106720207799,0.015804579828199928,3
9956,430791.7463060988,4581574.248290057,430902.75289892044,4581580.973892413,110.9697265625071,0.006539944394607036,2
9957,430927.71870388713,4581575.777705065,431031.9656756439,4581582.459099245,104.20996093761211,0.006539944400998631,2
9958,431055.15619079437,4581575.151158866,431165.10225942114,4581581.869825353,109.90917968747794,0.006539944392203847,2
9959,431183.75931117526,4581461.374351619,431193.4411138085,4581565.713207148,104.28222656209726,1.5773362711900392,3
9960,431168.8878323098,4581461.22729895,431181.57157618535,4581565.892408241,104.58886718727513,-1.5642563823998572,4
9962,431200.0031028941,4581575.738592145,431292.3909532678,4581582.342427225,92.35058593755366,0.00653994439867947,2
9963,431335.44632281247,4581575.904165655,431428.9034862553,4581582.514994082,93.41992187496372,0.006539944389319402,2
9964,431468.72262773383,4581577.096117055,431569.3681140112,4581583.753957384,100.60839843750766,0.006539944396454907,2
9965,431595.65514471725,4581575.435972863,431702.27120643394,4581582.13286098,106.57910156247921,0.006539944394624804,2
9966,431735.4330164722,4581576.260279734,431835.9310449655,4581582.917155683,100.46093749995795,0.006539944392356012,2
9967,431732.15058911615,4581440.395575448,431832.9689232594,4581447.054546207,100.78125000001312,-3.1350527092084355,2
9968,431715.40837312234,4581597.624876191,431722.041950686,4581694.560480868,96.89843749942025,-1.5642563823998021,2
9969,431714.2440413885,4581470.6536378665,431720.88207042567,4581568.269892051,97.57910156252639,-1.5642563823989382,2
9970,431714.041468599,4581753.713767373,431726.9541428837,4581863.087212059,109.27699033099685,-1.5624404613194052,4
9971,431731.9825828483,4581718.035001018,431830.448804265,4581736.0858745575,98.4569333681823,0.0005167329790438586,6
9972,431729.0699152117,4581744.662502424,431831.1710618103,4581751.951946776,102.03344764088457,3.128950150210396,2
9973,431732.2827633267,4581872.786057773,431832.9194607295,4581879.443840623,100.59960937500428,-3.1350527091913136,2
9974,431713.36748049717,4581886.198677241,431726.0637165993,4581992.773901933,106.49902343791499,-1.564256382399882,4
9976,431712.55984717904,4582025.767364108,431725.0601098796,4582102.377409317,76.53320312465,-1.564256382399851,4
9977,431738.68427160155,4582005.520831281,431833.6424683691,4582015.141284052,94.90136718749999,0.006539944393018964,3
9978,431713.37133769353,4582158.494861919,431726.3618313613,4582269.668755517,111.07125107365307,-1.561874266211359,4
9979,431736.2247808998,4582271.821116576,431855.24798156804,4582284.59876291,118.94726562497452,0.006539944396270223,4
9980,431883.7693159349,4582271.616116493,431988.9148837002,4582284.303002586,105.06933593751673,0.006539944398583246,4
9981,432013.57872934785,4582271.915258497,432117.0739417823,4582284.591351204,103.41894531247553,0.006539944398154772,4
9982,432139.51265266654,4582271.828695381,432248.74797671905,4582284.542328633,109.15917968752258,0.00653994439495036,4
9983,432140.97163599724,4582946.342767774,432250.90900461044,4582956.061184893,109.88085937499355,0.006539944399115486,3
9984,432274.06753013306,4582945.852839276,432377.1534827695,4582955.526447877,103.02929687498147,0.006539944401420402,3
9985,432272.8745441249,4582816.192233776,432381.21127216873,4582822.900375116,108.29980468750155,-3.1350527091925406,2
9986,432143.3441900005,4582817.124923603,432252.62230416207,4582823.839221643,109.2412109375297,-3.1350527091923484,2
9987,432144.8886709531,4582680.552642171,432253.1668953609,4582690.260208424,108.22167968744286,0.006539944391990816,3
9988,432274.68926844705,4582679.661271373,432380.1364987105,4582689.350322817,105.39062499994563,0.006539944391767695,3
9989,432274.65232481505,4582544.039006719,432379.2031395325,4582547.613874827,104.53589662244515,3.1360929506712756,1
9990,432145.45346078067,4582545.093221431,432250.59094962996,4582548.780632095,105.12011718745867,-3.1350527091836966,1
9991,432137.0951445343,4582407.485708075,432248.1409767425,4582420.211182118,110.9697265625071,-3.135052709195186,4
9992,432124.4446505977,4582427.840131218,432131.1504735946,4582535.822374654,107.94531249967338,1.5773362711898937,2
9993,432127.23171366187,4582560.597395223,432133.9922763696,4582676.949576849,116.31542968773908,1.5773362711902368,2
9995,432127.6062408657,4582694.68076392,432134.3556269903,4582809.323997719,114.6064453133845,1.5773362711900973,2
9996,432126.40983166476,4582828.002832179,432133.1428680449,4582940.14611944,112.10644531162517,1.577336271190017,2
9997,432126.28871857293,4582960.520400475,432133.00668253243,4583070.359049524,109.80175781343763,1.577336271189975,2
9998,432254.21616521344,4582960.936646388,432260.9363836494,4583071.1200146265,110.14648437475851,-1.5642563823997435,2
9999,432389.8036976313,4582966.485081417,432397.65881161566,4583069.687507861,103.11112835153956,1.5527945219923385,2
10000,432402.26054255594,4582947.221022888,432507.26735255064,4582956.907193968,104.95019531245751,0.006539944396298355,3
10001,432401.05100418616,4582815.760954249,432506.1172943585,4582822.447706802,105.02929687500027,-3.135052709193213,2
10002,432258.59069652937,4582830.571409196,432265.31932614243,4582942.040882742,111.43261718692207,-1.5642563824000337,2
10003,432388.00568217976,4582831.491467279,432394.72623271984,4582941.725615683,110.19726562574247,1.5773362711892336,2
10004,432258.2453700505,4582694.753958053,432265.00637982157,4582811.174497592,116.38378906245273,-1.5642563823992564,2
10005,432388.1572852067,4582695.682175181,432394.9142203149,4582811.479681171,115.76074218873396,1.5773362711900178,2
10006,432400.5478299001,4582678.554662333,432512.5242174073,4582688.286414712,111.91992187503865,0.006539944392997181,3
10007,432257.80210471334,4582559.61381455,432264.551305626,4582674.228728642,114.57812499967281,-1.5642563823996012,2
10008,432387.34274726064,4582557.226301028,432394.826247271,4582674.82904318,117.53635648045028,1.5834223578167261,2
10009,432403.27086111513,4582540.618548648,432505.67499496037,4582545.214436413,102.36980078026298,3.1259990197343503,1
10010,432255.8006959207,4582424.785717577,432262.53263380245,4582536.76103968,111.9384765616644,-1.5642563823993907,2
10011,432386.68537722615,4582430.098578957,432393.1501693055,4582536.29471018,106.17087896457086,1.566417997461725,2
10012,432271.9756746922,4582407.827781206,432379.21201805695,4582420.528341049,107.16015625004606,-3.1350527091952616,4
10013,432401.86626818054,4582408.257339721,432509.06257333903,4582420.957637712,107.1201171875296,-3.135052709197227,4
10014,432124.4698801725,4582292.709462391,432130.98695516837,4582403.231081724,110.49474813564038,1.5661160808415584,2
10015,432255.9439540025,4582287.487496186,432262.7010615495,4582403.311368798,115.78710937479356,-1.5642563823989377,2
10016,432386.03834181395,4582292.2056951225,432392.49140042154,4582400.04623845,107.81627969980114,1.5665936875542716,2
10017,432272.29715015064,4582271.617009768,432379.02276225033,4582284.31422941,106.64941406246035,0.006539944396816647,4
10018,432398.4979423977,4582273.431646668,432509.1931961659,4582286.154827916,110.61914062498114,0.006539944396004919,4
10019,431996.16426194087,4582163.598831109,432005.8357374113,4582266.358618845,102.70312499969818,-1.5642563823998332,3
10020,432121.52145418234,4582163.092659211,432131.2216119584,4582270.238095345,107.08886718810355,1.5773362711906247,3
10021,432255.7394147411,4582161.390291821,432262.4358749547,4582267.940925249,106.51367187482134,-1.5642563823999351,2
10022,432385.20508244983,4582164.094392751,432391.8906854112,4582268.984905432,104.85351562472991,1.5773362711898125,2
10023,432385.068817129,4582032.7234108215,432391.7400693577,4582135.419634492,102.65917968804743,1.577336271189618,2
10024,432256.14577398135,4582116.358455159,432262.26943750377,4582135.326000685,18.928710937305794,-1.5642563823985658,2
10025,432121.8766655021,4582024.630357785,432134.1671149978,4582069.1590578295,44.45117187464102,1.5773362711893113,4
10026,432121.5572655635,4582088.059276387,432133.8421331543,4582131.734479059,43.59765624989299,1.57733627118875,4
10027,431998.00935843145,4582051.372699998,432007.6520242722,4582135.191172781,83.75185101850197,-1.5784730209679079,3
10028,432121.960696539,4581954.322793778,432134.25582742644,4581999.567298827,45.16699218706723,1.5773362711900067,4
10029,431993.774624844,4581888.520214962,432003.85636918986,4581965.849493617,77.21067341462296,-1.5848185411299147,3
10030,431865.7316158052,4581873.278439063,431986.97822401073,4581880.071011504,121.20996093753132,-3.13505270919748,2
10031,431870.9926694431,4581747.680148728,431992.40031815413,4581751.473966849,121.39062500000401,-3.1350527091995626,1
10032,431872.97576181224,4581716.4231748795,431985.15575824626,4581726.156258868,112.12353515623087,0.0065399443896929565,3
10033,432011.39534343086,4581715.807903823,432108.4521281309,4581725.442081438,96.99999999999045,0.006539944392133651,3
10034,432007.34240785183,4581746.911689395,432107.3100853867,4581750.565289298,99.95019531248867,-3.1350527091950178,1
10035,431716.9286286559,4581322.967331307,431723.63802177284,4581431.495461507,108.49121093727989,-1.564256382399463,2
10036,431872.5666583265,4582003.210558765,431930.1353219247,4582013.837748479,57.3358703110353,-0.02844730638587676,3
10037,432016.12089177076,4582005.9694132665,432118.6437337496,4582015.427644685,102.4836175341037,0.004472158168585411,3
10038,431865.8078341213,4582158.7315213,431872.3432641898,4582265.700460961,106.94023532968828,1.5657887865454678,2
10039,428764.3931781631,4582832.071785638,428771.0453344012,4582931.848149877,99.7392578127826,1.5773362711896293,2
10040,428763.4664921468,4582964.058057955,428770.1572363365,4583069.734686635,105.63964843672869,1.5773362711906913,2
10041,428648.19990911375,4582942.709921004,428750.70686143293,4582955.379550452,102.43066406245994,0.006539944396438371,4
10042,428628.02255698934,4582827.36892149,428634.69329190196,4582929.98604529,102.5800781252144,-1.5642563823993116,2
10043,428643.3225614898,4582813.914758791,428754.16900148627,4582820.639313741,110.80957031244128,-3.1350527092027867,2
10044,428514.1357245708,4582811.44972018,428621.5623158286,4582818.15190919,107.38964843742217,-3.135052709197548,2
10045,428490.9496208932,4582827.630008584,428503.217813022,4582868.755461097,41.04785156190725,1.5773362711898846,4
10046,428387.37884232565,4582811.340955646,428484.55077007535,4582817.976078772,97.13476562497192,-3.1350527091882507,2
10047,431992.92394405114,4581755.53664103,432005.63514919503,4581864.40069685,108.78790351517867,-1.5642563823996936,4
10048,431995.1446340786,4581589.714740668,432001.82915770146,4581694.440217816,104.68847656252302,-1.5642563823994915,2
10049,432141.0650709373,4582005.35255229,432240.3014965239,4582015.000984838,99.17968749999787,0.00653994439009033,3
10050,430313.5422678908,4581590.0008074865,430334.493486082,4581697.43057168,106.63811839737403,1.4444418249427597,4
10051,430304.2841672887,4581524.482395461,430312.045641867,4581697.180128509,172.64549458830015,-1.5605914988378498,2
10052,430171.4781385259,4581570.097215974,430182.3391434697,4581701.471129246,131.321876467723,1.4118690015665554,2
10053,430153.7607864234,4581572.219153646,430170.25390816625,4581701.169524137,129.43415352601158,-1.5617159107466183,2
10054,430313.58535757393,4581523.619710533,430325.8659397434,4581566.639653781,42.942382812745436,1.577336271189038,4
10055,431743.9469038611,4582138.926995793,431857.94782104675,4582154.143172932,113.97266751960794,-3.139695670193655,5
10056,431879.8054726975,4582139.882426378,431987.6454076418,4582155.586741262,107.74414062501296,-3.1350527092017404,5
10057,432013.36708606995,4582138.512157745,432116.87760632427,4582154.819659635,103.32882665147153,3.1289268751009414,5
10059,432139.7913732399,4582137.512832697,432248.98772448883,4582153.2260185955,109.10058593751528,-3.1350527091880904,5
10060,432269.50268785935,4582140.123985979,432376.9987977849,4582157.023624971,107.24695571385446,-3.1238569724937477,5
10061,432402.9965181301,4582138.590101919,432511.0947726037,4582156.377296594,107.74571562251978,3.115674731469874,5
10062,431861.5587413023,4582081.719859794,431873.633296812,4582133.595829739,51.858768711913314,1.5722342309858583,4
10063,431767.3013980699,4582067.018158246,431854.0091500678,4582123.9706342295,86.30491148792414,2.6842294419119925,7
10065,431730.75841709017,4582049.452643405,431845.98058321123,4582111.718642156,121.54733592549897,-0.43654340172197864,4
10066,431847.64079160936,4581594.6622512415,431860.72385194036,4581699.802926841,105.02244208127571,1.5811152492760145,4
10068,431843.06992008706,4581758.96443222,431855.73940902913,4581861.449900624,102.40917968749902,1.5773362711896886,4
10069,431841.8539340534,4581887.581223243,431859.63699822786,4581997.276792079,109.34867696852903,1.5452976881689402,5
10071,431851.43031279155,4582015.987778714,431869.6047552181,4582042.802410359,25.054633149188923,1.4384762415409047,5
10072,431878.66788093006,4582026.554321108,431949.9758188255,4582072.211044176,72.20606065716449,2.6788296933241944,5
10073,431876.4487991112,4582016.23774323,431930.3021303151,4582048.391928069,55.4357482692646,-0.44864247413045144,3
10074,432255.6487386658,4582027.004096536,432262.13407641766,4582101.273193769,74.23144531328465,-1.5642563824005085,2
10075,432137.79636659723,4582077.025624942,432248.61389394506,4582110.924295983,112.87493125331689,0.251478738855553,2
10076,432014.5104747153,4582046.028212259,432122.3425146431,4582079.216805453,109.80396045792499,0.25199464143844824,2
10077,431961.7449343053,4582033.307933101,431994.373726052,4582048.125695685,32.241837651677756,-2.856771772275206,2
10078,431997.95722892735,4582019.629378091,432007.0074329328,4582042.312254365,22.66298597141996,-1.5730125461794067,3
10079,432011.0777063097,4581942.544289985,432122.063210091,4582006.580664838,120.62460698587337,2.658171111979645,3
10080,432009.3557514734,4581908.489742444,432117.16246549727,4581967.636410981,118.04749286766885,-0.4732720512873732,2
10081,428369.7601468008,4582419.656072977,428492.2377764225,4582455.62529404,124.72560648860156,2.897467414264959,2
10082,428371.6844691584,4582402.153180672,428490.51560435176,4582444.309067861,121.06943599722642,2.86116962140059,3
10083,428908.17458259285,4582279.67935392,429030.7186231381,4582317.981146293,125.27815570963988,-0.262484773451751,2
10084,428239.8599988809,4581705.93178663,428335.1889536527,4581712.507319682,95.28350195149189,-0.03755623590138108,1
10085,428372.244421107,4581704.46167178,428491.2988685416,4581708.402947779,119.0344447037697,-0.007908464058623757,1
10086,428506.58306756435,4581704.129653523,428624.0769904348,4581707.684248204,117.48106907766537,-0.004721017427189128,1
10087,428640.57133774407,4581703.355798666,428756.16861598217,4581707.114301439,115.58007815609929,0.006563179782877068,1
10088,428779.3143628155,4581704.060053473,428892.4477744154,4581707.799757772,113.11621093752726,0.006539944390419461,1
10089,428913.999304388,4581705.040997857,429026.2465044715,4581708.7749063,112.22998046878007,0.006539944396304032,1
10090,429044.9951071537,4581704.617902812,429160.18218577176,4581708.3710381705,115.16992187501057,0.006539944395162795,1
10091,429184.3568393525,4581705.534460848,429295.09430609783,4581709.258495578,110.72021484369509,0.006539944391678904,1
10092,429315.20611593296,4581705.5652512275,429430.9136912322,4581709.321790654,115.69042968747341,0.006539944394682567,1
10094,429446.19349956803,4581704.861577543,429563.310224419,4581708.627332862,117.0996093749961,0.006539944396888718,1
10095,429581.1458521892,4581703.49449535,429695.52670019335,4581710.242165461,114.3440539062223,0.0065399443908809585,2
10096,429716.78149561374,4581702.6011048835,429817.1463559607,4581711.860427599,100.34193331184925,0.002584692752368062,3
10097,429836.12949027884,4581702.483254577,429966.35225859267,4581709.339625184,130.18611154443704,-0.006579093795546142,2
10098,428362.92346914305,4581736.7860964555,428369.1072706776,4581749.125327696,12.250263864142157,-1.5858563212294352,2
10099,428492.4471190337,4581708.594793004,428504.52645129967,4581720.842756837,12.169745313021275,1.5773362711859837,4
10100,428630.22746902687,4581737.425429242,428636.2958623813,4581747.941927374,10.477482811255626,-1.5642563823955191,2
10101,428763.4195848585,4581707.978420783,428772.50581176946,4581721.251176179,13.214178906450735,1.5773362711891568,3
10102,428896.1570245354,4581737.625145252,428905.21774768946,4581746.998266076,9.314460936900185,-1.564256382402314,3
10103,429030.3469289414,4581737.404214818,429039.4111310758,4581747.309286767,9.846423437889808,-1.5642563824008,3
10104,429163.6402510875,4581709.198181511,429175.69329724566,4581721.350687566,12.09989978051349,1.5664027241642868,4
10105,429299.6723142463,4581737.16043175,429308.7378209779,4581747.264982245,10.045906250058978,-1.5642563824020876,3
10106,429432.99729141063,4581710.172557825,429442.0656076773,4581720.706698352,10.475505468697865,1.5773362711915462,3
10107,429566.93398443126,4581736.839362371,429578.99008718325,4581748.526066516,11.628801737365999,-1.5756328805306776,4
10108,429990.87801755185,4581702.5948467795,430141.31353642105,4581713.20016741,150.3222364408417,0.030659885369838897,2
10109,429967.0759853578,4581732.910330264,429979.41451530723,4581745.494891995,12.253224508841754,-1.5988121242039341,4
10110,430187.75345308403,4581736.57861389,430292.7665376315,4581744.157124762,104.93467242465343,0.015049839399184611,2
10111,430350.72306140646,4581702.574699932,430497.1512015242,4581708.639421124,146.42550235171672,-0.0004420116716999145,2
10112,430519.47518450883,4581701.170131742,430633.05464355234,4581708.511009117,113.51648838339432,-0.011816146403969772,2
10113,430504.5364851508,4581734.914421123,430516.6073136336,4581745.862119794,10.869452343535663,-1.5642563824085725,4
10114,430661.3753951223,4581700.868600291,430770.41230350465,4581707.581320836,108.99999999994692,0.006539944390814888,2
10115,430784.68846684287,4581702.080354526,430906.70458984165,4581708.877959624,121.97949218747988,0.006539944400568069,2
10116,430775.163713838,4581734.4932029545,430781.24586718227,4581747.113662968,12.581489687450416,-1.564256382397461,2
10117,430920.5470529568,4581702.257992419,431035.32675472344,4581713.762450029,114.62378434117923,0.048101040306252854,2
10118,430910.6367306557,4581710.060319118,430916.6995680961,4581719.727294014,9.62794140653119,1.577336271187005,2
10119,431043.4542615308,4581738.728518648,431049.49343647144,4581744.7773951385,6.009765625349363,-1.5642563824032656,2
10120,431208.7516883087,4581712.380280118,431222.23649012053,4581747.480425067,34.613847499980594,1.6140299220696304,4
10121,431140.453836034,4581716.702199315,431153.8657196415,4581749.949162818,32.75651646811049,-1.6142583248995026,4
10122,431327.3599098654,4581702.905822961,431441.5577589736,4581708.994581681,114.19321990181179,0.0007772838129340731,2
10123,431465.9577331512,4581701.660776912,431572.18415476306,4581708.355116769,106.18945312486873,0.006539944397787467,2
10124,431444.894234386,4581733.7960421,431457.2393028838,4581745.219046599,11.047169065382965,-1.602586444654241,4
10125,431598.95611166,4581703.850315445,431707.4128654616,4581707.559434226,108.43945312508404,0.006539944389356324,1
10126,431580.6379969759,4581709.004424837,431586.84815733385,4581718.736843647,9.602524701537098,1.592835806436851,2
10127,431732.3783458095,4581701.940041976,431839.1069100424,4581705.432746911,106.71584995222231,-0.004617295988950657,1
10128,431715.04794621485,4581733.021207673,431727.1605722509,4581746.178025056,13.053355691858908,-1.579459057485893,4
10129,431873.51566258434,4581725.846629534,431985.0194813723,4581735.129194902,111.48136284856388,-3.1390577492841016,3
10130,432011.23013488273,4581724.911898537,432109.28689819743,4581734.55261605,98.00000000003199,-3.135052709195409,3
10131,431993.99410914147,4581734.388754521,432006.13633187587,4581746.793008881,12.265141799894904,-1.5824588131860382,4
10132,431588.9560311668,4582156.824415389,431704.3822935385,4582220.019408958,126.67106656763401,2.667250484149826,2
10133,431465.60649326735,4582220.121208545,431578.4346988066,4582278.517460536,122.30353678795409,2.6934913884895817,2
10134,431324.66405963147,4582289.442146585,431442.46343325224,4582350.573527163,127.95987542690315,2.6909659456438795,2
10135,431321.85802766454,4582282.408884686,431356.1187211071,4582302.817609822,35.05977106841474,-0.4416081527867667,2
10136,431575.33006209286,4582172.62293124,431584.52977206226,4582183.3527299,10.56011852366169,1.589864127546798,3
10137,431456.3955368314,4582168.836290522,431573.3363849985,4582232.868147177,128.39919312116652,-0.47476861576243656,2
10138,431216.6920640251,4582354.340818153,431311.8701835006,4582406.928817662,103.8204936785044,2.669145469384958,2
10139,431197.35666053905,4582302.181224832,431310.28377279907,4582365.26871805,124.37308355323684,-0.4830956046905629,2
10140,431311.52723184275,4582307.004174187,431320.54223244835,4582319.891430529,12.876776401254284,1.5696309170416933,3
10141,431051.4373483842,4582417.46669192,431092.4194123414,4582440.330014527,42.25856801532674,-0.42425082667565556,2
10142,431053.29590733006,4582429.815377428,431144.7881288824,4582485.2388603445,101.7766150678792,2.6257375159142518,2
10143,430927.3583649374,4582486.147662806,431042.00321115955,4582547.784826963,125.29900192862863,2.6757937384361785,2
10144,430919.6462861131,4582439.963239188,431042.8810086825,4582505.423690017,134.70390667287634,-0.46239565715398084,2
10145,431044.6302883698,4582472.565903449,431050.96721684106,4582481.220219778,8.41757222600722,-1.6114224465756273,2
10146,430784.4910293251,4582554.352713504,430906.74241369683,4582620.559027614,134.13074339904486,2.6706432172575716,2
10147,430783.6106534365,4582507.407959079,430907.180824394,4582574.872107545,135.86372594202206,-0.4749380651114106,2
10148,430908.50615720765,4582510.578499164,430917.69973103,4582518.156037129,7.338817455921019,1.597617319876803,3
10149,430663.64420084085,4582621.204879483,430772.926949967,4582680.64860316,119.50996346239351,2.6718826065766685,2
10150,430660.497517018,4582575.239290307,430773.2202870398,4582636.238130265,123.28654346013599,-0.46827181549603686,2
10151,430773.4754283278,4582607.066631896,430782.6727645317,4582617.256896011,10.013277465209322,-1.5906828121202186,3
10152,430518.8093349534,4582692.867389814,430629.3725901951,4582754.629399337,121.66626555106437,2.6591458188504755,2
10153,430571.53820449533,4582641.310101226,430640.61081624567,4582680.380551212,74.43140234942672,-0.47018980195457316,2
10154,430516.2975498394,4582686.889052537,430552.5221308356,4582708.4630858665,37.30923124305223,-0.4481654912366581,2
10155,431043.5058972498,4582026.330853504,431053.164254605,4582127.084824761,100.69726562446,-1.5642563823991364,3
10156,430336.31330128136,4582679.369478392,430344.9232476017,4582691.425017887,8.53164999998706,0.006539944348004798,4
10157,430330.4684670549,4582561.825032384,430335.35373904736,4582677.884842415,116.02637784893075,-1.5870491071370552,1
10158,430365.37430475495,4582564.745125064,430371.6880257252,4582673.453666842,108.66759975483119,1.5402846402838908,1
10159,430326.60178497696,4582428.601285575,430333.2412347626,4582542.738404381,114.0994947511937,-1.6027122946536723,1
10160,430362.1998458119,4582429.85046504,430368.76852865773,4582541.742224673,111.85299620784143,1.5388721220393147,1
10161,430358.86823704204,4582544.938686892,430365.14571313246,4582553.979164413,6.2187499999671045,-3.135052709117195,3
10162,430320.7771810321,4582293.220212162,430329.04490169795,4582407.337407758,114.10042059873253,-1.6170082504210683,1
10163,430354.1390222913,4582410.625229124,430360.29549608176,4582422.664722816,6.078125000004789,-3.1350527091923093,4
10164,430357.53304235626,4582296.9509659335,430363.3889315685,4582408.217296421,111.22597044530474,1.5451081426803515,1
10165,430324.12441575027,4582275.819154179,430332.9534985963,4582287.876126835,8.750791210944708,0.0065399444521060356,4
10166,430317.7034940355,4582216.013792827,430323.9928380506,4582275.104200324,59.061715218116284,-1.5658960761082352,2
10167,430350.6753352713,4582162.156328018,430356.90289813373,4582268.211027249,106.01251005735817,1.54033337292608,1
10168,430342.45797390136,4582137.057646839,430348.6849364087,4582155.09721659,6.109375000011757,-3.1350527092769647,6
10169,430310.83532058424,4582022.946927084,430319.11019398016,4582132.894689259,109.93050982345413,-1.618829978746663,1
10170,430341.59507625713,4582022.717037847,430350.7111367778,4582096.930820754,74.02662518633561,1.528617955692717,2
10171,430314.29968477914,4582009.657498705,430323.6008701158,4582018.821620893,9.139615749375379,0.01811987493233262,3
10172,430307.2664364761,4581890.192378891,430313.55606931506,4582005.217952381,114.98681608702567,-1.5994197048713568,1
10173,430340.6180167002,4581892.650839777,430347.49281931145,4582003.165415619,110.47734261616951,1.535699119980632,1
10174,430302.34691995836,4581763.39503514,430307.9730210715,4581869.711789259,106.2750706373687,-1.5955178855670629,1
10175,430338.2394115229,4581764.575101438,430343.9422290609,4581869.829843891,105.21239448051236,1.545094925025123,1
10176,430336.7942988402,4581877.508927963,430342.8529407468,4581883.54816677,6.019531249991389,-3.135052709224611,2
10177,430300.51112114545,4581527.178698314,430303.5701784102,4581697.456027401,170.27629882820543,-1.571143159835065,1
10178,431862.1812628251,4581700.958056313,431984.70140433265,4581705.552603023,122.49146478324015,0.013020058596023688,1
10179,432011.23680840334,4581701.1766588325,432110.4686618307,4581704.825446418,99.21435546880157,0.006539944389293787,1
10180,429029.1776456063,4582266.3596455315,429038.2967987111,4582276.144733695,9.674340388974661,1.5584082207534768,3
10181,428556.2728802638,4582382.10252688,428625.3942000336,4582402.805597019,70.64465308754457,2.8868841807065047,1
10182,428641.4850289809,4582348.388229158,428759.1224147294,4582381.47351437,120.72085396861259,-0.25268313285788796,1
10183,428775.5637230016,4582316.856462916,428890.4719476356,4582348.020770223,117.63083018584236,-0.24254730340476002,1
10184,431372.0806323611,4582233.659600948,431444.49804950046,4582274.477891364,78.20305706072729,-0.4707730773267767,2
10185,431446.65073655016,4582235.590300569,431455.8176042142,4582250.5464995885,14.85570322448415,-1.5820676136154397,3
10186,431370.9452943235,4582272.170110305,431395.44755735865,4582285.315663857,23.949312625272277,0.04843907151760421,4
10187,431846.04752900836,4581549.796281703,431858.1874778293,4581571.31277857,21.438476562427756,1.5773362711926242,4
10188,431952.0053212734,4581977.383679319,431986.8138617218,4582002.776443759,35.033154561293884,-0.5267755420019207,3
10189,429968.8327099161,4582957.576955033,429983.9004864599,4582968.087428478,10.412597656035617,-1.5642563824016489,5
10190,430349.6029740675,4582276.089074185,430355.1470330423,4582288.200539958,5.285878236444118,-0.021619686555933465,4
10191,430319.6299085621,4582137.335001351,430326.6473815103,4582155.379741072,6.8999023437638405,-3.135052709117487,6
10192,431155.6445023976,4581697.545939662,431207.8055156946,4581714.334871792,51.67033861482526,-0.03480487396150112,5
10193,431162.16093309957,4581761.3309672335,431203.4739465183,4581769.181710211,41.083814298079254,3.0963800244492496,2
10194,431675.88203073374,4582114.078095079,431710.4462556014,4582137.788569397,34.252406404554485,-0.4765915149524936,3
10195,431670.7571477373,4582136.036085091,431695.1514895807,4582154.97095486,23.692122440409044,-3.1015126780682203,6
10196,431736.18092307495,4582110.057633048,431768.372958767,4582132.670529855,31.61720575080623,2.660345478895401,3
10197,431744.11415824475,4582116.966794873,431774.9074986659,4582139.363805208,30.181867963465585,2.6402924749323113,3
10198,431963.8479647524,4582011.831463931,431990.4905074228,4582031.132424528,24.019689253068353,2.80279085407099,4
10199,428085.8998016294,4582291.172661236,428104.6881130368,4582411.885456622,120.5976562502474,-1.5642563823996878,6
10201,428086.93413845304,4582170.99766007,428105.5736735727,4582268.961918514,97.84863281259359,-1.5642563823993116,6
10202,428088.6709264316,4582031.482967058,428107.36698312865,4582138.089618804,106.49121093848,-1.5642563823997961,6
10203,428084.84000993846,4581804.826331922,428106.6395683682,4581867.650698289,61.82710082185018,-1.6328510940516279,6
10204,428510.07762952725,4582405.228623784,428542.75383888325,4582420.048485049,32.28990398648679,2.857161019238198,2
10205,430639.0941735995,4581706.743348076,430651.17431014776,4581719.114290138,12.292726172087368,1.5773362711917827,4
10206,430187.08848440915,4581705.96744649,430292.99490326154,4581712.482663612,105.87847202535906,0.004866808181678204,2
10207,431059.3301837029,4581734.12537905,431141.75309502275,4581758.643592536,83.19855122779548,0.22634580101007934,2
10208,431159.3299165155,4581749.068417068,431202.75358179334,4581757.483266433,43.15475049401252,-0.05620705749099541,2
10209,431221.09082708874,4581730.6154551655,431305.454893756,4581752.491854028,84.75340082104172,-0.18973129460093904,2
10210,431710.64386023325,4582117.700260431,431726.49953952164,4582132.669796907,14.052252217769098,-1.507740471788815,5
10211,428511.53028978506,4581443.779165197,428618.87582808884,4581450.4808241185,107.30859375002161,0.0065399443933434505,2
10481,428030.27938833885,4582411.916325165,428076.29802430543,4582415.217096305,45.99999999986529,-3.1350527091995195,1
10483,428019.44647534145,4582284.633050468,428076.8356409263,4582294.945080741,57.47639178928881,-0.12799412948734393,1
10484,428007.8319328382,4582163.926101208,428078.37995481153,4582175.792223888,70.73185468302069,3.0155746791615523,1
10487,427988.0631815351,4582016.530650982,428081.86684153776,4582045.038134681,95.11661973328482,2.9008231863465865,2
10533,427949.9677459908,4581891.774511539,428072.97090740193,4581965.539227927,140.80149799431788,2.611622299174667,1
10718,427923.12650487863,4581339.79735962,428035.38311271206,4581673.601143029,348.64851352426854,1.260237925414381,2
10719,427916.9951402713,4581341.421620091,428029.49911961623,4581676.0031257775,349.46465630904527,-1.8813485819686746,2
10720,428292.72702810075,4581328.238148933,428334.22502961825,4581413.477504923,88.3204890587866,-1.9556338493847005,3
10723,428306.3543980786,4581307.313695575,428409.6956795396,4581316.373239418,103.33611254970677,-0.0005762297237357112,3
10739,428390.9409619304,4581269.803651964,428420.4002448097,4581300.57027856,39.59973962995211,-2.330933929962609,1
10749,428436.56140347396,4581183.432419843,428529.0549686959,4581213.742160719,95.6522036283445,0.2909147707791421,1
10757,428476.54724412254,4581096.623114073,428583.42490184173,4581154.177376232,118.92008339384701,0.4797930813318986,1
10758,428513.9112940477,4581057.524538207,428631.0173886531,4581113.965116979,127.69325203370188,-2.7073895842004174,1
10766,428616.0288924639,4581045.2898407765,428696.6455263968,4581053.084716954,80.58102512475075,-3.0819874638778786,1
10772,428736.83850770665,4580974.182392362,428767.7135953144,4580985.396106434,31.205242426040055,0.2699652340987802,1
10798,428820.3404877491,4580839.300115664,428871.7790679983,4580870.335261343,57.47712949523529,0.5173661856297189,1
10816,429079.7406961407,4580612.905397195,429100.45349531603,4580654.322511173,44.02839312736432,-1.1502704559397383,1
10825,428900.2388674217,4580597.566658771,429072.7000756343,4580657.690819373,180.8226620185256,0.32231900069096014,1
10832,428838.8727855433,4580785.576094563,428912.4155318111,4580828.713610274,82.68321365774469,-2.629395630998733,1
10834,428861.39179974626,4580713.719517907,428978.35663524945,4580761.367043625,124.25837050434089,0.3692751415511379,1
10837,428882.5118229727,4580655.814408215,429034.24505115225,4580707.883261826,158.63064227175346,-2.8261251004296404,1
11022,427908.06651765644,4581814.210840098,427993.12714780273,4581903.664557497,117.44824114099889,2.3283180148106544,2
11023,427902.9855933051,4581809.936687459,427987.3981210565,4581898.703510023,116.5038543974576,-0.8132646114050565,2
11047,428008.0926628776,4582504.647445794,428078.65442812804,4582516.80331404,70.53541510220384,-0.002210204384634082,4
11068,427797.9283412326,4581732.946175774,427991.94539559114,4581753.953575901,193.6683190905425,-3.0949991363940206,4
11073,427799.42302465695,4581710.305933108,427854.5950820118,4581719.732759432,55.103955841098625,-0.007750821715305794,3
11074,427799.2903872654,4581720.770478657,427958.9448516968,4581730.606424948,159.60951022306799,0.0052382441981164065,3
11095,428051.5433472722,4582567.699799684,428082.49619328155,4582597.318658025,30.884195094336093,2.406165612182601,4
11096,428053.95741873974,4582601.976893664,428072.11110236286,4582616.613658177,17.726050809149744,-2.5698953257498762,2
11097,427991.53981735883,4582597.250018356,428045.50429964927,4582640.609320991,57.76136653295643,2.520808664551684,4
11098,428878.8177728413,4583290.564237904,428935.48896044056,4583366.319413228,80.68077100952534,2.1492662867210934,5
11100,428930.1595372201,4583255.0906806355,428955.50709007535,4583283.010534671,23.548451894654672,2.1417809988449124,5
11101,428950.4561975435,4583225.168148212,428975.6978697119,4583252.568630211,22.932595059791083,2.1625515489720573,5
11102,428783.23412444885,4583136.132473035,428875.84462355817,4583202.550731314,105.5769087024769,0.592431201097567,3
11104,428870.67394101084,4583195.186339393,428893.97985388694,4583215.61488263,22.293624691015797,0.6317428659243438,3
11105,429012.8480206027,4583289.064523282,429026.7404751598,4583302.401644273,10.755046126117401,0.5597445201802901,3
11106,428759.7604698202,4583209.038111429,428808.7727999697,4583281.66971124,84.86321274340314,2.1507367709840164,1
11107,428760.23278378136,4583168.709580138,428809.49205428927,4583204.758166716,55.42872963597158,-2.5463244677741024,2
11108,428745.34580288123,4583171.882736291,428754.29986130534,4583183.000081781,11.432092432398777,-0.9678193090190726,1
11115,428639.08552715526,4583113.316904706,428666.6839662348,4583170.10749002,60.87311054516164,1.9914867644527006,1
11120,428389.9083441491,4582830.267471667,428487.4630253925,4582916.979518962,124.56950320472507,0.7206913663007102,2
11121,428375.5250892954,4582857.184167456,428459.1995942503,4582934.228710367,107.7663095255629,-2.402278021140809,2
11122,428491.01884137996,4582873.288604033,428503.39745377266,4582912.567447551,39.16449993594264,1.5804780725058933,4
11123,428358.9003536329,4582942.305693037,428375.53745213366,4582957.61931888,16.349850536795348,-0.019355235190987616,5
11127,428490.5253548883,4582984.210160696,428508.8502093701,4583079.5101939645,94.70846421870606,1.5036783042675297,4
11128,428662.86711805634,4583079.595539734,428689.5295401793,4583097.779717345,27.077516631195916,2.644603642925349,2
11129,428710.32743073953,4583087.513485513,428753.7879315763,4583121.218803473,46.511124242216276,0.6004547199131934,3
11130,428763.55633039185,4583143.395314674,428780.26612390013,4583166.008596803,25.305708970231787,-0.9736529209737815,1
11131,428748.70300789346,4583113.79269004,428760.1684425651,4583125.5876909355,7.733162216960621,0.6003916635045214,3
11132,428629.1732119757,4583026.297101296,428693.9011813076,4583077.365527688,73.80528877185466,0.6357980709541736,3
11133,428376.21802887967,4582940.093465875,428449.2084571183,4582957.096502422,72.6032042526495,-0.027671442286152665,5
11229,428229.9126461641,4582745.830797955,428237.0761788687,4582939.855772153,194.00527734915377,1.5493301906489312,1
11230,428226.8680643657,4582743.362160103,428232.79941920855,4582939.919300011,196.53425622410322,-1.5857138145914957,1
12055,428962.3287622338,4583456.059925085,429130.61720159935,4583545.284316664,185.60791814756507,2.6727246027430107,2
12077,429105.8503870604,4583359.690817638,429126.65961937787,4583382.756330113,19.71040515962032,-0.993823136792489,4
12078,429173.3416647408,4583461.1237124475,429180.38743555103,4583486.9128287155,25.638608836337,1.7307718346567114,1
12079,429131.7902396277,4583461.293901608,429141.5388618518,4583482.313416749,20.247143255396097,-1.3790491689716995,2
12080,428936.23332142935,4583286.425734975,428978.70531858574,4583318.811467264,42.447240678097366,-2.5926347700861,4
12082,429217.13933520816,4583347.932890358,429253.94203403854,4583369.410622378,36.24337923091941,-0.48897265028515136,3
12084,429212.7501212093,4583332.049726653,429250.2196204886,4583357.981571947,40.16694990844286,-0.5442897802542883,2
12085,429229.6993213286,4583378.432821458,429250.4011655143,4583392.186885439,20.014762199175745,2.7143488032266117,2
12086,429223.5541744232,4583358.492703923,429254.0175438859,4583382.969790532,30.797869587857917,2.4830504179266137,3
12103,429096.66809672886,4583396.017226134,429106.7402441391,4583410.2262315815,13.520373899246716,-1.6524007018995122,3
12117,429273.17058546084,4583383.13854399,429308.0495343496,4583394.589248463,35.20280428251783,0.24504875802217813,1
12120,429271.71793586033,4583386.5471587535,429307.78459011717,4583398.658721475,36.490630632077306,-2.886477503677709,1
12282,429972.1396796564,4583029.546185612,429987.51294862246,4583093.735675614,64.1031745624357,-1.5766232726722906,5
12285,429567.71848284797,4583234.934366813,429580.81393484236,4583370.076706622,135.0494129749314,-1.5789108314438614,4
12349,429715.79682990286,4583055.154976837,429863.5063586448,4583133.689411888,160.0852481937011,2.6858870649913325,3
12351,429715.6605154127,4583052.395179333,429846.16047501384,4583123.621224366,141.37818760461317,-0.4632388666267746,3
12352,429874.59322480025,4583023.071097512,429970.42159494216,4583075.788186334,104.4648246771262,2.6709622285834076,2
12353,429715.7024794244,4583038.312306755,429841.028597482,4583103.428305336,136.46233918157353,-0.45296994924513245,2
12354,429716.18594252993,4583078.386365314,429860.3505431086,4583156.065816515,158.85800068574812,2.6688159275751344,2
12355,429719.8162214272,4583157.229533175,429856.8038486733,4583166.704549126,136.9990235331822,0.04730536540012522,1
12356,429861.25848816265,4583084.274309103,429870.2475437093,4583159.565065887,75.11129415689618,1.6106653885218174,2
12758,429252.87510692584,4583397.318925298,429263.4002848903,4583487.353101804,89.8943107846795,-1.5877779241225094,3
12830,429581.7655530322,4583136.387485641,429700.54135854,4583202.147193426,128.43203417026587,2.6754776074997935,3
12831,429261.8201449312,4583269.621948458,429430.9655226147,4583360.380963684,184.67289110271452,2.677194394367892,3
12832,429445.3409276649,4583202.461243574,429567.4515279553,4583267.555341697,131.22218536268835,2.6923544868175173,3
12833,429602.3093990925,4583157.950212615,429700.6228211567,4583211.724034248,107.16545201441136,2.672770253473132,2
12834,429510.95373523596,4583227.124778353,429563.3062355697,4583256.688984649,55.29144145128973,2.689224243202548,2
12835,429444.7467843903,4583256.044269266,429501.55345302576,4583289.882953088,61.078370455776565,2.655511272387361,2
12836,429265.2747642338,4583289.5931727905,429432.15478382766,4583375.71942356,183.00728234855205,2.684663517457179,2
12837,429258.6789795262,4583304.191395373,429302.2985783334,4583332.193960837,46.62597018880655,-0.5101154777683979,2
12838,429309.6205380691,4583241.061868065,429429.69115426805,4583304.673831501,131.05467569566932,-0.4604720851274186,2
12839,429444.4163840398,4583224.98864051,429466.02450478583,4583239.958437097,21.194676256821896,-0.4713364094110936,2
12840,429485.631491932,4583175.421828384,429565.55201092374,4583219.215428165,86.27595092135222,-0.4615445542951855,2
12841,429581.9938193716,4583104.531186033,429701.02489197976,4583170.088212531,130.94501920212218,-0.4779494243750354,2
12842,429259.64048391505,4583259.896060521,429431.00402213313,4583351.022862402,186.84212208118123,-0.46069845703371337,3
12843,429444.8252581074,4583192.033122916,429567.831095015,4583258.009128694,132.3941805677054,-0.4524742374250373,3
12844,429580.71543339157,4583126.079476182,429700.8092242647,4583192.241846943,129.8008094812181,-0.4642173303336199,3
12846,429165.6371395081,4583491.326347248,429175.8287048411,4583530.990421438,39.78263949903924,1.7538482386126595,1
12847,429122.14948234597,4583487.678011404,429136.30704538955,4583528.653145503,40.605041397411405,-1.3653461819707187,2
13188,429434.8750486236,4583295.883969152,429442.8245390344,4583381.233647988,85.2346692580132,1.5479038467675252,2
13189,429505.04053906404,4583261.2748562265,429508.4774790806,4583371.926837751,110.64099625261657,1.574745717741884,1
13212,429010.7344209154,4580714.523712052,429042.9781014426,4580746.520446186,36.425753568222895,-0.7790312043683961,3
13213,429028.1663250202,4580682.686917732,429098.58974032465,4580752.376618533,90.0769630387815,2.36259357103087,3
13214,429091.44646182907,4580655.065235093,429104.23541561066,4580667.852798595,9.08649699338288,-0.7740324784225399,3
13215,428884.87909860647,4580834.82690089,428923.3342108102,4580872.947682486,45.148491765540456,-0.7788582190112521,3
13216,428741.58357627963,4580990.002580276,428772.48147492285,4581021.1046683695,34.84129538429591,-0.7909855186184745,3
13217,428642.169798356,4581054.825106666,428702.8220888198,4581115.717794226,76.94554714693493,-0.7878999696318733,3
13218,428474.31764310354,4581220.0257189665,428538.62074964365,4581284.10760278,81.78210695917764,-0.7832488959929298,3
13219,428359.6590277907,4581324.879890237,428435.97483649675,4581402.0562851075,99.53782963709997,-0.7921194521395023,3
13221,428210.45566488284,4581434.868106272,428332.58845543646,4581555.231356122,162.4762934640838,-0.7772453206042508,3
13222,428081.1885461853,4581576.425371013,428193.55791894195,4581687.52587283,149.02030792165266,-0.7789902830049675,3
13223,428090.2125209263,4581583.538168311,428202.4830700419,4581692.447507163,147.4208584140939,2.3733656838853645,3
13224,428221.13904003275,4581443.245817883,428340.5866024474,4581560.969285687,158.7108044011047,2.3643377398978886,3
13225,428367.9576321859,4581325.648557399,428452.17970356124,4581410.841627146,110.79732005918908,2.3494496688338824,3
13226,428493.15921233856,4581181.818620708,428597.54052683874,4581285.817588978,138.3474328827751,2.3582846732211706,3
13227,428629.1826364859,4581045.174815785,428731.4600605797,4581147.9030506285,135.96134853466913,2.353683712880469,3
13229,428759.61804691766,4580997.682403229,428786.587076537,4581024.813748557,29.25535614381401,2.350528080192078,3
13230,428899.9523983568,4580778.758498387,429003.60919076117,4580881.224934671,136.7542962733243,2.362783035538904,3
13231,429094.5404886906,4580669.111290887,429113.41177215154,4580687.837058426,17.587038511978726,2.3681774057650444,3
13232,430333.27856198023,4581442.306864742,430492.72484183655,4581505.307664362,164.00237004778472,2.821458924739103,4
13233,430504.8229112194,4581398.287336976,430519.98454551486,4581423.149066009,24.764160156670314,-1.5642563823996485,5
13234,430626.1407225537,4581402.314688138,430647.8478055135,4581440.331621147,37.2589326561185,1.2057830516694872,3
13235,430502.19346550625,4581459.588756536,430517.8658217504,4581562.542077234,102.85742187471735,-1.5642563823986233,5
13236,430638.259990604,4581458.353059137,430650.9257050543,4581560.261391447,101.83203125028994,1.5773362711897017,4
13237,430660.8059516424,4581574.853880538,430767.78723992343,4581581.55315725,106.94433593749548,0.006539944395811723,2
13238,430532.1804323855,4581574.512675494,430631.6364909746,4581581.162736921,99.41894531248396,0.006539944389511519,2
13239,430924.69243195246,4581255.708183333,431040.7035224098,4581301.346818775,119.1289615348202,2.825023037936679,3
13240,430788.76067065215,4581299.5476261,430901.670566688,4581344.167286948,115.86484461691444,2.825049386253914,3
13242,430633.3638659121,4581343.462476811,430772.4074645119,4581396.642606743,143.36487269863994,2.8250481430981655,3
13243,430527.3738515577,4581398.198050805,430612.16412209446,4581436.149354529,85.29193508205951,2.8250813081514274,4
13244,431056.2436182584,4581217.826349962,431169.18469437544,4581260.608748061,115.45351200333992,2.8409838320276246,3
13245,431847.723857972,4581326.877753724,431857.3988716294,4581430.178545516,103.24414062469226,1.5773362711906442,3
13246,431845.61235118215,4581454.273498972,431858.07732142654,4581525.487175211,71.1367187496564,1.577336271189929,4
13249,431167.14056596364,4581318.640142882,431179.910296083,4581436.452920219,117.73681640684954,-1.564256382399846,4
13250,431181.6110867487,4581318.57805126,431191.3827554968,4581436.657823865,118.02343749919838,1.5773362711900378,3
13251,431168.6373711815,4581226.284673003,431181.1080670298,4581298.3738188,72.01220703022979,-1.5642563823992879,4
13252,431182.3145979946,4581224.094233309,431191.893372841,4581297.453050203,73.28999650000328,1.562895360619779,3
13253,432270.1343395922,4581776.78134102,432380.57399820024,4581835.608386565,120.30078683308156,-0.46041308965528027,2
13254,432200.052215949,4581845.8399597,432242.9587740147,4581871.75375688,45.13333633102265,-0.4733116469197677,2
13255,432263.3728373182,4581810.411211718,432383.4993478848,4581873.823616598,131.02210190255747,2.6827333547570165,2
13256,432199.9635121325,4581877.8667948935,432248.2287458463,4581909.2364142295,49.88078576712586,2.6527628115719066,3
13257,432132.5096198423,4581905.606815702,432195.50140927156,4581944.951035283,66.61694980164937,2.6506469675041147,3
13258,432536.51946861553,4582134.437988199,432644.70185246866,4582151.898299139,107.8678621480999,3.118745811650243,5
13310,428167.2510505466,4581742.33746574,428206.5296851417,4581748.59396455,39.24023437497029,0.006539944406501213,2
13311,427937.79004552617,4581708.3849076815,427958.49770724407,4581718.540074292,20.220687920747423,-0.0579063285090632,3
13312,427957.4951226922,4581706.579681138,427967.9793489945,4581717.18734747,8.840952210729178,-0.20447117220025607,3
13313,427965.9597867544,4581700.821606614,427985.9276678382,4581715.101010625,18.040441976704187,-0.3243024543512571,3
13314,427982.94510855636,4581695.714689798,427997.12545126386,4581708.916050032,11.301711194008664,-0.4799166910103902,3
13315,428074.1760227026,4581781.4158993885,428093.8039517881,4581801.270942418,13.01003829922686,-2.4369843075250275,5
13325,427992.854249965,4581690.829268984,428005.9495145914,4581703.618040142,9.881859127041194,-0.537096946981113,3
13414,431863.5914249682,4581575.1415674845,431975.8817178313,4581583.317306987,112.194997958789,-0.019403766947851203,2
13416,429045.7869278062,4581041.038217876,429076.7053896279,4581047.240040841,30.879882812531925,0.006539944382222956,2
13417,429050.70112173166,4580905.597489051,429102.9599474846,4580911.938878798,52.22070312491692,-3.1350527092104095,2
13418,428913.0578308628,4580902.120581487,429020.2754422149,4580908.821403761,107.18066406251721,-3.1350527091967963,2
13419,429047.2877615341,4580770.0422378285,429097.9665429528,4580776.3732940275,50.640625000037595,0.00653994440088827,2
13420,429030.825893309,4580917.932036285,429037.56052315055,4581030.318970681,112.3500976570808,-1.5642563824002695,2
13421,429031.6165226512,4580782.1427912805,429038.34995500173,4580894.346624123,112.16699218783472,-1.5642563823999565,2
13494,432146.790180987,4581706.2125699585,432241.59887802636,4581712.832237466,94.77148437502137,0.0065399443941939785,2
13495,432150.48442340875,4581744.777953695,432236.57251495734,4581748.340780583,86.07031249994027,-3.1350527091907003,1
13574,430503.67399067496,4581210.382673172,430517.5414283268,4581376.810385911,166.2238320006476,-1.5479011382306822,4
13584,431327.63492579036,4581041.369100561,431437.0563010302,4581050.5422198335,109.37074243430718,3.1302452455196437,3
13585,431183.81596401066,4581176.955608802,431197.2796501426,4581206.928151418,30.261109590096634,2.0643624654452175,2
14059,427993.02137079334,4581701.3968738485,428016.7214961875,4581740.803155378,35.35513761935349,-0.9808162329354665,6
14060,428000.9844322795,4581748.549182162,428059.3229365668,4581784.451775375,59.07864645480248,-2.0928578342042794,6
14061,428068.36567201087,4581730.898700311,428103.3647187959,4581775.512799623,44.93860615914235,2.3032069849132206,6
14062,428078.3979847684,4581696.481659425,428102.6239953264,4581725.866951392,25.53028360843087,1.3613502053940687,6
14063,428037.20659185265,4581672.837416639,428078.5333155815,4581699.194316258,38.60346888910588,0.3617539009311195,6
14064,427997.56024217984,4581785.077245247,428059.81295678753,4581811.626536089,65.160079159856,2.385124379756819,2
14065,427988.1045686252,4581757.827479554,428000.167428075,4581804.899425693,46.629284065864255,-1.5084228672500497,2
14066,428099.93785422656,4581746.250956416,428160.2162836676,4581793.86364488,88.59443613951603,-0.04175593105488115,1
14067,428096.3090777835,4581692.951383288,428228.16286858794,4581713.588182236,133.99839424693477,-0.04766922808447825,1
14068,428208.7243643667,4581733.98924295,428231.1443586285,4581747.763021121,21.97210736349661,-0.5298311235468691,2
14069,428208.13757970027,4581747.597863839,428231.5559077425,4581767.527947144,27.884886278806526,0.7356614352633705,1
14070,428102.45793106296,4581724.051457257,428161.748874629,4581746.382414172,60.6294405656006,0.059523892021160776,2
14172,429110.3776809349,4583425.159597006,429140.1619726919,4583453.984284075,26.85193851638909,-2.2906005483204694,5
14173,429177.48885167495,4583395.234712423,429226.6318560732,4583456.352414623,67.71416254022171,2.463909792872217,5
14656,428366.2587690068,4582957.175109569,428454.73963864055,4583035.810667704,109.5182300944461,2.3959888827938762,3
14658,428521.4421289486,4582989.339484544,428658.5549422638,4583099.448444527,170.02255477867686,-2.4758001022096936,2
14659,428671.997428284,4583107.252521056,428754.0247492585,4583168.4674008675,96.66246579927645,-2.534372533965239,2
14661,428558.4145198595,4583102.642847567,428658.05440909974,4583152.508675794,106.82463899158313,2.7219935193043896,2
14664,428672.2303408391,4583174.890731412,428746.8929506676,4583183.92393464,74.79735067978775,-0.20930465824196787,1
14665,428814.59159324627,4583205.244883226,428924.12127870834,4583283.578054285,129.03911343123065,-2.5462858258418946,2
14666,428897.1813442119,4583214.498406527,428943.0494589757,4583249.302593467,49.17135756234482,0.579187435504464,3
14667,428972.42658126075,4583308.584938747,429099.51805551554,4583388.4361701915,139.53983945697053,-2.5894037615003223,4
14669,428959.36534297565,4583255.278074696,429017.6266222459,4583296.691119268,63.24496436266125,0.5597115112507574,3
14671,429034.3466117562,4583301.480692889,429122.52024881705,4583356.175765942,95.98486096269157,0.5356569350299397,3
14913,431430.9521602395,4581180.632428113,431447.9304040601,4581301.478658509,120.65360772422444,-1.6351253764100908,2
14914,431431.5475678998,4581058.544924556,431454.6594258133,4581162.893540282,105.42049911667868,-1.33569345589753,2
14920,428120.9853212428,4582549.719353264,428163.3887306137,4582596.657636493,78.97142312112524,0.9546461437207094,1
16430,429985.93979676685,4582955.306386706,430042.65737276163,4582990.303046731,59.13473161245303,-0.4704646577297512,3
16442,430166.97132561315,4582816.909125162,430318.80749941134,4582902.360894282,166.7146140888319,-0.6295261021605674,3
16613,430169.4049123817,4582830.784839353,430329.4218939795,4582911.070912714,172.25137884373146,2.6708297236229903,3
16615,430370.2471075566,4582836.970295356,430381.65093751444,4582940.7981167175,103.63878739642796,1.5407713477170806,3
16631,430921.12898330716,4582811.663639203,431035.76458249544,4582824.412590458,114.55957031246919,-3.1350527091570926,4
16632,431601.5281000436,4582946.507079852,431700.82534602616,4582956.61231535,99.20320123431546,0.011113083224297148,3
16633,431156.1475094591,4582834.065248921,431165.80408494757,4582934.546765068,100.42480468756948,-1.5642563823983935,3
16634,431198.92179822613,4582835.007580755,431208.2011726207,4582934.38420394,99.29896775335843,1.559408195010919,3
16664,432398.9830476054,4581653.580753341,432439.0749984111,4581707.2766304575,56.23481376836527,-0.897775831459028,4
16665,432530.7048410053,4581623.392250833,432615.2541103906,4581656.851658659,85.93145229230971,0.49577451133210504,4
16666,432625.26845953474,4581729.911015119,432646.81439971767,4581770.482564893,39.9581123897785,2.0074173905608816,4
16667,432627.01635516336,4581678.807834156,432645.54718611634,4581710.802051102,30.19200959965871,1.3816121595258875,4
16668,432530.0978048888,4581809.320427103,432580.58531068073,4581828.090260009,49.23320430493988,3.028099236593808,4
16669,432543.6230005245,4581645.184593293,432571.1689201884,4581666.16957702,25.42930023776127,0.4761266415742271,4
16670,432426.2987922282,4581644.098846747,432539.61105876154,4581704.6629155455,127.52643836338126,0.008130596075936242,3
16671,432154.60312886816,4581696.979866947,432430.93772814015,4581724.511797739,277.64207976205034,-0.45618673533729154,3
16694,432538.236722381,4581723.252554289,432703.8681840915,4581804.232015133,184.4045489716504,2.9502853302305154,3
16695,432495.91339149215,4581790.407587335,432527.5656371407,4581805.456449051,30.757913312860605,-2.951338088220709,4
16696,432152.76998227043,4581729.625365125,432490.63685361325,4581798.468677297,355.7468413623949,-3.13485039195787,3
16699,432580.4626854507,4581686.71556034,432593.47093805735,4581760.721548727,74.98997216526351,2.005708745500958,2
16700,432490.33683499735,4581653.771721347,432539.2000819531,4581664.775256398,48.68940933644736,-0.012648856491514985,2
16701,432647.4779832356,4581700.752098213,432722.1126481055,4581718.2258887775,76.15438320498157,-0.4389523751979306,2
16794,430910.4663174599,4582696.519284424,430916.8263449825,4582810.213316248,113.67169924178803,1.5696594559519983,2
16795,431044.389971422,4582694.143450018,431050.496054271,4582803.734114905,109.56402197892318,-1.5627110120167733,2
16796,431158.44216876593,4582561.827244795,431164.9478865533,4582674.0072589675,112.13928724506421,-1.5814779863015267,2
16797,431200.11801763147,4582562.210049907,431206.7480693556,4582677.707339529,115.46637741349598,1.5760922550171548,2
16799,431315.5140996581,4582568.729876611,431321.68153236026,4582677.318158274,108.56179722638237,1.5668201263067305,2
16800,431447.9407189819,4582564.576564894,431454.6683153134,4582666.187647517,101.5543749830688,-1.5859495434575226,2
16801,431581.9150579704,4582563.676039031,431588.470177477,4582676.822898961,113.11989392528386,1.5723527064715097,2
16802,431715.5599086174,4582560.875206418,431721.85549244867,4582674.277230778,113.36858374536624,-1.5675029170179235,2
16803,431728.5139643035,4582816.240947022,431866.53889135784,4582822.769413776,138.00345135946736,-3.1383124385662615,2
16804,431735.43853572913,4582946.867459953,431862.80630497506,4582955.895706804,127.28937939579528,0.006981751206392949,3
16810,432436.2043431434,4581787.368723778,432514.9131228258,4581829.33969785,82.23578699094008,-2.593824676967772,4
16811,432268.72259613615,4581463.729359894,432386.46811092,4581585.706030475,163.5460239268869,0.7953488372434159,2
16844,430583.9148951935,4581385.707148235,430605.3617288997,4581397.954908846,20.60896613727655,0.3238120044677523,2
16845,430608.5999718463,4581373.306045433,430622.7900251048,4581389.853608063,14.0265820683857,1.126978704463337,3
16984,432450.3741918211,4581622.701309606,432515.4793835342,4581647.036203557,64.75546716109804,0.005600251345017912,4
16988,429129.89571822545,4583339.513407965,429160.2733344066,4583359.063811399,28.75205872062434,-0.10131862949901778,4
16989,429144.3867122451,4583444.067182591,429173.75767802645,4583460.33611068,28.186554747313714,-3.0063572032998347,5
16990,429174.99767723156,4583338.227435152,429207.22810908867,4583362.504626154,30.454323111348998,0.6476197504318683,4
16994,429161.8829092781,4583230.938316942,429174.5500156916,4583335.844564164,104.69370792129148,-1.5627964969663017,4
16995,429164.3184624115,4581218.656224538,429173.8466811575,4581298.690375757,79.97760937366547,1.5786105403103,3
16996,429030.530166939,4581058.090977153,429037.03944524314,4581168.399028263,110.28393700227437,-1.5656157794182688,2
16997,429300.6941336544,4581324.501555977,429307.5010293695,4581437.798774427,113.25854805916975,-1.5635275213959596,2
16998,429317.16029959155,4581440.897628141,429424.32152653276,4581451.258616103,107.05594091006893,0.014543670400964923,3
16999,429432.57700170326,4581460.302791509,429442.86131735495,4581569.332344178,108.95463681351573,1.5755634899335,3
17000,428544.72446920315,4582944.648222679,428617.35796254093,4582956.926990726,72.58334790310346,0.005727814301605832,4
17001,428895.61237387673,4583091.557235666,428902.5698226299,4583207.42436666,115.821706733859,-1.5626670330581032,2
17002,429028.8685737574,4583240.479686383,429038.3103672208,4583294.569072259,54.016566545226226,-1.5602415298192747,3
17003,429967.7776290571,4581518.855767997,429983.7804128995,4581610.432940593,91.37832016010998,-1.5657297477140442,5
17004,430314.0296958338,4581383.362694032,430320.212084714,4581495.426126996,112.00966346690362,1.55738282311269,2
17005,430304.72919178184,4581383.195710023,430310.83668566454,4581499.503991018,116.2508305755224,1.5543052052574897,2
17006,430192.8226139073,4581510.020152929,430299.25309700734,4581557.582919572,107.07119108441465,2.817156210779817,5
17007,430338.25246271904,4581573.502645837,430494.7468676239,4581580.475981487,156.46192953658954,0.00635251950874298,2
17008,430328.2302142615,4581590.455409161,430337.74267813173,4581695.70881201,105.38125344509281,1.474637341508566,1
17009,430332.68437849736,4582693.940120537,430344.24513006443,4582785.974102895,92.214059466551,-1.6254357975757938,1
17010,430344.97027015605,4582694.791764866,430352.91746105865,4582783.951240529,89.04469755625487,-1.5975082382859238,2
17011,430351.22815161553,4582696.101254731,430369.3240846182,4582781.901895514,85.28201562416263,1.540873525581419,5
17013,430369.4586154372,4582697.124060134,430372.77082496375,4582778.663632871,81.48573465370114,1.5809376053128017,1
17014,430374.4463911599,4582709.247792759,430506.1864337796,4582782.454492628,145.71913172396512,-0.49260467036076044,2
17015,430642.55458171025,4582704.660631928,430648.6990767611,4582810.253479427,105.57307052882464,1.568913224354048,2
17016,430773.2611014047,4582697.0616225125,430783.1507128184,4582810.351892822,113.2245679534698,-1.5617303012952284,3
17017,428628.1444873176,4582964.0873105535,428634.7992289575,4583021.162280132,57.01965979386681,-1.565860348995777,2
17018,428542.4645023563,4582958.463974468,428622.7908096272,4583025.0569310915,95.54668918630753,0.6740925723276895,3
17020,428713.41489707015,4583078.734500594,428754.0274382146,4583084.763939875,40.58452404439274,3.1368997860396908,2
17021,430332.525890659,4581720.33994654,430347.52152757806,4581739.685849394,17.80323380398149,1.659153460059405,5
17022,430299.2893117158,4581720.112061215,430308.97106097854,4581740.902048731,18.612044531537073,-1.2611658900523395,3
17023,428923.7847374218,4583425.135209357,429107.30229406623,4583526.53248188,199.87638169766424,2.6694664407256727,4
17027,430156.82130675094,4582824.42435953,430160.1769318869,4582876.443296791,51.99951437573878,1.5775603412084442,1
17028,430140.3236253078,4582825.733348143,430143.60262243706,4582887.159759362,61.40974707238385,-1.5759226909366342,1
17043,429191.0516803839,4581309.708291921,429293.82296996686,4581316.884450187,102.73603725958196,3.1409276062267737,2
17050,428917.84936891275,4583413.167477267,429101.92968958325,4583515.045780285,200.64164451935062,-0.44675783026810556,4
17181,431022.1271812083,4581148.777810141,431064.55878956406,4581179.902794053,59.241926202779936,1.2319193243330528,1
17254,432454.7408355567,4581659.465172751,432492.7469765803,4581770.650052682,124.06679515739667,-0.595678665964186,2
17268,428354.1145159241,4582862.88967272,428369.38117536594,4582939.164827124,75.85265297823632,1.6374313195332724,3
17270,428903.80031566584,4583390.2435430745,429094.97423709807,4583493.983088834,210.02771373407015,-0.5379093971023224,3
17280,432648.9361189574,4581722.197136998,432721.09444677783,4581739.713181327,73.13107241356485,-3.1339101928669617,2
64715,431835.49666778336,4581705.409420502,431844.0100161233,4581717.476678145,12.13650143067731,-1.0640397174260552,1
64751,429832.1250456561,4581709.4876463115,429835.59754982346,4581717.479524076,7.823156421440314,1.5096432485045461,1
64752,429831.3896006456,4581734.327052026,429834.95456433535,4581741.580259544,7.031426214420571,1.6526651620301755,1
68076,432384.26755862247,4581783.175147558,432387.92984109744,4581803.1240399135,19.859696841724105,1.5373575840635472,1
69616,428342.4522664615,4581709.222173805,428358.87193318777,4581721.086004164,17.51126480644773,0.5615356717857944,1
69622,428344.3500054415,4581705.991107102,428358.09370043286,4581709.080798913,13.724368798738375,0.00653994433796306,1
70330,430344.93276492,4581730.442016599,430361.14731188945,4581744.456966435,15.658166756227539,-0.6236539651328279,2
72127,429979.8185706443,4581732.454345549,429988.49504296546,4581745.690539648,12.171578639914006,-1.3350950132884303,2
73054,430358.40684232034,4582796.412259844,430361.7344978875,4582802.725591698,2.283717236384635,0.18121214328948088,2
73546,427857.1072492468,4581709.541691569,427937.94443246006,4581719.3225298375,80.75389131517042,-0.009674724548740108,3
