id,from_x,from_y,to_x,to_y,length,out_ang,num_lanes,c_x,c_y,cluster,grid_x,grid_y,grid_nb
512,429868.9038171978,4583001.461502652,429970.8252431096,4583057.88662611,109.22396690785948,2.6829675576666587,3,429919.8645301537,4583029.674064381,2,1954.0,20831.0,102
513,429850.1900336961,4582991.9234757,429970.3747455669,4583057.554724786,129.66822593110498,-0.4600072479441128,3,429910.2823896315,4583024.739100244,2,1954.0,20831.0,102
514,429847.7154381173,4582972.558989856,429969.38126408914,4583038.697414325,133.57267587510847,-0.4725435279517951,2,429908.5483511032,4583005.62820209,2,1954.0,20831.0,102
516,432543.6724153326,4582814.546906582,432591.3395419828,4582820.687653776,47.6496085276876,3.138638304364765,2,432567.5059786577,4582817.61728018,1,1966.0,20830.0,210
593,432651.3327648137,4581709.629426807,432747.9786607157,4581719.681225968,96.55354005572126,0.010899181465646,3,432699.6557127647,4581714.655326387,1,1966.0,20825.0,205
594,432703.4471752408,4581723.3741391525,432747.3951453585,4581732.721847128,43.87797213813867,-3.1336616883180937,3,432725.4211602997,4581728.04799314,1,1966.0,20826.0,206
595,432566.411512964,4581667.102892003,432585.0514875012,4581688.693796013,22.67295896574764,0.9108772679967037,2,432575.7315002326,4581677.898344008,1,1966.0,20825.0,205
596,432572.8186371251,4581660.030921336,432592.9326865282,4581678.537929358,18.506432529733043,0.6655768170403525,3,432582.87566182663,4581669.284425347,1,1966.0,20825.0,205
597,432587.257619859,4581671.554326111,432620.0671693743,4581701.162141059,35.30018092002986,0.6992096452263311,3,432603.66239461664,4581686.358233585,1,1966.0,20825.0,205
598,432614.5324208091,4581694.07273942,432636.85116706986,4581713.698242442,21.03736090884521,0.6265223154584451,3,432625.69179393945,4581703.885490932,1,1966.0,20825.0,205
599,432565.3988359363,4581757.497000615,432585.4541381892,4581779.386372268,23.73894683768452,2.2830198529903893,2,432575.42648706277,4581768.441686442,1,1966.0,20826.0,206
600,432536.2432334331,4581775.00125337,432569.5678175142,4581794.753475344,33.95883078092324,2.7065786018141083,2,432552.90552547364,4581784.877364357,1,1966.0,20826.0,206
601,432470.044804156,4581766.686354442,432494.6220544182,4581788.353395732,26.85993594503435,-2.4550050009234745,2,432482.3334292871,4581777.519875087,1,1965.0,20826.0,199
602,432651.2835960487,4581635.525580507,432665.19310226536,4581655.784824029,19.59683227691326,1.1219345194389372,2,432658.23834915704,4581645.655202268,1,1966.0,20825.0,205
691,432551.97281512985,4582676.819863427,432627.818431276,4582696.433253367,77.02454672085489,0.2183450857716102,1,432589.8956232029,4582686.626558397,1,1966.0,20830.0,210
694,432552.2019887902,4582667.601714905,432654.876621209,4582677.321334249,102.52435921942636,-0.0363269468159173,2,432603.53930499963,4582672.461524578,1,1966.0,20830.0,210
737,432120.35225166,4581917.587841134,432130.06845368026,4581933.909618643,15.928356539828853,1.5252301196828852,3,432125.21035267017,4581925.748729888,1,1964.0,20826.0,191
738,432248.48030389607,4581755.435671898,432251.6503142232,4581829.073432884,73.63103010434375,-1.5684872666672762,1,432250.06530905963,4581792.25455239,1,1964.0,20826.0,191
739,432247.260809542,4581715.300885364,432253.4341162532,4581741.85908887,26.519531249912795,-1.5642563824005795,2,432250.3474628976,4581728.579987117,1,1964.0,20826.0,191
740,432248.4142768441,4581690.656903972,432254.4947221163,4581703.016192383,12.320312499437948,-1.5642563824001456,2,432251.4544994802,4581696.8365481775,1,1964.0,20825.0,190
741,432251.90866620495,4581479.762887724,432258.10026996216,4581670.261489573,190.49266312157877,-1.5697904779524383,2,432255.00446808356,4581575.012188649,1,1964.0,20825.0,190
742,432139.5740917618,4581631.065324895,432244.8558434176,4581682.789231359,112.7442648693516,0.4227155533701662,2,432192.2149675897,4581656.9272781275,1,1964.0,20825.0,190
743,432123.2139040523,4581346.485059158,432130.64530838886,4581611.091943167,264.578293756378,1.576206820303321,2,432126.92960622057,4581478.788501162,1,1964.0,20824.0,189
744,432011.6177846315,4581573.76815688,432114.68226098834,4581623.592054073,109.97724132919998,0.4149132908539703,2,432063.1500228099,4581598.680105476,1,1963.0,20825.0,181
745,431732.42949454335,4581469.0728129465,431838.173051626,4581533.50009827,121.18308562021365,0.5356072885674795,1,431785.3012730847,4581501.286455609,1,1962.0,20825.0,171
746,431862.4351032256,4581537.868830961,431976.9330008191,4581573.388991688,116.81478619558946,0.2572262050002836,2,431919.68405202235,4581555.628911325,1,1963.0,20825.0,181
747,431840.6475721848,4581595.414380674,431846.7809191525,4581699.194834099,103.77282888385596,-1.5695112894709344,2,431843.7142456686,4581647.304607387,1,1962.0,20825.0,171
749,431839.7365991595,4581549.111965104,431845.88237634994,4581571.460785976,22.31005859421457,-1.5642563823980904,2,431842.8094877547,4581560.286375539,1,1962.0,20825.0,171
750,431839.7177679601,4581453.3580509005,431845.7270586002,4581524.957589357,71.59876049611027,-1.5709260872909154,2,431842.72241328016,4581489.157820129,1,1962.0,20824.0,170
751,431840.93264694,4581325.594070879,431848.2072100839,4581428.492404122,102.83184341743426,-1.5583968889744404,2,431844.569928512,4581377.0432375,1,1962.0,20824.0,170
752,431841.5128465693,4581094.281499172,431848.6944024665,4581293.81438353,199.5008454008735,-1.5767194498483357,2,431845.1036245179,4581194.047941351,1,1962.0,20823.0,169
753,431850.7192028057,4581053.249162114,431866.737381463,4581069.091754953,10.62081443315392,2.2660498146792967,4,431858.72829213436,4581061.170458534,1,1962.0,20823.0,169
754,431812.7756702047,4581050.142541166,431827.7438467711,4581064.26511405,10.53622415265274,-1.9353996244541096,4,431820.2597584879,4581057.203827608,1,1962.0,20822.0,168
755,432263.27431808045,4581473.55878275,432381.6319501354,4581594.57432952,163.2744848156738,-2.3442442094112947,2,432322.4531341079,4581534.066556135,1,1965.0,20825.0,198
756,432132.1266014117,4581341.695378125,432246.7494830368,4581457.517856582,156.95204954638572,-2.350575172528472,2,432189.43804222427,4581399.606617354,1,1964.0,20824.0,189
757,432002.55159054574,4581209.312401903,432096.87336068286,4581304.444587781,127.96565570885822,-2.351496015271856,2,432049.7124756143,4581256.878494842,1,1963.0,20823.0,179
758,431880.59563261067,4581085.462248026,431982.1507439256,4581186.267346896,137.09144782842853,-2.36024006556125,2,431931.37318826816,4581135.864797462,1,1963.0,20823.0,179
759,431876.70116151695,4581064.398567031,431983.4318483053,4581171.6471580025,145.30672115916232,0.7880269955071786,2,431930.0665049111,4581118.022862516,1,1963.0,20823.0,179
760,432007.7314495872,4581195.208407763,432110.3516202769,4581299.5090641305,140.3208457985962,0.794244878973748,2,432059.0415349321,4581247.358735947,1,1963.0,20823.0,179
761,432137.2978252617,4581328.947031851,432249.9745128606,4581440.688156741,152.68897079336597,0.7808883152845159,2,432193.6361690612,4581384.817594295,1,1964.0,20824.0,189
762,432389.22038028593,4581547.604586308,432397.4433365794,4581585.645547735,37.75211874210977,1.5116004274122607,2,432393.3318584327,4581566.625067022,1,1965.0,20825.0,198
763,431815.8949972585,4581019.938960174,431830.9469783452,4581035.327626179,9.634650816532124,-0.684577533743057,4,431823.42098780186,4581027.633293176,1,1962.0,20822.0,168
764,431849.02119594393,4581020.366023652,431868.6221642592,4581040.042173271,15.775869492381318,0.7994778254686521,4,431858.82168010157,4581030.204098461,1,1962.0,20822.0,168
765,431864.7358736452,4581077.38035571,431883.9305135126,4581090.331900327,18.34132374382336,-2.7220020335757646,2,431874.3331935789,4581083.856128018,1,1963.0,20823.0,179
766,431835.8843456173,4581062.557587327,431846.5966681289,4581075.196280119,9.930223451998964,3.074505943349489,4,431841.2405068731,4581068.876933724,1,1962.0,20823.0,169
767,431831.5846164113,4581077.677280981,431846.96687971416,4581096.024801118,18.210188441998817,-2.183617517248723,2,431839.27574806276,4581086.85104105,1,1962.0,20823.0,169
768,431748.4602914783,4580936.610546086,431827.2685095543,4581014.104502987,98.52870269979688,0.7746579023451888,4,431787.8644005163,4580975.357524537,1,1962.0,20822.0,168
769,431734.5035316396,4580952.843615838,431812.8755258178,4581031.476214922,99.01926150009636,-2.3540768483053256,4,431773.6895287287,4580992.15991538,1,1962.0,20822.0,168
803,431734.16602866864,4581041.917257057,431807.2060291615,4581051.036593475,73.0253889456227,3.1399583111602447,3,431770.6860289151,4581046.476925266,1,1962.0,20822.0,168
980,429107.55623903376,4583392.971404862,429116.7538321766,4583408.560983224,15.475506365630318,-1.5579800926071734,3,429112.1550356052,4583400.766194043,2,1950.0,20833.0,62
981,430319.3250703716,4582789.386753428,430342.8100290588,4582806.800592447,23.799505458816547,-0.5418139887181802,2,430331.06754971517,4582798.093672937,3,1956.0,20830.0,120
982,431956.777534654,4582005.060173257,431980.7245478373,4582014.147243032,23.91438136273385,-0.0036434019116578,3,431968.75104124565,4582009.603708144,1,1963.0,20827.0,183
983,431847.77260634885,4581704.443523576,431859.8587575109,4581717.734126048,13.212406250621004,1.5773362711936325,4,431853.8156819299,4581711.088824812,1,1962.0,20825.0,171
989,430326.0111555533,4581523.156191304,430329.6937947197,4581566.000462282,42.8018478161609,1.5548378999507892,1,430327.8524751365,4581544.578326793,3,1956.0,20825.0,115
990,431844.792675676,4582019.102257283,431851.382016222,4582044.97123702,25.73800942067028,1.547835186493696,2,431848.087345949,4582032.036747152,1,1962.0,20827.0,173
991,428361.98793688015,4581709.576877184,428368.186863507,4581719.054010911,9.350752754077666,-1.549373591958099,2,428365.08740019356,4581714.315444048,0,1947.0,20825.0,18
992,428493.702178634,4581737.411620772,428505.7794252371,4581749.340677751,11.850831639961822,1.5773362711830574,4,428499.74080193555,4581743.376149261,0,1947.0,20826.0,19
993,428629.4810376384,4581708.392157195,428635.5324248167,4581720.780338129,12.363324214603972,-1.5749569601607023,2,428632.5067312275,4581714.586247662,0,1948.0,20825.0,28
994,428765.2350216944,4581737.422654283,428771.26679335977,4581747.679398655,10.238157236763008,1.5739024189548392,2,428768.25090752705,4581742.551026469,0,1948.0,20826.0,29
995,428896.8055147987,4581708.32290776,428906.543766045,4581721.8264603,13.003991640160947,-1.5128303308700628,3,428901.6746404219,4581715.074684029,0,1949.0,20825.0,40
996,429030.3285842493,4581709.763322287,429039.8062690954,4581721.741904828,11.612416753188096,-1.5289706187435448,3,429035.0674266723,4581715.7526135575,0,1950.0,20825.0,54
997,429162.81748346175,4581737.119912285,429175.02272621775,4581748.791132263,11.456049804469025,1.5888843292210908,4,429168.9201048397,4581742.955522275,0,1950.0,20826.0,55
998,429299.5073301176,4581709.559756596,429308.694283818,4581721.397402597,11.694383326370792,-1.58688322348165,3,429304.1008069678,4581715.478579596,0,1951.0,20825.0,67
999,429432.5500258864,4581737.708729209,429441.6112223489,4581748.608894737,10.849455016114486,1.565142528217791,3,429437.08062411763,4581743.158811973,0,1951.0,20826.0,68
1000,429566.5864252335,4581709.4048792,429578.7799644237,4581721.569485424,11.970583605777252,-1.587098146343456,4,429572.68319482857,4581715.487182312,0,1952.0,20825.0,77
1001,429700.4418953792,4581736.04539543,429712.50672850845,4581746.479347702,10.358777227830064,1.564514667246575,4,429706.47431194386,4581741.262371566,0,1953.0,20826.0,87
1002,429700.8013887464,4581711.616079279,429712.8635878086,4581721.244302263,9.549948438361284,1.5773362711920131,4,429706.8324882775,4581716.430190771,0,1953.0,20825.0,86
1003,429968.3337850056,4581708.880729945,429986.4016541771,4581719.434796011,10.436571095377277,-1.5642563824066995,6,429977.36771959136,4581714.157762978,3,1954.0,20825.0,96
1004,430157.2653484316,4581706.838439611,430177.1736449041,4581725.40933896,19.379215273728487,-0.0298783693026455,6,430167.21949666785,4581716.123889286,3,1955.0,20825.0,106
1005,430158.0141907994,4581733.376179387,430175.8671875136,4581741.445577352,17.24748076818156,0.1229165395734175,2,430166.94068915653,4581737.41087837,3,1955.0,20826.0,107
1006,430160.2537690677,4581745.421101804,430173.6668264198,4581754.608407521,13.28690563954889,-3.127427205978258,3,430166.9602977438,4581750.014754662,3,1955.0,20826.0,107
1008,430177.2640916189,4581725.32369417,430186.3019299967,4581735.468150778,10.110789974612937,1.5745449658198762,3,430181.7830108078,4581730.395922475,3,1955.0,20826.0,107
1009,430314.5152389834,4581740.744953562,430329.0682406874,4581746.970803496,14.460762660220716,-0.0156696998410652,2,430321.7917398354,4581743.857878529,3,1956.0,20826.0,116
1010,430314.5501361452,4581747.633520687,430326.3619569184,4581753.834868278,11.709941305725597,3.1243207841540994,2,430320.4560465318,4581750.734194483,3,1956.0,20826.0,116
1011,430308.4176568182,4581701.623684933,430328.8376019621,4581720.042595784,20.04462865999797,0.021100371825855,6,430318.6276293901,4581710.833140358,3,1955.0,20825.0,106
1012,430315.2720350731,4582164.466037769,430323.9886444062,4582216.187351247,51.47586532206888,-1.623758950162625,2,430319.6303397396,4582190.326694508,3,1955.0,20828.0,109
1013,430345.1058846496,4582098.933806697,430353.7772819218,4582131.107110606,31.779169233498028,1.485954198340891,2,430349.4415832857,4582115.020458652,3,1956.0,20827.0,117
1014,430329.54133384576,4582409.996945251,430336.2795580777,4582422.141557824,6.465704011834155,-3.1187399570403485,4,430332.91044596175,4582416.069251537,3,1956.0,20829.0,119
1015,430334.2040954012,4582545.616755897,430340.3136063333,4582554.656134919,6.050781250004446,-3.135052709156005,3,430337.2588508673,4582550.136445409,3,1956.0,20829.0,119
1016,430503.9275524509,4581708.793411236,430515.98906664667,4581718.31691517,9.445227149561646,-1.5642563823960025,4,430509.9583095488,4581713.555163203,3,1956.0,20825.0,115
1017,430639.1197680273,4581735.132031607,430651.18457852834,4581746.614117201,11.413927762774946,1.565101050788657,4,430645.1521732778,4581740.873074405,3,1957.0,20826.0,125
1018,430909.6450001326,4581735.091524478,430915.86370834586,4581744.826127591,9.599442885016233,1.5937463665468947,2,430912.7543542392,4581739.958826034,3,1958.0,20826.0,134
1019,431995.8858450215,4581976.96153176,432006.3207750708,4582003.62155241,26.202503192560613,-1.626113000767665,3,432001.10331004614,4581990.291542085,1,1963.0,20827.0,183
1020,431733.6249336794,4582105.194009331,431761.6698013623,4582115.745114982,27.425225705905444,2.9716797970598128,2,431747.64736752084,4582110.469562156,1,1962.0,20827.0,173
1021,431168.04825009615,4582365.172294096,431190.9838272558,4582386.729143799,18.11965591466285,-0.4675693774659114,5,431179.51603867597,4582375.950718948,3,1959.0,20828.0,145
1022,431122.1593787904,4582382.739437245,431161.40470009856,4582412.007735803,40.69322246062107,-0.560920529190319,3,431141.7820394445,4582397.373586524,3,1959.0,20829.0,146
1023,431108.24965323566,4582375.588438463,431159.2083759999,4582408.973498132,55.60439651997644,-0.5321899186687771,2,431133.72901461774,4582392.280968297,3,1959.0,20829.0,146
1024,431191.143476698,4582375.07482966,431208.30058065255,4582399.092773485,21.8399326930505,1.4423630581297968,4,431199.72202867526,4582387.083801573,3,1959.0,20829.0,146
1025,431164.6671588365,4582403.47673091,431197.89021034807,4582423.096667845,31.41761840148288,3.066784493021835,5,431181.2786845923,4582413.286699377,3,1959.0,20829.0,146
1026,431164.31714449456,4582419.215311461,431198.5400376668,4582431.088438492,33.69288308389397,2.963523648090905,2,431181.4285910807,4582425.151874976,3,1959.0,20829.0,146
1027,431155.5332029426,4582387.778330493,431171.0734034253,4582409.204867112,19.481418962654324,-1.1937630818793743,3,431163.30330318393,4582398.491598803,3,1959.0,20829.0,146
1028,431042.3242505339,4582443.666486396,431051.893486834,4582453.284730665,9.052532725302491,-1.5057677147392885,3,431047.1088686839,4582448.475608531,3,1959.0,20829.0,146
1029,430911.27759682864,4582539.203357597,430917.6134754877,4582547.786745891,8.34526618849212,1.5299370831387484,2,430914.44553615816,4582543.495051743,3,1958.0,20829.0,137
1030,429969.7066999248,4582975.079940986,429985.0817759452,4582987.114663687,11.542927298309564,-1.6040132920970829,5,429977.39423793496,4582981.097302336,2,1954.0,20831.0,102
1031,429567.55659734434,4583208.541454444,429582.6153687555,4583217.675004211,9.03564453188579,-1.564256382399913,5,429575.08598304994,4583213.108229328,2,1952.0,20832.0,84
1032,429567.46047119534,4583181.0764280455,429579.5430630794,4583187.636146055,6.403573439924061,-1.5838542390694823,4,429573.5017671374,4583184.35628705,2,1952.0,20832.0,84
1033,429253.3025913339,4583364.469795298,429262.35564513376,4583372.663366087,8.134835518318061,-1.5773418775029795,3,429257.8291182339,4583368.566580692,2,1951.0,20833.0,75
1034,429253.0151152563,4583336.388546245,429259.1851747683,4583344.919104722,8.41008987182826,-1.5504260134805148,2,429256.1001450123,4583340.653825484,2,1951.0,20833.0,75
1035,429433.6259530823,4583274.888815272,429442.7021428345,4583282.781142865,7.804341155117735,1.5806145506682154,3,429438.1640479584,4583278.8349790685,2,1951.0,20833.0,75
1036,429433.1814571571,4583244.844558635,429442.3727572018,4583253.758537143,8.716310085951102,1.5930000315443105,3,429437.7771071794,4583249.301547889,2,1951.0,20832.0,74
1037,429701.319292386,4583107.260851806,429713.8446617818,4583121.281331082,13.55775843120222,1.6102456499716362,4,429707.58197708393,4583114.271091444,2,1953.0,20832.0,93
1038,429702.77500107547,4583140.855133089,429714.856396867,4583153.418618883,12.48527402179509,1.577336271194675,4,429708.8156989713,4583147.136875986,2,1953.0,20832.0,93
1039,429868.5728817717,4583060.450837271,429873.244865561,4583067.368289071,6.326168653734902,1.283047984437424,1,429870.90887366637,4583063.909563171,2,1953.0,20832.0,93
1040,429971.0146128378,4583006.003956349,429986.2996985771,4583017.995912781,11.621590307301409,-1.5957308223665072,5,429978.6571557075,4583011.999934565,2,1954.0,20831.0,102
1041,430049.80695968814,4582967.206066658,430063.7383470465,4582978.605169026,7.724605501902098,-1.9240554174078603,4,430056.7726533673,4582972.905617842,3,1954.0,20831.0,102
1042,430041.8872008976,4582945.139455802,430049.0605171092,4582952.355968523,6.056937034241481,-1.7899555197561152,2,430045.4738590034,4582948.747712162,3,1954.0,20831.0,102
1043,430066.0931824123,4582971.55244346,430074.24976301583,4582979.605302957,6.212468531024826,2.708635136895874,2,430070.17147271405,4582975.578873208,3,1954.0,20831.0,102
1044,430506.1456041117,4582740.952427529,430518.2220250256,4582752.362068571,11.32865971575758,-1.5775664574825243,4,430512.1838145687,4582746.65724805,3,1956.0,20830.0,120
1045,430506.03778583417,4582713.06179248,430515.420050177,4582722.144331789,8.685796888365303,-1.6158744657052004,3,430510.7289180056,4582717.603062134,3,1956.0,20830.0,120
1046,430597.68650322827,4582657.230335779,430643.00402347534,4582686.018093632,46.19626836766558,-0.4657492000557945,3,430620.3452633518,4582671.624214705,3,1957.0,20830.0,129
1047,430613.0646108885,4582667.30096213,430644.058180813,4582688.525980908,30.081486873460054,2.6900126795564088,3,430628.56139585073,4582677.913471519,3,1957.0,20830.0,129
1048,430568.7938474488,4582681.678424306,430582.2577712836,4582688.466777764,13.122753135561071,0.0609624117186053,2,430575.5258093662,4582685.072601035,3,1957.0,20830.0,129
1049,430618.5475605548,4582685.783676874,430631.2069206274,4582692.027646748,12.544517181513491,0.0195408857553844,2,430624.8772405911,4582688.905661811,3,1957.0,20830.0,129
1050,430641.1806191353,4582646.14793896,430650.2400806996,4582652.477641088,6.2436813837371945,1.5803862343619104,3,430645.71034991747,4582649.312790024,3,1957.0,20830.0,129
1051,430643.0613608149,4582674.217999592,430655.12454683386,4582680.937896426,6.604381378618918,1.5611442525135166,4,430649.0929538244,4582677.57794801,3,1957.0,20830.0,129
1052,430773.644954221,4582578.504644351,430782.85745904647,4582587.316867003,8.589292298658025,-1.5958689517487736,3,430778.25120663375,4582582.910755677,3,1958.0,20829.0,137
1053,431175.4257231381,4582549.000884453,431191.522155193,4582552.251724614,16.051447440708017,-3.125941863724515,1,431183.47393916553,4582550.626304533,3,1959.0,20829.0,146
1054,431313.7699506016,4582338.574893554,431322.879148512,4582348.702996554,10.03023814526978,1.5817371187199345,3,431318.3245495568,4582343.638945054,1,1960.0,20828.0,155
1055,431410.9978930985,4582253.538925015,431447.73312207736,4582279.250848967,36.97726247908137,-0.5030550660184362,3,431429.3655075879,4582266.394886991,1,1961.0,20828.0,165
1056,431426.403650608,4582263.679044087,431447.7387297512,4582280.7156453375,19.37737712905269,2.653447814409149,3,431437.07119017956,4582272.197344713,1,1961.0,20828.0,165
1057,431430.4209425687,4582278.0639561,431441.3999744276,4582290.483121119,10.49716330931355,0.0408986186075978,4,431435.91045849817,4582284.27353861,1,1961.0,20828.0,165
1058,431578.7108569216,4582205.190179008,431588.2893980098,4582216.18511663,10.503670073471556,1.514320304961555,3,431583.5001274657,4582210.6876478195,1,1961.0,20828.0,165
1136,429426.4464314513,4581375.475872469,429442.55709132896,4581388.506110575,17.83160141160691,2.5035888264050725,1,429434.50176139013,4581381.990991522,0,1951.0,20824.0,66
1167,429183.1604940017,4581005.598923629,429230.0218001834,4581013.672198952,46.81270469554197,0.1089695369021541,1,429206.5911470925,4581009.635561291,0,1950.0,20822.0,51
1208,429483.9734779232,4581418.966850282,429507.8491063941,4581426.733152094,23.761806013000207,2.936945976513139,1,429495.91129215865,4581422.850001188,0,1952.0,20824.0,76
1217,429350.7216731276,4581306.107252897,429381.3700497515,4581330.556841669,36.302061327396416,-0.653395518154817,1,429366.04586143955,4581318.332047283,0,1951.0,20824.0,66
1236,429605.02615123126,4583212.418811704,429697.83667490014,4583216.321674169,92.78572141122584,3.131860350152976,1,429651.4314130657,4583214.370242937,2,1952.0,20832.0,84
1237,429580.65925760847,4583211.143871988,429596.9268134976,4583223.816512227,15.278004502822736,2.6337236241988418,2,429588.79303555307,4583217.480192108,2,1952.0,20832.0,84
1238,429702.9667132451,4583163.9381695455,429715.3751451645,4583208.8058516085,44.75991648608896,1.5799325912281048,4,429709.1709292048,4583186.3720105775,2,1953.0,20832.0,93
1258,429046.9375723061,4581386.40260978,429160.4742955933,4581390.144951753,113.51953124996938,0.0065399443947227,1,429103.7059339497,4581388.273780767,0,1950.0,20824.0,53
1259,429030.4205237439,4581325.208786787,429036.665739684,4581382.178857972,56.94475629202375,-1.5751035250393404,2,429033.543131714,4581353.69382238,0,1950.0,20824.0,53
1260,429165.9005028407,4581319.006936358,429175.2045885631,4581381.694104903,62.64420431809968,1.5659404422127474,3,429170.5525457019,4581350.350520631,0,1950.0,20824.0,53
1297,428771.1518509512,4580935.196276026,428782.0548420326,4580978.426406345,43.415315033590936,-1.3865539059134315,1,428776.60334649193,4580956.811341185,0,1948.0,20822.0,25
1298,428789.05192070914,4580934.625760902,428802.2564919465,4580944.552311523,13.75016750778941,-2.57351735169035,1,428795.65420632786,4580939.589036212,0,1949.0,20822.0,37
1323,431879.74216751306,4582556.214266014,431992.7136678597,4582671.638139279,158.5099592218062,0.7965493814135185,1,431936.22791768634,4582613.926202646,1,1963.0,20830.0,186
1324,431876.7214425628,4582559.074941705,431989.9325558016,4582674.743554003,158.85246679562485,-2.34504452066234,1,431933.32699918223,4582616.909247854,1,1963.0,20830.0,186
1325,432010.3575140652,4582696.839135671,432122.29984814994,4582813.733214106,158.8526300793161,-2.33372642778198,1,432066.3286811076,4582755.286174889,1,1963.0,20830.0,186
1326,432013.4102408918,4582694.012850213,432125.1159086063,4582810.659766384,158.51043141385014,0.8078679378704251,1,432069.26307474903,4582752.336308299,1,1963.0,20830.0,186
1327,432138.7549201672,4582827.409562942,432251.9182809324,4582943.125274688,158.85279665899685,-2.34461417168628,1,432195.3366005498,4582885.267418815,1,1964.0,20831.0,196
1328,432141.7770993756,4582824.550362641,432254.7008491971,4582940.021333357,158.51028920231198,0.7969806602809412,1,432198.23897428636,4582882.285847999,1,1964.0,20831.0,196
1329,432269.98874386726,4582963.509738083,432377.3344700256,4583073.270537446,150.52778262521772,-2.344618685627469,1,432323.66160694644,4583018.390137765,1,1965.0,20831.0,204
1330,432273.0099517064,4582960.651253607,432380.17378079897,4583070.224351747,150.2664066657153,0.7969666433971168,1,432326.5918662527,4583015.437802677,1,1965.0,20831.0,204
1353,429655.7523574766,4581543.359755677,429706.26852866495,4581558.810735776,51.33881502588618,2.894798804200252,1,429681.0104430708,4581551.085245727,0,1953.0,20825.0,86
1373,429947.064970776,4581385.420028798,429970.674294749,4581481.005710663,97.17288468857068,1.35636036703499,1,429958.8696327625,4581433.212869731,3,1954.0,20824.0,95
1499,430375.3637200756,4581212.878601419,430380.9372518841,4581344.816175926,131.90414879210866,-1.5903125175178157,1,430378.15048597986,4581278.847388672,3,1956.0,20823.0,113
1500,430402.1394030316,4581200.092261391,430432.5847213596,4581352.810605377,154.64846621332347,-1.7495244228405131,1,430417.3620621956,4581276.451433384,3,1956.0,20823.0,113
1513,430297.86579683743,4581230.222758167,430302.82938616734,4581338.211438828,107.9519672824833,1.552601250475385,1,430300.34759150236,4581284.217098498,3,1955.0,20824.0,105
1557,429179.8332621637,4580652.34088098,429261.3154066738,4580732.048277592,110.98591500095104,-0.7737766058819625,1,429220.57433441875,4580692.1945792865,0,1951.0,20821.0,64
1706,430993.22760341904,4581168.692772172,431004.78438282845,4581200.571497681,32.25881880625213,-1.8428118168263616,1,430999.00599312375,4581184.6321349265,3,1959.0,20823.0,140
1707,430905.6235278728,4581125.31946781,430911.0378124783,4581233.877412843,108.51805726940476,1.548539874254766,1,430908.33067017555,4581179.598440327,3,1958.0,20823.0,131
1751,432620.0430615492,4581632.418798096,432644.5709747376,4581650.74243769,25.130261923827728,-0.5540120522102111,2,432632.30701814336,4581641.580617893,1,1966.0,20825.0,205
1764,432591.4940395141,4581815.762228697,432646.480982253,4581870.957301366,68.91068533002763,-2.3537379962990714,3,432618.98751088354,4581843.359765031,1,1966.0,20826.0,206
1766,432611.3729029343,4581795.868870894,432662.87740451127,4581847.233447433,63.73954153270133,0.7835906583573695,3,432637.1251537228,4581821.551159164,1,1966.0,20826.0,206
1787,432387.2563446605,4581600.298346325,432435.43291537545,4581648.7569328565,59.33191131154662,-2.352232474591057,3,432411.344630018,4581624.52763959,1,1965.0,20825.0,198
1788,432396.6273499696,4581591.200134424,432445.2024903082,4581641.797605753,61.15200314748796,0.8128215244191137,3,432420.9149201389,4581616.498870088,1,1965.0,20825.0,198
1813,432386.2752084648,4581764.389191347,432404.14399487217,4581779.331463675,15.482019215816752,-0.4604645399078774,3,432395.2096016685,4581771.860327511,1,1965.0,20826.0,199
1814,432636.55732395896,4581658.823211189,432660.6707857518,4581676.632273135,22.42647265047632,2.694640828938925,3,432648.61405485537,4581667.727742162,1,1966.0,20825.0,205
1815,432395.23851313,4581787.552594384,432424.9609651441,4581808.229900751,30.877600595956952,2.6162084882400185,2,432410.09973913705,4581797.891247568,1,1965.0,20826.0,199
1970,432632.8797902707,4581706.0045702215,432648.99790324015,4581718.446421291,14.247687756494976,0.2671456475156383,3,432640.9388467554,4581712.225495756,1,1966.0,20825.0,205
1971,432608.5095866827,4581763.963962625,432635.31759996153,4581791.725608187,26.62764181117064,2.310079133605289,4,432621.91359332216,4581777.844785405,1,1966.0,20826.0,206
1972,432614.6179723293,4581656.861323153,432632.1903670743,4581675.046327577,13.939532506214332,1.0106406357467497,4,432623.4041697018,4581665.953825365,1,1966.0,20825.0,205
1973,432396.53033174784,4581714.361555401,432409.1861483911,4581743.338645481,28.709211449652926,-1.593751890452419,4,432402.8582400695,4581728.850100441,1,1965.0,20826.0,199
1974,432397.8070107743,4581748.781358015,432412.1131771184,4581762.15060291,10.6911762368992,-1.82544209844906,4,432404.96009394637,4581755.465980463,1,1965.0,20826.0,199
1975,432409.1001001909,4581764.913996054,432430.2166662822,4581785.675682569,17.64173204791547,-2.4006880193255187,4,432419.65838323656,4581775.294839311,1,1965.0,20826.0,199
1976,432256.40984373697,4581706.789835255,432394.42660111166,4581713.692085103,137.9804687500223,0.0065399443942823,2,432325.41822242434,4581710.240960179,1,1965.0,20825.0,198
1977,432255.6985551923,4581743.27619815,432394.2143253327,4581750.18171156,138.47949218746564,-3.135052709197544,2,432324.9564402625,4581746.728954855,1,1965.0,20826.0,199
1978,432589.2874681932,4581792.411422651,432608.3664632464,4581811.271151452,14.86606874726488,2.4103175378626527,4,432598.8269657198,4581801.841287052,1,1966.0,20826.0,206
1987,430574.3633997174,4582812.315275264,430610.1891608806,4582824.548807211,35.74804687504184,-3.1350527092201648,4,430592.27628029895,4582818.432041237,3,1957.0,20830.0,129
1989,430649.4230343435,4582812.700208802,430761.6475522822,4582825.433391495,112.14843750004714,-3.135052709194175,4,430705.53529331286,4582819.066800148,3,1957.0,20830.0,129
1990,430531.9200155623,4582812.180275108,430565.7555849129,4582824.400791127,33.75781250002267,-3.135052709173833,4,430548.8378002376,4582818.290533118,3,1957.0,20830.0,129
1992,430481.9132922685,4582811.700882248,430500.4386421653,4582823.821268855,18.44726562504237,-3.1350527092129066,4,430491.1759672169,4582817.761075551,3,1956.0,20830.0,120
1993,430394.1158437982,4582812.381150673,430471.959527905,4582830.455290327,77.13537685690316,3.062273897647533,4,430433.03768585157,4582821.4182204995,3,1956.0,20831.0,121
2012,430296.8857475384,4582842.910269151,430332.2661251364,4582865.202467811,36.76178529136626,2.661780253414649,2,430314.5759363374,4582854.056368481,3,1955.0,20831.0,112
2013,430171.53738709615,4582866.420808265,430285.6043701584,4582928.074115604,124.78211680146666,2.673510000100169,2,430228.57087862724,4582897.247461935,3,1955.0,20831.0,112
2014,430078.0735638139,4582928.1660893895,430160.3287927184,4582973.910470386,89.2080914121062,2.67167270966414,2,430119.20117826614,4582951.038279887,3,1955.0,20831.0,112
2021,430063.5864400936,4582909.650531231,430157.9582745169,4582962.987759163,101.05606909182782,2.6768593101112907,3,430110.7723573053,4582936.319145197,3,1955.0,20831.0,112
2023,430060.8140780609,4582899.480607574,430157.391504464,4582953.924496429,103.52368316725128,-0.464741418093617,3,430109.10279126244,4582926.702552002,3,1955.0,20831.0,112
2024,430170.8629384086,4582805.4444880895,430313.0331630619,4582880.453167462,155.90800454709142,-0.4630476784682159,2,430241.9480507353,4582842.948827775,3,1955.0,20831.0,112
2034,430053.1225327779,4582892.470894296,430136.3158966596,4582937.405972698,89.73447737311018,-0.4564189929991432,2,430094.7192147188,4582914.938433496,3,1954.0,20831.0,102
2035,430901.0203842954,4582830.5910233045,430909.8495883604,4582866.40360006,35.80518063899238,1.7354765975906992,1,430905.4349863279,4582848.497311682,3,1958.0,20831.0,139
2038,430522.8653494836,4582829.426599565,430532.72936167184,4582924.061449553,94.66682629422633,-1.6434508829480494,1,430527.7973555777,4582876.744024559,3,1956.0,20831.0,121
2041,431173.8556525869,4582679.874174296,431194.9424711416,4582692.011313004,21.00878906252452,0.0065399443371886,4,431184.39906186424,4582685.94274365,3,1959.0,20830.0,147
2042,431215.4846996127,4582680.748853465,431310.2514942235,4582690.368054458,94.7099609374854,0.0065399443895792,3,431262.8680969181,4582685.558453961,3,1960.0,20830.0,157
2043,431330.2383927633,4582680.559385429,431380.845975505,4582689.889783516,50.549804687468864,0.0065399443995445,3,431355.54218413413,4582685.224584472,1,1960.0,20830.0,157
2044,431466.2660597597,4582680.80544304,431570.8021766958,4582690.48853577,104.4794921875629,0.0065399444006431,3,431518.5341182278,4582685.646989405,1,1961.0,20830.0,167
2078,431048.560557257,4582832.30878551,431054.6314755261,4582877.917701431,45.59963869974112,-1.572351724106479,2,431051.59601639153,4582855.11324347,3,1959.0,20831.0,148
2106,431385.4676480913,4582694.768984238,431389.19178181456,4582805.521587379,110.73535156298308,1.5773362711903276,1,431387.32971495297,4582750.1452858085,1,1960.0,20830.0,157
2135,431393.7830101105,4582680.664416103,431441.65041707794,4582689.976893336,47.80957031247607,0.0065399443814518,3,431417.7167135942,4582685.320654719,1,1960.0,20830.0,157
2136,431601.2469290415,4582680.886936339,431702.5536228537,4582690.54890852,101.25000000000392,0.006539944396803,3,431651.90027594764,4582685.717922429,1,1962.0,20830.0,176
2137,431601.9193901018,4582815.652388644,431711.1760203478,4582822.366546178,109.2197265625102,-3.1350527091944214,2,431656.54770522483,4582819.009467412,1,1962.0,20830.0,176
2144,431212.76208862505,4582814.09265788,431247.7898375663,4582820.321355737,34.98925781252488,-3.135052709206255,2,431230.2759630957,4582817.207006808,3,1960.0,20830.0,157
2145,431172.6844187668,4582816.131867156,431194.3521018617,4582822.273189681,21.62890625001344,-3.1350527091736287,2,431183.51826031425,4582819.202528419,3,1959.0,20830.0,147
2146,431067.110868181,4582813.417699724,431149.9971463544,4582825.9590092255,82.80957031243253,-3.1350527091892144,4,431108.5540072677,4582819.688354475,3,1959.0,20830.0,147
2148,430788.58410908096,4582812.566848122,430898.0293895809,4582825.281854497,109.36914062503412,-3.135052709192013,4,430843.30674933095,4582818.924351309,3,1958.0,20830.0,138
2171,430766.4132418963,4582831.691543281,430771.45615719206,4582859.719713274,27.883032013394,-1.4971710182637312,1,430768.9346995442,4582845.705628278,3,1958.0,20831.0,139
2176,430569.1539687365,4582829.749809527,430579.36515339685,4582920.966501934,91.2654250463595,1.491597193627582,1,430574.25956106663,4582875.358155731,3,1957.0,20831.0,130
2177,430474.21589471184,4582829.18024094,430485.62741159176,4582928.241258209,99.16453384019594,1.485760723958715,1,430479.9216531518,4582878.710749574,3,1956.0,20831.0,121
2196,430292.8033809099,4582872.14071154,430295.8073305133,4583013.855714008,141.71491891247825,1.570824196863977,1,430294.3053557116,4582942.998212774,3,1955.0,20831.0,112
2211,430166.1729331618,4582934.068320511,430176.0901109486,4583023.098323633,89.06642698681782,1.4929525986196357,1,430171.1315220552,4582978.583322072,3,1955.0,20831.0,112
2326,430614.6714140858,4582828.166912361,430629.0323391324,4582920.150272935,91.81912613073932,-1.6622555344622365,2,430621.8518766091,4582874.158592648,3,1957.0,20831.0,130
2487,430342.4651917301,4582843.574314614,430348.6968482176,4582851.763269379,8.017088063005591,1.5415773791458232,2,430345.58101997385,4582847.668791996,3,1956.0,20831.0,121
2513,431158.5919117413,4582695.038657335,431165.3149849959,4582805.658539676,110.5830078128232,-1.5642563823998217,2,431161.9534483686,4582750.348598505,3,1959.0,20830.0,147
2515,431198.1565534578,4582694.483811528,431207.86334054434,4582802.642897859,108.10253906244604,1.5773362711905814,3,431203.00994700106,4582748.563354693,3,1960.0,20830.0,157
2525,431315.3538695932,4582695.385919537,431322.043604697,4582800.908254644,105.48535156264082,1.5773362711894547,2,431318.69873714505,4582748.147087091,1,1960.0,20830.0,157
2532,431451.28366627416,4582696.740550923,431457.5718235535,4582740.859902306,44.08105468643101,-1.5642563824001072,2,431454.42774491385,4582718.800226615,1,1961.0,20830.0,167
2534,431582.5433743013,4582700.590611612,431588.8092167341,4582741.297926591,40.66894531322955,1.5773362711892511,2,431585.6762955177,4582720.944269102,1,1961.0,20830.0,167
2560,430076.10466317285,4582977.658210388,430098.75441877934,4583029.455956869,52.67315190486157,1.242776447356465,2,430087.42954097607,4583003.557083629,3,1954.0,20831.0,102
2561,430060.4866014745,4582986.929575425,430086.8591619182,4583035.346290373,47.04591712734691,-1.895270717613928,4,430073.6728816964,4583011.1379328985,3,1954.0,20831.0,102
2645,431715.9178371703,4582968.752186693,431722.2090397239,4583069.083714022,100.3145311866869,-1.5736994779537663,2,431719.0634384471,4583018.917950358,1,1962.0,20831.0,177
2646,431715.4717892556,4582829.229117362,431722.157309191,4582934.106935001,104.8408203117512,-1.564256382399613,2,431718.8145492233,4582881.668026181,1,1962.0,20831.0,177
2647,431715.14878992207,4582700.042691216,431721.4212677047,4582805.923997596,105.8662131949992,-1.5733703109912662,2,431718.2850288134,4582752.983344406,1,1962.0,20830.0,176
2696,430506.8764349446,4582760.065311726,430519.1236885434,4582797.989172553,37.84619140690676,-1.5642563823976812,4,430513.000061744,4582779.027242139,3,1956.0,20830.0,120
2716,431062.0041644664,4582676.494581564,431154.9467268524,4582689.901873363,92.77104482710769,0.0151850118854336,4,431108.47544565937,4582683.198227463,3,1959.0,20830.0,147
2747,430342.5214445076,4582854.612896313,430353.0549115598,4583008.092341152,153.36908207645718,1.5412157005639018,2,430347.78817803366,4582931.3526187325,3,1956.0,20831.0,121
2748,430156.27660551405,4582886.743123211,430166.7759102528,4582896.645231839,8.227464241151313,1.3637174513451231,3,430161.5262578834,4582891.694177525,3,1955.0,20831.0,112
2749,430160.1388957667,4582915.027583933,430170.0582301082,4582924.882241001,8.926922659207468,1.4615889523154146,3,430165.09856293746,4582919.954912467,3,1955.0,20831.0,112
3121,430143.8597317757,4582883.045554067,430156.1753605895,4582892.974344622,10.801391517717638,-0.4262118612360296,2,430150.0175461826,4582888.009949345,3,1955.0,20831.0,112
3122,430374.23494967935,4582727.731367372,430501.27009953617,4582792.371994235,135.60016161429206,-0.4294326330724805,3,430437.75252460776,4582760.051680803,3,1956.0,20830.0,120
3123,430389.4551484204,4582738.0150256725,430503.7839228032,4582813.237734281,128.7557971823306,2.589201793846401,3,430446.6195356118,4582775.626379977,3,1956.0,20830.0,120
3124,430394.92962662486,4582757.742729838,430505.6419076758,4582818.189819664,121.23157719942849,2.6697546986899945,2,430450.28576715034,4582787.966274751,3,1956.0,20830.0,120
3125,430360.4483803046,4582796.33969702,430381.1492100497,4582818.768752243,18.12882163822607,1.1866544395009633,5,430370.79879517714,4582807.554224632,3,1956.0,20830.0,120
3126,430339.72822880605,4582800.095487009,430357.9862004576,4582825.3597882325,23.69004156997912,2.0121997815852266,3,430348.85721463186,4582812.727637621,3,1956.0,20830.0,120
3127,430350.3803022568,4582827.941971053,430369.4266407441,4582842.336830145,16.964143975571467,2.781926531863034,3,430359.90347150044,4582835.1394005995,3,1956.0,20831.0,121
3128,430349.1395009205,4582819.777267264,430368.6212944994,4582834.217460346,17.453697374261747,2.791517207539615,3,430358.8803977099,4582826.997363806,3,1956.0,20831.0,121
3136,429984.574566113,4582941.618345369,430037.93468628445,4582970.164811357,55.87226694081711,-0.4258868450931095,2,430011.25462619873,4582955.891578363,2,1954.0,20831.0,102
3141,429988.276175225,4582982.486860237,430053.11337348144,4583019.203932685,69.59946316329055,2.674168814764279,2,430020.6947743532,4583000.845396461,2,1954.0,20831.0,102
3144,429986.1554157243,4582964.29185399,430045.2899126101,4583000.719439093,61.91598361452498,2.6644831063428054,3,430015.7226641672,4582982.505646542,2,1954.0,20831.0,102
3171,431737.5163222781,4582681.647143448,431811.5397653716,4582690.938814716,73.98853073016706,0.0039430704520092,3,431774.52804382483,4582686.292979082,1,1962.0,20830.0,176
3191,430624.7591928739,4582813.332380351,430639.7885237856,4582825.429902862,14.951171874996971,-3.135052709225751,4,430632.27385832975,4582819.381141607,3,1957.0,20830.0,129
3205,430314.9661140217,4582794.85327543,430348.7900809722,4582823.364835221,35.53159739171617,-0.6218197888940888,3,430331.8780974969,4582809.109055325,3,1956.0,20830.0,120
6939,432142.0367589452,4581303.247328399,432246.4917340661,4581309.930082928,104.41796875002692,-3.135052709193332,2,432194.2642465057,4581306.588705664,1,1964.0,20824.0,189
6940,432273.11081738514,4581435.133533822,432383.7255290646,4581441.993681225,110.57137419206674,0.0077808357967345,2,432328.4181732249,4581438.563607523,1,1965.0,20824.0,197
6945,432010.4252069054,4581167.353294411,432105.6073422517,4581170.975596688,95.16455078119576,0.0065399443952843,1,432058.0162745785,4581169.164445549,1,1963.0,20823.0,179
6974,431882.6239191548,4581037.504794293,431975.0456551333,4581052.80148859,92.3740219275829,3.138379929782711,5,431928.8347871441,4581045.153141442,1,1963.0,20822.0,178
7193,432014.8181963259,4581171.037864627,432105.92522350943,4581174.633515544,91.08935546879664,-3.135052709187221,1,432060.3717099177,4581172.835690086,1,1963.0,20823.0,179
7250,431836.4025294631,4580929.989002256,431842.9078705243,4581005.67584311,75.64843826242301,-1.5641143809556282,2,431839.6551999937,4580967.832422683,1,1962.0,20822.0,168
7269,431848.92543984175,4580930.52630467,431855.3489988384,4581005.865905426,75.3070383079329,1.5764220450111923,2,431852.1372193401,4580968.196105048,1,1962.0,20822.0,168
7270,431985.1535857083,4581051.830862355,431992.8800997473,4581150.361661927,98.44066922366838,-1.588345238132591,2,431989.0168427278,4581101.096262141,1,1963.0,20823.0,179
7286,432114.6723510035,4581176.751941883,432122.5764737804,4581294.279267437,117.44545769626916,1.5545760691611066,2,432118.6244123919,4581235.51560466,1,1964.0,20823.0,188
7287,432254.7772217281,4581313.426221676,432261.2900914874,4581411.600856036,98.14461590582508,-1.5655698144798942,2,432258.03365660773,4581362.513538856,1,1964.0,20824.0,189
7312,432388.66081162,4581450.0832441095,432395.4381679692,4581541.5530207725,91.42205158490523,1.5793017446457835,2,432392.0494897946,4581495.8181324415,1,1965.0,20824.0,197
7313,432518.1824267084,4581448.934070996,432525.38797539385,4581618.401217597,169.4287390825231,-1.5636799969772837,2,432521.78520105116,4581533.667644296,1,1966.0,20825.0,205
7336,432653.1073050728,4581453.597973522,432659.2579935808,4581614.09750884,160.49397253646913,1.5717352478797575,2,432656.18264932674,4581533.847741181,1,1966.0,20825.0,205
7596,432668.2378173059,4581561.501414186,432785.1251722941,4581625.869958677,126.1383335733864,-0.4628014904136854,3,432726.6814948,4581593.685686432,1,1966.0,20825.0,205
7629,432672.8372726469,4581599.016054486,432782.9177659932,4581659.970149893,118.52390809962228,2.6789375559869173,3,432727.87751932006,4581629.493102189,1,1966.0,20825.0,205
7807,430161.2219144068,4581454.35037532,430187.3094843959,4581538.938899171,84.53353017029231,1.3649588319861428,3,430174.2656994014,4581496.644637246,3,1955.0,20824.0,105
7808,427965.4423747691,4581721.667246245,428079.8786706066,4581731.415086517,114.37988281253875,0.0065399443959627,3,428022.66052268783,4581726.541166381,0,1945.0,20826.0,3
8144,428085.3661392215,4582423.5893268585,428103.8318688938,4582494.9779817695,71.27246093805095,-1.564256382399608,6,428094.5990040577,4582459.283654314,2,1945.0,20829.0,6
8145,428087.2612843533,4581902.981253995,428105.9573410504,4582009.587905739,106.49121093754869,-1.5642563823997389,6,428096.60931270185,4581956.2845798675,0,1945.0,20827.0,4
8197,428982.7921609931,4583225.012787374,429020.4902629829,4583231.25894944,37.6596679687464,0.0065399443819159,2,429001.641211988,4583228.135868407,2,1950.0,20832.0,61
8198,428972.4872178647,4583139.108924522,429032.5929207155,4583219.531856289,86.44101905549026,2.1537185959836367,5,429002.5400692901,4583179.320390405,2,1950.0,20832.0,61
8201,429702.2198401369,4583087.645345985,429714.4905008964,4583100.893630373,12.998846174471366,1.591823866079329,4,429708.35517051665,4583094.269488179,2,1953.0,20832.0,93
8202,429431.74992051534,4583227.128769205,429443.8059108439,4583235.80764999,8.600585937232369,1.577336271191702,4,429437.7779156796,4583231.468209597,2,1951.0,20832.0,74
8241,430526.5338534428,4581440.090316895,430630.7849090879,4581452.771352845,104.174804687476,-3.1350527091899054,4,430578.65938126534,4581446.430834871,3,1957.0,20824.0,123
8242,430661.3715154327,4581440.131681965,430762.8080892798,4581449.794503565,101.37988281253466,-3.135052709203284,3,430712.08980235626,4581444.963092765,3,1957.0,20824.0,123
8243,430796.0572129325,4581439.653127424,430896.6734918224,4581449.310584265,100.55957031260422,-3.1350527091934137,3,430846.3653523774,4581444.481855845,3,1958.0,20824.0,132
8244,430930.5344830287,4581438.952861893,431030.020814408,4581445.603121306,99.44921875001296,-3.135052709190686,2,430980.27764871833,4581442.277991599,3,1959.0,20824.0,141
8245,431063.9786924352,4581440.155188938,431161.506081333,4581446.792636792,97.49023437493037,-3.1350527091984484,2,431112.74238688406,4581443.473912865,3,1959.0,20824.0,141
8246,431200.6431717777,4581439.941045926,431297.9108006058,4581446.57679494,97.23046874997311,-3.135052709196162,2,431249.27698619175,4581443.258920433,1,1960.0,20824.0,151
8247,431330.76561878814,4581440.010296628,431433.5731682029,4581446.682276931,102.7705078125022,-3.1350527092005005,2,431382.16939349554,4581443.346286779,1,1960.0,20824.0,151
8248,431465.7699933501,4581439.78285501,431567.4672149478,4581446.447573728,101.66015625009165,-3.13505270918876,2,431516.618604149,4581443.115214368,1,1961.0,20824.0,161
8249,431597.9904880127,4581440.097765576,431703.3087259218,4581446.786165875,105.28125000004847,-3.1350527092073843,2,431650.6496069672,4581443.441965725,1,1962.0,20824.0,170
8250,430925.3811029778,4581307.167146362,431031.6499385515,4581313.27395873,106.26285806068172,0.0010051999134693,2,430978.51552076463,4581310.220552546,3,1958.0,20824.0,132
8251,431064.3970639594,4581307.495420098,431164.43416480994,4581314.149281563,99.99999999999258,0.006539944389445,2,431114.4156143847,4581310.822350831,1,1959.0,20824.0,141
8252,431196.62372837146,4581308.36018746,431292.77126396616,4581314.988611022,96.11035156250472,0.0065399443944605,2,431244.6974961688,4581311.674399241,1,1960.0,20824.0,151
8253,431332.1861946635,4581307.016742933,431429.4430815339,4581313.652421694,97.21972656255372,0.0065399443972499,2,431380.8146380987,4581310.334582314,1,1960.0,20824.0,151
8254,431467.14179140463,4581307.2294214135,431576.1943244528,4581313.942244144,109.01562499997952,0.0065399443884419,2,431521.6680579287,4581310.585832778,1,1961.0,20824.0,161
8255,431595.6281612188,4581307.340800548,431707.3383862269,4581314.1479688985,111.66976589486022,3.134363013767214,2,431651.4832737228,4581310.744384723,1,1962.0,20824.0,170
8256,431737.4830415655,4581305.658524772,431828.7898603704,4581312.255289864,91.26953125004724,-3.135052709202361,2,431783.136450968,4581308.956907318,1,1962.0,20824.0,170
8257,431873.2301963177,4581304.89491377,431982.8081087553,4581311.611172503,109.5410156249452,-3.135052709192468,2,431928.0191525365,4581308.253043137,1,1963.0,20824.0,180
8258,432009.8810973731,4581308.399511484,432092.8082125724,4581314.941473,82.88964843757576,-3.1350527091953846,2,432051.3446549728,4581311.670492242,1,1963.0,20824.0,180
8259,430776.41751518735,4581458.00868805,430783.105845235,4581563.316184002,105.27050781327544,-1.56425638240034,2,430779.7616802112,4581510.662436026,3,1958.0,20825.0,133
8260,430775.62720084446,4581356.941398223,430782.1066373605,4581430.308171002,73.32910156241162,-1.5642563823992506,2,430778.8669191025,4581393.624784613,3,1958.0,20824.0,132
8261,430909.8420893801,4581314.929480132,430916.6049704304,4581431.636146365,116.66992187521612,1.5773362711898546,2,430913.2235299052,4581373.282813248,3,1958.0,20824.0,132
8262,431043.6548875514,4581319.134389969,431050.3596280165,4581426.951109601,107.77978515601922,-1.5642563823990672,2,431047.0072577839,4581373.042749785,3,1959.0,20824.0,141
8263,431045.0319331193,4581265.673860845,431051.2688441684,4581301.957442304,36.24511718775062,-1.5642563823997355,2,431048.15038864384,4581283.815651575,3,1959.0,20824.0,141
8264,431312.1403415767,4581452.782787901,431318.8487447676,4581561.159554152,108.33984375094629,1.5773362711897376,2,431315.4945431722,4581506.971171027,1,1960.0,20825.0,152
8265,431310.7665272083,4581322.575069408,431317.4522131958,4581427.478277131,104.86621093864032,1.5773362711899417,2,431314.10937020206,4581375.026673269,1,1960.0,20824.0,151
8266,431445.77934001904,4581454.87698545,431452.4804848176,4581562.143912154,107.22998046962611,-1.5642563824000617,2,431449.1299124183,4581508.510448802,1,1961.0,20825.0,162
8267,431444.9745056981,4581320.208851704,431451.7010277269,4581431.3560665175,111.11035156194288,-1.564256382399718,2,431448.3377667125,4581375.782459111,1,1961.0,20824.0,161
8268,431579.3724522213,4581454.75079849,431586.0935424308,4581565.06746466,110.27978515684688,1.5773362711903212,2,431582.73299732606,4581509.909131575,1,1961.0,20825.0,162
8269,431445.4794398817,4580936.423472333,431452.1006018582,4581031.46068011,95.00000000072716,-1.5642563823994973,2,431448.7900208699,4580983.942076221,1,1961.0,20822.0,159
8270,431580.2782763956,4581320.784332889,431587.0302363277,4581435.821112959,114.99999999989986,1.5773362711902186,2,431583.65425636165,4581378.302722923,1,1961.0,20824.0,161
8271,431866.6228630439,4581438.50186496,431978.862534889,4581444.688468111,112.22985042294135,-3.1399298915886327,2,431922.74269896647,4581441.595166536,1,1963.0,20824.0,180
8272,431848.4338890294,4581093.684857583,431858.6171254838,4581293.56779445,199.8331436691949,1.5648743803069536,3,431853.5255072566,4581193.626326016,1,1962.0,20823.0,169
8273,431993.9058316693,4581450.911927887,432000.62848979374,4581561.468335023,110.51953124979148,-1.5642563823992406,2,431997.2671607315,4581506.190131456,1,1963.0,20825.0,181
8274,431991.1376333556,4581320.17131523,431997.862367131,4581431.045098391,110.83691406215706,-1.5642563824009246,2,431994.5000002433,4581375.60820681,1,1963.0,20824.0,180
8275,431990.2254129223,4581215.329229963,431996.2881700274,4581296.451983974,81.1181362510613,-1.5715699997362218,2,431993.2567914748,4581255.890606969,1,1963.0,20823.0,179
8276,432125.0130742192,4581638.400083971,432131.4012267909,4581697.809147434,59.3710937492232,1.5773362711894368,2,432128.20715050504,4581668.104615703,1,1964.0,20825.0,190
8277,431717.3501487832,4581064.430371642,431724.8796348626,4581298.354257652,233.88964843775628,-1.5642563823997555,2,431721.1148918229,4581181.392314646,1,1962.0,20823.0,169
8278,432014.9004598247,4581871.243202342,432107.9982559531,4581877.851680493,93.06054687499255,-3.1350527091966485,2,432061.4493578889,4581874.547441417,1,1963.0,20826.0,182
8279,432121.0407614708,4581760.029156765,432130.66911768354,4581856.195823783,96.10986328204694,1.5773362711896903,3,432125.85493957717,4581808.112490274,1,1964.0,20826.0,191
8280,432275.40306914,4582004.730119191,432374.9099967544,4582014.380320834,99.4501953125613,0.0065399444030387,3,432325.1565329472,4582009.555220013,1,1965.0,20827.0,200
8281,432120.161594204,4581883.062572936,432129.2541098959,4581897.296910112,14.17578125030689,1.5773362711875258,3,432124.70785204996,4581890.179741524,1,1964.0,20826.0,191
8282,432132.3583122357,4581875.542448673,432185.61041796335,4581905.817875795,56.39444237414057,-0.4571386415731535,2,432158.9843650995,4581890.680162234,1,1964.0,20826.0,191
8283,432254.5027918372,4581886.720302138,432261.2331394507,4581998.45246538,111.69531250044956,-1.564256382399923,2,432257.867965644,4581942.586383758,1,1964.0,20827.0,192
8284,432384.0104674724,4581822.838070567,432391.143935279,4581996.209052332,173.3354492198865,1.5773362711898389,2,432387.57720137574,4581909.52356145,1,1965.0,20826.0,199
8285,431462.4670004352,4581041.252859377,431566.9630791648,4581050.935690256,104.43945312493004,-3.1350527091911564,3,431514.71503980004,4581046.094274817,1,1961.0,20822.0,159
8286,431597.78140916047,4581041.478138628,431702.7447630533,4581051.164025502,104.90673828126071,-3.135052709199683,3,431650.26308610686,4581046.321082065,1,1962.0,20822.0,168
8292,431579.3297319004,4580937.329369738,431585.9871890322,4581037.916263518,100.54980468784387,1.5773362711899734,2,431582.6584604663,4580987.622816628,1,1961.0,20822.0,159
8293,431714.052538298,4580955.623235217,431720.530582531,4581028.777121924,73.11621093697312,-1.5642563824003914,2,431717.2915604145,4580992.200178571,1,1962.0,20822.0,168
8294,432521.8361878902,4582963.727238343,432528.5254184512,4583069.1724266615,105.40820312466634,-1.564256382399796,2,432525.18080317066,4583016.449832503,1,1966.0,20831.0,211
8295,432520.4921264137,4582834.554357289,432527.1514165051,4582935.421518513,100.83007812509992,-1.5642563824001907,2,432523.8217714594,4582884.987937901,1,1966.0,20831.0,211
8296,432522.4821527587,4582695.4254087135,432529.1677940399,4582800.321780644,104.85937500023805,-1.564256382399272,2,432525.8249733993,4582747.873594679,1,1966.0,20830.0,210
8297,432522.2389994475,4582552.1907478,432528.9951553882,4582667.869115711,115.64160156210508,-1.5642563823992472,2,432525.61707741785,4582610.029931756,1,1966.0,20830.0,210
8298,432522.0612636629,4582428.85605832,432528.6933467578,4582525.56315226,96.66992187511254,-1.5642563823992726,2,432525.37730521034,4582477.20960529,1,1966.0,20829.0,209
8299,432520.6910527863,4582292.294657015,432527.36668942886,4582395.661276504,103.3295898435494,-1.5642563823996012,2,432524.0288711076,4582343.977966759,1,1966.0,20828.0,208
8300,432520.0082015976,4582156.923381011,432526.1079342566,4582263.049936978,106.12096387335616,-1.5717361535726415,2,432523.05806792714,4582209.986658994,1,1966.0,20828.0,208
8301,432519.781299534,4582025.683038802,432526.6679924112,4582132.863854795,107.13481703699196,-1.579074761652783,2,432523.2246459726,4582079.273446798,1,1966.0,20827.0,207
8302,432517.7727435268,4581833.535191619,432524.8063278069,4581991.633550782,158.06250000030764,-1.564256382399219,2,432521.2895356668,4581912.5843712,1,1966.0,20826.0,206
8313,432541.7280902758,4582946.802191059,432649.5747721504,4582959.506742539,107.77050781252925,0.0065399443910267,4,432595.6514312131,4582953.1544667985,1,1966.0,20831.0,211
8316,432539.4444069105,4582534.756119637,432650.7125346353,4582541.371804318,111.22939913991492,3.109066096361481,1,432595.07847077295,4582538.063961977,1,1966.0,20829.0,209
8319,432537.08539140667,4582404.6041522,432645.1534839618,4582416.7663450185,108.05019975510388,-3.1400914402561453,4,432591.11943768425,4582410.68524861,1,1966.0,20829.0,209
8322,432537.7582482221,4582273.754682412,432649.8786760373,4582285.928236055,112.1019825269282,0.0015483053162654,4,432593.8184621297,4582279.841459233,1,1966.0,20828.0,208
8325,432402.30524246953,4582003.229936225,432508.4721839039,4582012.923694609,106.1103515625006,0.0065399443974989,3,432455.3887131867,4582008.076815417,1,1965.0,20827.0,200
8326,432539.5262260942,4582004.891918043,432643.4577409421,4582014.317371712,103.8955246114726,-0.0040957524217438,3,432591.4919835181,4582009.604644878,1,1966.0,20827.0,207
8338,428008.95495030575,4581677.903178417,428034.7917112407,4581703.634308645,18.68362125419972,-0.6759199965656669,6,428021.8733307732,4581690.768743531,0,1945.0,20825.0,2
8342,428237.0113076474,4582692.028555478,428369.3878135463,4582814.767177133,174.54129059007482,0.7449518623595103,2,428303.19956059684,4582753.397866305,2,1946.0,20830.0,14
8343,428240.5042090706,4582738.18745786,428357.46246555744,4582845.742433907,152.91766334040534,-2.4014674351842884,2,428298.983337314,4582791.964945884,2,1946.0,20830.0,14
8344,428364.78409004014,4582827.989218382,428376.85888065904,4582844.582148476,15.51927122333729,2.013936820568515,2,428370.82148534956,4582836.285683429,2,1947.0,20831.0,24
8345,428131.0633408113,4582598.85435391,428209.4954009439,4582671.060449791,100.6327122513046,0.7388602279309657,2,428170.2793708776,4582634.957401851,2,1946.0,20830.0,14
8346,428097.6195796292,4582622.0916693695,428224.4433935996,4582730.465722957,160.9029845141311,-2.4405145096655607,2,428161.0314866144,4582676.278696163,2,1946.0,20830.0,14
8348,428073.97275406896,4582623.872467092,428093.0573087312,4582825.966500312,201.8316400329797,-1.591050389779854,5,428083.5150314001,4582724.919483703,2,1945.0,20830.0,7
8349,428133.8975271825,4582538.763393398,428162.733899995,4582548.028568226,28.32973505500652,-3.024622795293741,2,428148.31571358873,4582543.395980813,2,1946.0,20829.0,13
8350,428075.9744148325,4582579.161263553,428095.4530111493,4582612.76528395,31.75308903106628,-1.4241570514887574,5,428085.71371299087,4582595.963273752,2,1945.0,20829.0,6
8352,428543.226000573,4581172.722903941,428585.4141005074,4581214.78618313,50.57485575347406,-0.7832752056725782,3,428564.3200505402,4581193.754543535,0,1948.0,20823.0,26
8353,428619.45502110536,4581119.393184335,428639.4770845421,4581139.449622552,19.339858604641144,-0.7877489366642872,3,428629.4660528237,4581129.421403443,0,1948.0,20823.0,26
8354,428703.9801152687,4581039.367321787,428719.3608469093,4581054.761046925,12.760892011869617,-0.7878411474702397,3,428711.67048108904,4581047.0641843565,0,1948.0,20822.0,25
8355,428777.5904900778,4580949.873572841,428812.2694426454,4580984.660590366,40.12000659260865,-0.7878536108759995,3,428794.9299663616,4580967.267081603,0,1949.0,20822.0,37
8356,428791.8579972151,4580911.031388856,428871.49247803626,4580990.994052316,103.85256072179055,2.353747952116576,3,428831.6752376257,4580951.012720586,0,1949.0,20822.0,37
8357,428814.1316271762,4580903.348534833,428858.49517226696,4580947.869054366,53.85071730791089,-0.7878729912828408,3,428836.3133997216,4580925.6087946,0,1949.0,20822.0,37
8358,428925.8363765428,4580771.431617748,428987.1841561998,4580832.14457404,77.31183760430486,-0.7788269576970411,3,428956.5102663713,4580801.788095893,0,1949.0,20821.0,36
8359,429048.2986176336,4580669.426584631,429086.4512287126,4580707.257805905,44.72976995185579,-0.7790376846567353,3,429067.3749231731,4580688.342195269,0,1950.0,20821.0,50
8428,429162.7076788553,4580520.644813027,429254.8060818644,4580615.545180568,123.24798667310654,2.3388516248854474,3,429208.75688035984,4580568.094996797,0,1950.0,20820.0,49
8430,429162.402491365,4580513.678324589,429248.8856943226,4580603.002885812,115.3370575912319,-0.8042933942939705,3,429205.64409284375,4580558.3406052,0,1950.0,20820.0,49
8433,429164.6528696738,4580653.889633409,429177.1098853843,4580723.887027066,69.92041015654868,1.5773362711900711,4,429170.88137752906,4580688.888330238,0,1950.0,20821.0,50
8435,429164.0850368975,4580743.295765369,429176.2395152764,4580767.033894412,23.660156249926604,1.577336271191078,4,429170.162276087,4580755.164829891,0,1950.0,20821.0,50
8436,429163.8034113885,4580787.298474366,429176.5098533077,4580895.43421256,108.05957031275892,1.5773362711901393,4,429170.1566323481,4580841.366343463,0,1950.0,20822.0,51
8437,429164.391630672,4580927.753893815,429176.8867074379,4581003.570987233,75.74023437611154,1.57733627118936,4,429170.6391690549,4580965.6624405235,0,1950.0,20822.0,51
8438,429163.5067923252,4581017.0077107465,429175.6105864964,4581032.996005526,15.910156249688386,1.5773362711916767,4,429169.5586894108,4581025.001858136,0,1950.0,20822.0,51
8439,429162.4794226599,4581061.336630706,429175.1649254635,4581169.849315024,108.4389673757986,1.5771201357846094,4,429168.8221740617,4581115.592972865,0,1950.0,20823.0,52
8441,429199.1587008428,4581211.7157457145,429307.28857686615,4581301.617052966,134.73639124983788,0.6851065683816717,2,429253.22363885446,4581256.66639934,0,1951.0,20823.0,65
8443,429194.7729304968,4581216.720451129,429300.0435300067,4581303.735410135,130.7008259493632,-2.4598975211444425,2,429247.40823025175,4581260.2279306315,0,1951.0,20823.0,65
8445,429348.9332440071,4581333.673211498,429394.9914574501,4581372.704478357,54.48579935546309,0.6827384133211276,2,429371.9623507286,4581353.188844928,0,1951.0,20824.0,66
8447,429342.19469428936,4581336.188382073,429390.59681377176,4581377.250149616,57.58322406469132,-2.456987170967194,2,429366.39575403056,4581356.719265845,0,1951.0,20824.0,66
8448,429446.6048597367,4581410.127485448,429470.6395367198,4581428.033696593,24.50492745270399,0.5490233659815873,2,429458.62219822826,4581419.08059102,0,1952.0,20824.0,76
8449,429444.2028586973,4581416.114094434,429465.1884270036,4581431.934809267,20.850572978398773,-2.604666690925169,2,429454.6956428505,4581424.02445185,0,1952.0,20824.0,76
8450,429501.45893945446,4581455.908796799,429569.8042295013,4581513.294092924,83.35452251557082,0.6850432079679788,2,429535.63158447784,4581484.601444862,0,1952.0,20824.0,76
8452,429491.0746559561,4581455.872783518,429565.4770830186,4581517.837018683,90.94682122676612,-2.4599172640428333,2,429528.2758694873,4581486.8549011005,0,1952.0,20824.0,76
8454,429581.9068031414,4581521.646458702,429634.3147870164,4581566.007709823,62.77245086140828,0.6850067233134641,2,429608.1107950789,4581543.827084262,0,1952.0,20825.0,77
8455,429579.67333676666,4581528.202300398,429630.42199195456,4581570.973328691,60.4856910078085,-2.459912742817956,2,429605.0476643606,4581549.587814544,0,1952.0,20825.0,77
8456,429648.1358929701,4581575.603306613,429703.93877218943,4581623.510070106,64.70495995836589,0.6849979779768887,3,429676.0373325797,4581599.556688359,0,1953.0,20825.0,86
8457,429644.37588396994,4581583.971392557,429699.16621964617,4581630.023023755,65.69120422609804,-2.45989967015427,2,429671.771051808,4581606.997208156,0,1953.0,20825.0,86
8458,429713.60892223095,4581626.856332304,429738.6043754882,4581648.820316449,27.373600235789635,0.6849386187124293,2,429726.10664885957,4581637.838324376,0,1953.0,20825.0,86
8459,429710.198163903,4581632.423853759,429735.6891619412,4581654.699461545,27.958613313657725,-2.459921736498304,2,429722.94366292213,4581643.561657652,0,1953.0,20825.0,86
8460,429757.5225893998,4581657.286525169,429819.02982310177,4581669.304963453,61.50363885959924,-3.1412928530553983,4,429788.27620625077,4581663.295744311,3,1953.0,20825.0,86
8462,429757.9441226344,4581651.25620412,429822.57279803616,4581657.480703201,64.60821354892653,0.0034753439996964,2,429790.2584603353,4581654.368453661,3,1953.0,20825.0,86
8464,429840.9773752027,4581594.867222139,429887.3407103652,4581651.350607973,64.33935928988892,-0.91507170497725,3,429864.15904278395,4581623.108915055,3,1953.0,20825.0,86
8465,429892.1186437288,4581510.88102571,429953.2857341903,4581585.822697769,87.98368396223829,-0.9090307520149508,3,429922.7021889596,4581548.3518617395,3,1954.0,20825.0,96
8466,429976.9135431962,4581333.931485733,430099.2137463141,4581489.065713159,183.07465550693155,-0.9239772910630224,5,430038.06364475517,4581411.498599445,3,1954.0,20824.0,95
8468,430102.66543830896,4581322.465521075,430132.52094236366,4581337.698095821,28.660489016357413,-0.1158543034134972,4,430117.5931903363,4581330.081808448,3,1955.0,20824.0,105
8469,430169.3423095998,4581324.973215572,430294.94280324737,4581361.769669988,124.91312935368244,0.1773029545552111,5,430232.14255642355,4581343.37144278,3,1955.0,20824.0,105
8471,430324.2556158287,4581343.828414726,430332.7150152925,4581354.020774987,6.7623327276487215,0.2058826113371677,3,430328.4853155606,4581348.924594857,3,1956.0,20824.0,114
8472,430384.7499467052,4581356.455639764,430426.7747066755,4581373.43332295,41.05509246207605,0.2000181084006281,3,430405.76232669037,4581364.944481357,3,1956.0,20824.0,114
8473,430437.9247779157,4581367.529629868,430496.8040638479,4581388.283305818,58.271812919190616,0.2064473371538386,3,430467.36442088184,4581377.906467844,3,1956.0,20824.0,114
8475,430525.82124161534,4581378.374619877,430580.7188605368,4581390.732882493,54.82031250006991,0.0065399444045777,4,430553.2700510761,4581384.553751186,3,1957.0,20824.0,123
8476,430581.42061457125,4581365.864739553,430601.0915337351,4581385.068325128,18.505053481174667,-0.7506249392192428,3,430591.2560741532,4581375.46653234,3,1957.0,20824.0,123
8477,430610.68345416046,4581247.4506313335,430723.5506569142,4581359.016511895,149.7015490238691,-0.7788582190034776,3,430667.1170555373,4581303.233571614,3,1957.0,20824.0,123
8479,430733.7850370563,4581239.461319148,430767.8128962439,4581248.683285218,33.96972656244412,0.0065399443931609,3,430750.7989666501,4581244.072302183,3,1957.0,20823.0,122
8481,430791.1161190078,4581239.6205863,430821.4723798344,4581248.836317478,30.292869031573023,-0.0071291271624116,3,430806.2942494211,4581244.228451889,3,1958.0,20823.0,131
8482,430841.02729921904,4581239.352611661,430896.3457187156,4581248.713818797,55.26074218749982,0.0065399443958779,3,430868.6865089673,4581244.0332152285,3,1958.0,20823.0,131
8483,430924.4318962681,4581210.965947133,431003.1649522104,4581245.438333047,80.13828987475281,-0.3298594062498411,3,430963.79842423927,4581228.202140089,3,1958.0,20823.0,131
8485,431017.1493295025,4581191.291745364,431063.0122642836,4581213.900701377,45.30588165391399,-0.315379312146118,3,431040.08079689305,4581202.59622337,3,1959.0,20823.0,140
8486,431071.6808443055,4581168.317675795,431133.20992526185,4581197.116318395,60.625277721165496,-0.2893375581599783,4,431102.44538478367,4581182.716997095,1,1959.0,20823.0,140
8487,431127.0553323978,4581106.674854982,431140.4237781744,4581163.4378338,56.23148407826339,-1.649052845698409,3,431133.7395552861,4581135.056344391,1,1959.0,20823.0,140
8489,431145.97404662136,4581163.193146861,431185.6493497717,4581170.078781359,39.248717881097335,0.2109701141719649,2,431165.8116981965,4581166.6359641105,1,1959.0,20823.0,140
8490,431241.5766992045,4581162.790710676,431301.4847754345,4581169.18212681,59.87011718742015,0.0065399443819742,2,431271.5307373195,4581165.986418743,1,1960.0,20823.0,150
8491,431241.8945975913,4581169.283162917,431301.0819861089,4581175.669865727,59.14941406250364,-3.1350527091933595,2,431271.4882918501,4581172.476514323,1,1960.0,20823.0,150
8492,431198.74104017246,4581169.471739232,431221.841829409,4581175.849672099,23.00512589325422,3.1251283585578977,2,431210.2914347907,4581172.660705665,1,1960.0,20823.0,150
8494,431141.9725525161,4581178.60014442,431172.0652549492,4581210.857190793,39.04505452024978,-2.1614838551700206,2,431157.01890373265,4581194.728667607,1,1959.0,20823.0,140
8497,431313.1547281061,4581060.711834452,431319.7341567212,4581149.36783104,88.61865234375577,1.5773362711893486,2,431316.44444241363,4581105.039832747,1,1960.0,20823.0,150
8498,431313.0933472972,4581149.328353905,431319.1555779322,4581158.902545629,9.535156250604045,1.577336271193023,2,431316.1244626147,4581154.115449768,1,1960.0,20823.0,150
8499,431310.9723536388,4580934.44732758,431317.6301811946,4581035.090860774,100.60644531247372,1.577336271190518,2,431314.3012674167,4580984.769094177,1,1960.0,20822.0,149
8520,430095.04243057984,4581211.659362938,430136.0174384327,4581315.183227594,109.35251751313945,1.2142963660559822,1,430115.5299345063,4581263.421295267,3,1955.0,20823.0,104
8521,430091.0736170415,4581311.3118498605,430098.6538652347,4581326.739667923,14.863653770460669,-1.6797201317417796,2,430094.86374113814,4581319.025758892,3,1954.0,20824.0,95
8597,429421.6141136969,4581393.562683351,429440.344574941,4581410.532976449,19.354599843143497,0.6920643520156226,2,429430.97934431897,4581402.0478299,0,1951.0,20824.0,66
8598,429417.5640936518,4581398.913433516,429435.6980308478,4581415.977148902,18.93122795383285,-2.414749929089748,2,429426.63106224977,4581407.445291209,0,1951.0,20824.0,66
8622,429587.6061992571,4581577.982920028,429623.8146758729,4581587.219147419,36.15039062499989,-3.1350527091914846,3,429605.710437565,4581582.601033723,0,1952.0,20825.0,77
8623,429124.9868412775,4581178.568883983,429152.03624521726,4581184.745403163,27.0107421875152,-3.135052709196845,2,429138.5115432474,4581181.657143573,0,1950.0,20823.0,52
8625,429109.9249425303,4580641.397113599,429141.6491604214,4580672.872836853,35.69007543354402,2.362777967727576,3,429125.78705147584,4580657.134975227,0,1950.0,20821.0,50
8627,429100.21828093054,4580628.64883981,429131.7425278522,4580659.7259305045,35.2690372443955,-0.7733613752575266,3,429115.98040439136,4580644.187385157,0,1950.0,20821.0,50
8679,430775.2742830585,4581259.963065082,430782.1263619878,4581332.446173989,72.41749517818212,-1.559024111138086,2,430778.70032252313,4581296.204619536,3,1958.0,20824.0,132
8681,429699.8422892981,4581646.038707902,429708.97675230313,4581666.686970409,20.58984374842917,1.5773362711882044,3,429704.4095208006,4581656.362839155,0,1953.0,20825.0,86
8707,430908.9203876627,4581256.7486293465,430915.1241074533,4581287.957124027,31.16992187484125,1.5773362711895196,2,430912.022247558,4581272.352876687,3,1958.0,20823.0,131
8708,430304.6422441439,4581370.687724486,430310.681949174,4581376.817653931,6.090820313042095,1.577336271195538,2,430307.66209665895,4581373.752689209,3,1955.0,20824.0,105
8710,430545.4130528905,4581245.093551932,430602.66346372897,4581354.101540783,116.09373468084196,1.1341651277139708,3,430574.0382583097,4581299.597546358,3,1957.0,20824.0,123
8711,430613.8483824453,4581236.726923558,430702.3172824535,4581240.305321023,88.45117187500793,0.0065399443918888,1,430658.0828324494,4581238.516122291,3,1957.0,20823.0,122
8756,429711.3852869799,4581661.518196813,429742.0887884913,4581676.297824997,29.492672453441177,2.9379108268035474,3,429726.73703773564,4581668.908010906,0,1953.0,20825.0,86
8764,430313.9073142612,4581370.548608386,430319.9472172764,4581376.70881062,6.1210937497493525,1.5773362711810903,2,430316.92726576875,4581373.6287095025,3,1955.0,20824.0,105
8765,430336.5746051624,4581346.518592067,430374.2415082158,4581362.5157444645,36.613274920533485,0.1971457692776348,3,430355.4080566891,4581354.517168266,3,1956.0,20824.0,114
8769,430136.5414706651,4581337.442354299,430149.74107196246,4581360.300257647,21.471422640640927,1.3649009937927272,3,430143.14127131377,4581348.871305973,3,1955.0,20824.0,105
8770,430069.7833401682,4581238.859154594,430095.9035479695,4581309.710176554,72.09221923575613,-1.857174132236672,2,430082.8434440688,4581274.284665573,3,1954.0,20823.0,94
8773,430141.2677616229,4581359.416993597,430167.785569352,4581445.049348599,85.62264764366607,1.3624248985548322,3,430154.52666548744,4581402.233171098,3,1955.0,20824.0,105
8774,429100.5083068612,4580770.240396649,429152.3267123456,4580776.578906032,51.7802734374931,0.0065399444064398,2,429126.41750960343,4580773.409651341,0,1950.0,20821.0,50
8778,429116.5126132985,4580597.022421722,429139.5592310064,4580611.81167602,22.58417242881519,0.4256132792427683,2,429128.03592215246,4580604.4170488715,0,1950.0,20820.0,49
8779,429153.9720280311,4580596.817632641,429168.9258224248,4580611.96167789,12.300091808294727,-0.8261742888658121,3,429161.448925228,4580604.389655266,0,1950.0,20820.0,49
8780,429105.6730785889,4580905.844157719,429145.0258453195,4580911.895557715,39.34496117065199,3.140286129728041,2,429125.3494619542,4580908.869857717,0,1950.0,20822.0,51
8781,429084.74199272273,4581041.382187508,429144.6506301033,4581047.482651995,59.898657354432665,0.00167738275911,2,429114.696311413,4581044.432419751,0,1950.0,20822.0,51
8782,429189.60370207945,4581202.118393568,429201.9470531002,4581214.008033947,11.168420441357489,0.7232847457691866,2,429195.77537758986,4581208.063213758,0,1950.0,20823.0,52
8784,429448.3350157737,4581443.2393852025,429465.38228107407,4581452.35029755,16.988769531231725,0.0065399444030583,3,429456.8586484239,4581447.794841376,0,1952.0,20824.0,76
8785,429433.8084958548,4581423.924077335,429439.8791312803,4581434.783397824,10.82031249894136,1.5773362711919747,2,429436.84381356754,4581429.35373758,0,1951.0,20824.0,66
8805,429566.7316067282,4581538.472472881,429572.8852926608,4581574.869246417,36.37173708366056,-1.5750232349076032,2,429569.80844969454,4581556.670859649,0,1952.0,20825.0,77
8810,431198.1079686289,4581162.789608221,431222.160590407,4581168.9510879805,24.01278324823349,0.0067304516596537,2,431210.1342795179,4581165.870348101,1,1960.0,20823.0,150
8878,429397.5244764452,4581373.035290512,429418.8104373422,4581392.781201241,23.073114192536604,0.7215715149344654,2,429408.1674568937,4581382.908245876,0,1951.0,20824.0,66
8880,429393.0443718744,4581377.596362301,429414.19857487926,4581397.325170272,22.959839816824747,-2.41565853813467,2,429403.6214733769,4581387.460766287,0,1951.0,20824.0,66
8888,431313.4779865358,4581187.152716378,431319.6884953024,4581219.399274796,32.208007812247004,1.577336271191211,2,431316.5832409191,4581203.275995587,1,1960.0,20823.0,150
8889,431329.09874949936,4581168.963325597,431423.28636607097,4581175.578931215,94.15039062493804,-3.135052709197732,2,431376.1925577852,4581172.271128407,1,1960.0,20823.0,150
8900,431226.592357574,4581054.807419145,431235.88179922494,4581161.109143457,106.27760467567818,1.5680725601582015,3,431231.23707839946,4581107.958281301,1,1960.0,20823.0,150
8906,431238.0868770249,4581040.555929216,431303.8738226435,4581049.985600906,65.72949218753251,-3.1350527091938805,3,431270.9803498342,4581045.270765061,1,1960.0,20822.0,149
8907,431312.3509097669,4581229.852220729,431319.1589410487,4581294.121134845,64.19844218966317,1.5833905341296326,2,431315.7549254078,4581261.986677786,1,1960.0,20823.0,150
8946,429180.4913910288,4580635.660665852,429253.956300618,4580642.855036511,73.37691542028502,-3.1253038867515275,2,429217.22384582344,4580639.257851182,0,1950.0,20821.0,50
9019,429314.65058390814,4581282.222870639,429334.941296836,4581301.553313305,25.02970556216997,-0.7545706440332608,1,429324.79594037205,4581291.888091972,0,1951.0,20824.0,66
9026,429502.5802577495,4581438.655103012,429556.2810689184,4581448.759409134,53.39696883918375,3.0643164012011503,2,429529.430663334,4581443.707256073,0,1952.0,20824.0,76
9029,429645.4261554997,4581508.341573431,429653.1607242937,4581548.439462624,40.024976113004335,-1.689899068856909,1,429649.29343989666,4581528.390518027,0,1952.0,20825.0,77
9035,429185.8492802609,4581161.805365914,429224.8472617288,4581179.753760473,40.8051271683498,2.760859988282518,1,429205.34827099484,4581170.779563193,0,1950.0,20823.0,52
9050,430145.1831451493,4581320.412670799,430169.7590321569,4581339.208648006,22.215026265555405,0.1831960767321832,5,430157.4710886531,4581329.810659403,3,1955.0,20824.0,105
9054,429745.9877826877,4581610.954686916,429768.1137632601,4581639.006769959,32.83644395267625,-0.9263092850279796,1,429757.0507729739,4581624.980728438,0,1953.0,20825.0,86
9055,429827.2238750352,4581540.7177016325,429878.9548485368,4581583.091460818,63.93784054437535,-2.464987645233192,1,429853.089361786,4581561.9045812255,3,1953.0,20825.0,86
9059,429851.1309163644,4581643.484869947,429885.6755914086,4581668.072067168,31.33695433780242,2.8017797753876046,5,429868.4032538865,4581655.778468557,3,1953.0,20825.0,86
9071,429831.2149797354,4581673.416237317,429834.6892584851,4581702.0258728005,28.563723939932785,1.5541768234683946,1,429832.95211911027,4581687.721055059,3,1953.0,20825.0,86
9072,429818.1729322705,4581673.140123543,429827.7487223015,4581700.983646201,27.661578504724503,-1.5499083154565425,3,429822.960827286,4581687.061884873,3,1953.0,20825.0,86
9073,429992.7414600515,4581447.712293301,430156.6291721048,4581504.222747359,171.5575476678462,-0.3181259337458061,1,430074.68531607813,4581475.96752033,3,1954.0,20824.0,95
9284,429317.5767356177,4581307.63989069,429345.5464936257,4581333.724912972,32.27177598588713,0.7346485812236945,2,429331.56161462166,4581320.682401831,0,1951.0,20824.0,66
9285,429316.9197800843,4581315.265091345,429341.07339893264,4581337.368985344,26.78878705434083,-2.425970138253073,2,429328.9965895085,4581326.317038344,0,1951.0,20824.0,66
9288,429051.0699067313,4583218.828325219,429152.5981866293,4583225.491939051,101.49121093745812,0.0065399443855802,2,429101.8340466803,4583222.160132135,2,1950.0,20832.0,61
9289,429316.8117220478,4583215.1117085125,429426.60065633536,4583224.829154865,109.73242187495369,0.0065399443917999,3,429371.70618919155,4583219.970431689,2,1951.0,20832.0,74
9290,428777.3526660768,4583079.1299815085,428882.7021533177,4583085.818586182,105.31250000001552,-3.1350527091857576,2,428830.02740969724,4583082.474283845,2,1949.0,20832.0,47
9291,429083.1902321727,4583081.435481323,429152.30083718087,4583090.886889871,69.05322265627625,-3.135052709194167,3,429117.7455346768,4583086.161185597,2,1950.0,20832.0,61
9292,429456.7451845051,4583080.464769236,429563.39640172,4583087.161887272,106.61425781250496,-3.135052709185339,2,429510.07079311257,4583083.813328254,2,1952.0,20832.0,84
9293,428782.8132832213,4582942.687934489,428887.4832752196,4582955.371710299,104.59375000000892,0.0065399444020437,4,428835.14827922045,4582949.029822394,2,1949.0,20831.0,46
9294,429319.186750701,4582943.780258153,429425.1164813837,4582956.4722727,105.85351562500162,0.0065399443931095,4,429372.15161604236,4582950.126265426,2,1951.0,20831.0,73
9296,429590.87540531176,4582945.238745996,429694.3344857064,4582957.914602398,103.3828124999718,0.0065399444022499,4,429642.6049455091,4582951.576674197,2,1952.0,20831.0,83
9297,429722.8885356072,4582946.811964644,429831.0202787728,4582956.518572904,108.07519531255792,0.0065399443917853,3,429776.95440719,4582951.665268774,2,1953.0,20831.0,92
9298,429852.5855288787,4582945.97859539,429966.2369382836,4582955.355989128,113.62213906506808,-0.0033219238238736,3,429909.41123358114,4582950.66729226,2,1954.0,20831.0,102
9299,428782.5525090121,4582814.300414318,428888.5982704251,4582820.99357265,106.00878906244816,-3.1350527091984004,2,428835.57538971864,4582817.646993484,2,1949.0,20830.0,45
9300,429186.1341542263,4582810.439354482,429291.507167327,4582820.127920544,105.31640625001606,-3.1350527091974256,3,429238.82066077663,4582815.2836375125,2,1951.0,20830.0,72
9301,429316.6938621003,4582811.293219885,429423.23872514,4582820.989449889,106.48828124996868,-3.135052709195816,3,429369.9662936202,4582816.141334888,2,1951.0,20830.0,72
9302,429451.44488658936,4582812.174496656,429559.77682078624,4582821.882414174,108.27539062502376,-3.135052709188273,3,429505.6108536878,4582817.028455416,2,1952.0,20830.0,82
9303,429588.9856692499,4582811.763931941,429695.50025949953,4582821.459963961,106.45800781250398,-3.1350527091960334,3,429642.2429643747,4582816.611947951,2,1952.0,20830.0,82
9304,429718.2595374714,4582815.41937828,429825.6265596908,4582822.121177708,107.33007812504722,-3.135052709185662,2,429771.94304858113,4582818.770277994,2,1953.0,20830.0,91
9305,429852.4832294881,4582816.297206278,429962.6949174343,4582823.017609925,110.17480468753244,-3.1350527092036646,2,429907.5890734612,4582819.6574081015,2,1954.0,20830.0,101
9306,429996.30399011663,4582814.75776596,430138.0628549633,4582821.684489333,141.72265625003087,-3.135052709188813,2,430067.18342253997,4582818.221127646,3,1954.0,20830.0,101
9307,428243.4545615963,4582679.398708744,428484.8401132319,4582683.977186866,241.37109375000733,0.0065399443952298,1,428364.1473374141,4582681.687947805,2,1947.0,20830.0,23
9308,428517.1175151164,4582677.911189234,428622.48750973126,4582684.599928026,105.33300781254488,0.0065399444024683,2,428569.80251242383,4582681.25555863,2,1948.0,20830.0,33
9309,428640.7608201509,4582679.249617589,428756.6198482617,4582686.006955055,115.82226562499054,0.006539944400474,2,428698.69033420633,4582682.628286322,2,1948.0,20830.0,33
9310,428780.7723245744,4582678.545634554,428889.2604165687,4582685.25476582,108.4511718750579,0.0065399443983051,2,428835.01637057157,4582681.900200186,2,1949.0,20830.0,45
9311,428912.5698972198,4582677.227373233,429023.0286501949,4582683.949392696,110.42187499998572,0.0065399443970996,2,428967.7992737073,4582680.588382965,2,1949.0,20830.0,45
9312,429046.181233777,4582678.110962237,429155.4710664379,4582684.825336917,109.25292968743923,0.0065399443978063,2,429100.82615010743,4582681.468149577,2,1950.0,20830.0,59
9313,429186.2058746672,4582677.936861602,429294.4752213396,4582684.644562265,108.23242187504296,0.0065399443973344,2,429240.34054800344,4582681.290711934,2,1951.0,20830.0,72
9314,429466.7066227876,4582678.142405966,429556.6042920408,4582684.729955168,89.86035156247243,0.0065399443948117,2,429511.6554574142,4582681.436180567,2,1952.0,20830.0,82
9315,429587.3910391323,4582678.560584905,429698.58024523605,4582685.287381558,111.152343749954,0.0065399443909921,2,429642.98564218415,4582681.923983231,2,1952.0,20830.0,82
9316,429722.9925486781,4582677.817506212,429826.483677224,4582684.493957149,103.454101562437,0.0065399443992851,2,429774.73811295105,4582681.15573168,2,1953.0,20830.0,91
9317,429850.315810454,4582678.38017983,429955.8869726416,4582685.070234264,105.53417968748262,0.0065399443896704,2,429903.1013915478,4582681.725207048,3,1954.0,20830.0,101
9318,429993.10451736976,4582677.544094277,430137.5909518104,4582687.488463586,144.43066406245617,0.0065399443949206,3,430065.34773459006,4582682.516278932,3,1954.0,20830.0,101
9319,430169.17297699983,4582680.045715158,430329.2088835898,4582690.091778601,159.98046874991644,0.0065399443952514,3,430249.1909302948,4582685.06874688,3,1955.0,20830.0,111
9320,430381.03530968085,4582677.150449522,430500.5818477941,4582686.931710971,119.49023437499912,0.0065399443931737,3,430440.8085787375,4582682.041080246,3,1956.0,20830.0,120
9321,430515.3993087678,4582680.212214321,430554.29961306334,4582687.207785681,38.75871784067148,0.0257405093711906,2,430534.84946091555,4582683.710000001,3,1956.0,20830.0,120
9322,430666.9156390812,4582680.27822456,430765.3346882437,4582693.389356421,98.28958869241536,-0.0113127285518069,4,430716.1251636625,4582686.83379049,3,1957.0,20830.0,129
9323,430788.6628733516,4582676.13671125,430897.4089500544,4582688.847144805,108.66992187506064,0.006539944382132,4,430843.035911703,4582682.491928028,3,1958.0,20830.0,138
9324,430925.2414295307,4582676.861823136,431036.4168196997,4582688.948527569,111.16606414064748,-0.0007799870689945,4,430980.8291246152,4582682.9051753525,3,1959.0,20830.0,147
9325,431811.973585928,4582681.374529552,431858.5818568879,4582690.736724714,46.5395870540671,0.0077884617895829,3,431835.27772140794,4582686.055627133,1,1962.0,20830.0,176
9326,431883.682641004,4582680.889310512,431989.2431500949,4582690.579102804,105.50390624995973,0.0065399443894526,3,431936.4628955494,4582685.734206658,1,1963.0,20830.0,186
9327,432016.2336627649,4582681.285974283,432124.80777928233,4582690.9954756815,108.51757812496813,0.0065399443946201,3,432070.5207210236,4582686.140724982,1,1963.0,20830.0,186
9328,428169.3779412981,4582542.259481071,428221.14581065247,4582551.598685204,51.70991168767506,-3.135029106685705,3,428195.2618759753,4582546.929083137,2,1946.0,20829.0,13
9329,428240.7553618881,4582543.04086616,428355.5187103059,4582549.791037838,114.72656250011022,-3.13505270920071,2,428298.137036097,4582546.415951999,2,1946.0,20829.0,13
9330,428374.1242639911,4582544.708042674,428484.5761811749,4582551.43001743,110.41503906251477,-3.135052709192198,2,428429.350222583,4582548.069030052,2,1947.0,20829.0,22
9331,428512.7351820373,4582546.119945196,428621.964469118,4582552.833923906,109.19238281239952,-3.1350527091838742,2,428567.34982557764,4582549.476934551,2,1948.0,20829.0,32
9332,428644.8604859007,4582544.564320175,428752.1552440404,4582551.265646992,107.25781249996936,-3.135052709195126,2,428698.5078649706,4582547.914983584,2,1948.0,20829.0,32
9333,428784.0828481896,4582545.2138477545,428889.4254996391,4582551.90240772,105.30566406247416,-3.1350527092029217,2,428836.7541739143,4582548.558127737,2,1949.0,20829.0,44
9334,428914.1284797674,4582544.634633004,429018.6420473852,4582551.317770732,104.4765625000464,-3.135052709182556,2,428966.3852635763,4582547.976201868,2,1949.0,20829.0,44
9335,429046.9597765808,4582544.733318686,429150.59543328587,4582551.410714842,103.59863281246416,-3.1350527091888774,2,429098.77760493336,4582548.072016764,2,1950.0,20829.0,58
9336,429183.2622476431,4582543.115295138,429292.4623273363,4582552.82889036,109.14355468749,-3.1350527091924723,3,429237.8622874897,4582547.97209275,2,1951.0,20829.0,71
9337,429315.4805019232,4582542.279531679,429426.2518370763,4582552.003402971,110.71484374998845,-3.1350527091923195,3,429370.86616949976,4582547.141467325,2,1951.0,20829.0,71
9338,429457.96085330186,4582543.211358539,429558.8544700106,4582552.87062918,100.83691406251612,-3.1350527091904308,3,429508.40766165627,4582548.04099386,2,1952.0,20829.0,81
9339,429585.10085755546,4582541.33284006,429694.3595297457,4582551.046818479,109.2021484375034,-3.1350527091906915,3,429639.7301936506,4582546.189829269,2,1952.0,20829.0,81
9340,429721.2443859584,4582540.723320095,429827.9377721847,4582553.4203289775,106.61718749995715,-3.135052709200532,4,429774.5910790716,4582547.071824536,2,1953.0,20829.0,90
9341,429853.2402760492,4582541.036761737,429961.2861724136,4582553.742616088,107.96972656250496,-3.1350527091926272,4,429907.2632242314,4582547.389688913,3,1954.0,20829.0,100
9342,429992.7543572261,4582545.489047222,430141.3958873813,4582552.460783483,148.6054687500438,-3.1350527092002447,2,430067.0751223037,4582548.974915353,3,1954.0,20829.0,100
9343,430172.07511542935,4582547.201862341,430324.88745482586,4582554.200875852,152.77636718745632,-3.135052709197273,2,430248.4812851276,4582550.7013690965,3,1955.0,20829.0,110
9344,430374.84730630985,4582544.607634418,430502.0616491909,4582554.439043598,127.15820312499928,-3.1350527091963545,3,430438.45447775035,4582549.523339008,3,1956.0,20829.0,119
9345,430523.0044023983,4582547.066725332,430633.670182196,4582553.790098759,110.628906250039,-3.1350527091836766,2,430578.33729229716,4582550.428412046,3,1957.0,20829.0,128
9346,430664.6883211991,4582547.643110038,430766.8248976628,4582551.310894622,102.1191406250185,-3.1350527091936096,1,430715.75660943094,4582549.47700233,3,1957.0,20829.0,128
9347,430932.7924624352,4582548.125497937,431036.23662812245,4582551.801834203,103.42675781248876,-3.135052709197392,1,430984.51454527886,4582549.96366607,3,1959.0,20829.0,146
9348,431060.1255464956,4582548.8288638005,431151.14907937095,4582552.423968662,91.00585937503128,-3.1350527091864238,1,431105.6373129333,4582550.626416231,3,1959.0,20829.0,146
9349,431212.360756065,4582550.095001399,431298.9390715048,4582553.66103437,86.5605468749384,-3.135052709191632,1,431255.64991378493,4582551.878017884,3,1960.0,20829.0,156
9350,431334.0168461213,4582547.680118929,431437.0928556194,4582551.35404744,103.05859374995602,-3.135052709191947,1,431385.55485087034,4582549.517083185,1,1960.0,20829.0,156
9351,431464.74676071847,4582547.445718725,431572.79824974935,4582551.15218706,108.03417968744098,-3.135052709194953,1,431518.7725052339,4582549.298952892,1,1961.0,20829.0,166
9352,431598.3811707104,4582547.489108628,431703.5157299348,4582551.176500131,105.11718750004644,-3.135052709194869,1,431650.9484503226,4582549.33280438,1,1962.0,20829.0,175
9353,431733.59011494205,4582546.444139736,431855.0465907339,4582550.238277188,121.43945312502386,-3.135052709199504,1,431794.318352838,4582548.341208462,1,1962.0,20829.0,175
9354,431882.4113041735,4582546.647399915,431987.0732172558,4582550.331700295,104.6445312499969,-3.1350527091980065,1,431934.74226071464,4582548.489550105,1,1963.0,20829.0,185
9355,432014.85396663664,4582545.843134033,432118.4133642348,4582549.520223921,103.54199218754746,-3.135052709183201,1,432066.6336654357,4582547.681678977,1,1963.0,20829.0,185
9356,428650.0600131593,4582408.934663702,428758.98568465846,4582418.646464283,108.86914062497814,-3.135052709201553,3,428704.5228489089,4582413.790563992,2,1948.0,20829.0,32
9358,428782.4758349696,4582410.890535218,428891.21889318654,4582420.601141501,108.68652343741483,-3.13505270919786,3,428836.84736407804,4582415.745838359,2,1949.0,20829.0,44
9359,428915.0822913795,4582410.127868764,429023.508950113,4582419.836405784,108.37011718754091,-3.1350527091903886,3,428969.29562074627,4582414.982137274,2,1949.0,20829.0,44
9360,429049.1873648036,4582408.834952711,429157.0388405254,4582418.539728012,107.79492187501312,-3.135052709194412,3,429103.1131026645,4582413.687340362,2,1950.0,20829.0,58
9361,429187.9830336783,4582406.6226260085,429294.4078709602,4582419.317878571,106.34863281249652,-3.135052709196532,4,429241.1954523192,4582412.97025229,2,1951.0,20829.0,71
9362,429317.61698010034,4582407.470436897,429421.9393232833,4582420.151939069,104.24609374999336,-3.1350527092017835,4,429369.77815169183,4582413.811187983,2,1951.0,20829.0,71
9364,429454.3275492463,4582407.824478553,429562.6800796781,4582420.532338302,108.27636718750784,-3.13505270919326,4,429508.5038144622,4582414.178408427,2,1952.0,20829.0,81
9365,429587.8216819851,4582407.0676175365,429694.8890836503,4582419.767072494,106.99121093753504,-3.1350527092012337,4,429641.3553828177,4582413.417345015,2,1952.0,20829.0,81
9366,429721.7339805432,4582408.223200149,429829.15586681495,4582420.92497345,107.34570312501548,-3.135052709196746,4,429775.4449236791,4582414.574086799,3,1953.0,20829.0,90
9367,429852.2707334701,4582408.256585383,429958.18874565343,4582420.94852329,105.84179687503386,-3.135052709197054,4,429905.2297395618,4582414.602554336,3,1954.0,20829.0,100
9368,429992.8763595857,4582408.766963031,430143.0302421551,4582421.748205197,150.07861328124054,-3.1350527091890377,4,430067.9533008704,4582415.257584114,3,1954.0,20829.0,100
9369,430176.3029011287,4582408.877200752,430322.5911437117,4582421.833161484,146.2128906250023,-3.13505270920268,4,430249.44702242024,4582415.3551811185,3,1955.0,20829.0,110
9370,430371.5467525071,4582408.8132539,430499.7221011991,4582421.650755626,128.09960937502743,-3.135052709196162,4,430435.6344268531,4582415.232004764,3,1956.0,20829.0,119
9371,430524.60109650233,4582409.814235071,430630.1734129537,4582422.503912116,105.49609374994648,-3.1350527091947007,4,430577.387254728,4582416.159073593,3,1957.0,20829.0,128
9372,430663.5727150306,4582409.083431183,430765.2535131428,4582421.747657552,101.60449218748438,-3.1350527091882783,4,430714.4131140867,4582415.415544368,3,1957.0,20829.0,128
9374,430794.1782863184,4582408.897535231,430900.8052677148,4582421.594109823,106.55078125004084,-3.1350527092055245,4,430847.49177701655,4582415.2458225265,3,1958.0,20829.0,137
9375,430929.1114404021,4582408.659373703,431037.0665183961,4582421.364634098,107.87890625004655,-3.1350527092019003,4,430983.08897939906,4582415.0120039005,3,1959.0,20829.0,146
9376,431054.9189386602,4582406.486640169,431093.6747829968,4582419.619332253,38.41724966438318,3.111967312160848,4,431074.29686082853,4582413.052986211,3,1959.0,20829.0,146
9377,431214.6736473411,4582408.084615546,431306.1773520776,4582421.0948723415,91.37652953917318,-3.1305284128638027,4,431260.4254997093,4582414.589743944,1,1960.0,20829.0,156
9378,431331.5759983119,4582409.421838169,431439.5418182637,4582422.1271688165,107.88964843753024,-3.135052709196532,4,431385.5589082878,4582415.774503493,1,1960.0,20829.0,156
9379,431461.5344590279,4582408.881604945,431573.1173891249,4582421.6105916295,111.50683593749268,-3.1350527091944924,4,431517.3259240764,4582415.246098287,1,1961.0,20829.0,166
9380,431595.4340503043,4582406.007233115,431702.41453976574,4582418.706119665,106.90429687498512,-3.135052709187239,4,431648.924295035,4582412.35667639,1,1962.0,20829.0,175
9381,431732.2562270927,4582407.662813758,431856.7138818531,4582420.476001625,124.38183593750274,-3.135052709200041,4,431794.4850544729,4582414.069407691,1,1962.0,20829.0,175
9382,431886.58691756375,4582406.281954448,431986.3351398182,4582418.933541697,99.6718750000345,-3.135052709192619,4,431936.461028691,4582412.607748073,1,1963.0,20829.0,185
9383,432014.2981174105,4582407.107424667,432117.0501816752,4582419.778657156,102.67578124998504,-3.1350527091982783,4,432065.6741495428,4582413.443040911,1,1963.0,20829.0,185
9384,428123.337245167,4582271.65680847,428226.1945982043,4582278.329114492,102.82031250001828,0.0065399444022264,2,428174.7659216856,4582274.992961481,0,1946.0,20828.0,12
9385,428241.1550380372,4582272.42734127,428359.5442854747,4582279.2012264645,118.35253906257604,0.0065399443894121,2,428300.34966175596,4582275.814283867,0,1946.0,20828.0,12
9386,428373.93063896114,4582273.575978129,428489.0865571085,4582280.328717228,115.11914062501042,0.0065399443883037,2,428431.50859803485,4582276.952347679,0,1947.0,20828.0,21
9387,428510.4149046948,4582274.188310932,428626.6342766619,4582280.94800506,116.18261718750396,0.0065399443927247,2,428568.52459067834,4582277.568157996,2,1948.0,20828.0,31
9388,428642.5292668212,4582275.052343832,428758.1480656945,4582281.80811019,115.58203124995607,0.0065399443976106,2,428700.33866625786,4582278.430227011,2,1948.0,20828.0,31
9389,428776.13932775,4582274.936391399,428878.5479599149,4582281.6057627695,102.37158203129486,0.0065399444017186,2,428827.3436438325,4582278.271077084,2,1949.0,20828.0,43
9390,429050.5772016365,4582277.850518568,429156.1416553509,4582287.540824407,105.50781250114076,0.0065445723129164,3,429103.3594284937,4582282.695671488,2,1950.0,20828.0,57
9391,429186.48145671503,4582277.109907863,429293.21479228657,4582286.807370485,106.6767578124607,0.0065399443947576,3,429239.84812450083,4582281.958639174,2,1951.0,20828.0,70
9392,429320.0677174947,4582275.393307921,429428.6204389577,4582288.102476927,108.4765624999676,0.0065399443976565,4,429374.3440782262,4582281.747892424,2,1951.0,20828.0,70
9393,429452.4319245244,4582274.639311274,429563.0363599223,4582287.361898566,110.52832031252883,0.0065399443953794,4,429507.7341422234,4582281.00060492,2,1952.0,20828.0,80
9395,429587.91857971903,4582274.4350437485,429696.491808556,4582287.144346873,108.49707031255518,0.0065399443961327,4,429642.2051941375,4582280.789695311,2,1952.0,20828.0,80
9396,429724.1154577373,4582273.59575899,429832.4308795877,4582286.303376049,108.23925781252004,0.0065399444054329,4,429778.2731686625,4582279.949567519,3,1953.0,20828.0,89
9397,429851.65001184825,4582272.910276028,429959.8531314127,4582285.617158625,108.1269531249318,0.006539944402716,4,429905.7515716305,4582279.263717327,3,1954.0,20828.0,99
9398,429995.398449774,4582275.560393729,430151.0351252456,4582288.577493566,155.56152343751447,0.0065399443941727,4,430073.2167875098,4582282.068943648,3,1954.0,20828.0,99
9399,430184.7592407033,4582274.768503572,430317.4032438296,4582287.635230467,132.56835937505585,0.0065399443979491,4,430251.08124226646,4582281.20186702,3,1955.0,20828.0,109
9401,430366.3401269799,4582273.596135654,430501.1305685777,4582286.476900336,134.71484374995958,0.0065399443943853,4,430433.73534777877,4582280.0365179945,3,1956.0,20828.0,118
9402,430526.4627198168,4582273.293216908,430634.9148574933,4582286.001728091,108.37597656251566,0.006539944386695,4,430580.68878865504,4582279.6474725,3,1957.0,20828.0,127
9403,430660.3368591947,4582274.609197925,430769.8212013592,4582287.324459764,109.40820312505431,0.0065399443876138,4,430715.079030277,4582280.9668288445,3,1957.0,20828.0,127
9404,430793.7188021624,4582274.431693713,430901.1494773088,4582287.133524494,107.354492187525,0.006539944399825,4,430847.4341397356,4582280.782609103,3,1958.0,20828.0,136
9405,430928.5139988336,4582274.23315815,431036.30794746097,4582286.937364752,107.71777343749667,0.0065399443850771,4,430982.41097314726,4582280.585261451,3,1959.0,20828.0,145
9407,431064.2789353714,4582275.081026025,431166.35035012994,4582287.747807042,101.9951171875268,0.0065399444020368,4,431115.31464275066,4582281.414416533,3,1959.0,20828.0,145
9408,431197.4437037117,4582272.4220679775,431302.4183766942,4582285.107836412,104.8984374999794,0.0065399444027969,4,431249.93104020297,4582278.764952195,1,1960.0,20828.0,155
9409,431324.8088442232,4582271.624146539,431355.91959762736,4582283.826842159,31.03293828124014,0.0065399444044813,4,431340.36422092526,4582277.725494349,1,1960.0,20828.0,155
9410,431463.8813855129,4582274.759315291,431572.683022426,4582291.0603217855,108.41023393614768,-0.0397714521434912,4,431518.28220396943,4582282.909818538,1,1961.0,20828.0,165
9411,431596.7729109885,4582273.413055897,431705.0736847144,4582286.120577155,108.22460937496542,0.0065399443942308,4,431650.92329785146,4582279.766816526,1,1962.0,20828.0,174
9412,428113.8659034446,4582139.726570891,428221.9511682225,4582164.081406363,107.182074573713,3.0536588051997104,5,428167.9085358336,4582151.903988628,0,1946.0,20827.0,11
9413,428243.8072431554,4582139.382771664,428358.7738899512,4582152.133887983,114.89062499989164,-3.1350527091959446,4,428301.29056655325,4582145.758329824,0,1946.0,20827.0,11
9414,428375.1597973042,4582139.511337941,428487.6899727686,4582152.246519646,112.45410156250774,-3.1350527091899747,4,428431.4248850364,4582145.878928794,0,1947.0,20827.0,20
9416,428511.4850936301,4582136.35790213,428624.1998354599,4582149.094290906,112.63867187498704,-3.135052709194873,4,428567.842464545,4582142.726096518,0,1948.0,20827.0,30
9417,428644.64970384224,4582136.858922736,428757.8585757296,4582149.59854314,113.1328124999918,-3.135052709198197,4,428701.2541397859,4582143.228732938,0,1948.0,20827.0,30
9418,428778.36590323015,4582140.597994925,428891.6504570928,4582153.338110292,113.208496093796,-3.1350527092018043,4,428835.0081801615,4582146.968052609,0,1949.0,20827.0,42
9419,428914.6364187567,4582139.474517703,429023.46452495526,4582152.185487735,108.75195312501565,-3.1350527091965787,4,428969.05047185597,4582145.83000272,0,1949.0,20827.0,42
9420,429045.91948493535,4582140.074075154,429158.58930585074,4582152.810170145,112.59375000003202,-3.1350527091975797,4,429102.2543953931,4582146.442122649,0,1950.0,20827.0,56
9421,429187.078030063,4582140.931337974,429293.21478756826,4582153.624706484,106.06054687499058,-3.135052709196048,4,429240.14640881564,4582147.27802223,2,1951.0,20827.0,69
9422,429451.4199178488,4582135.320528091,429557.4153434028,4582157.012394875,105.8603515625308,-3.135052709197204,7,429504.4176306258,4582146.166461483,2,1952.0,20827.0,79
9424,429586.9483583252,4582136.206760879,429696.8796460009,4582154.92456082,109.81591796877724,-3.135052709198649,6,429641.91400216304,4582145.565660849,3,1952.0,20827.0,79
9425,429720.2173187727,4582136.268397292,429778.4901321015,4582157.648156397,58.136718750010274,-3.135052709188465,7,429749.3537254371,4582146.958276845,3,1953.0,20827.0,88
9426,429900.1961952672,4582137.230197868,429963.3437281475,4582156.037072291,62.921477441145214,-3.128745177784324,6,429931.76996170735,4582146.6336350795,3,1954.0,20827.0,98
9427,429987.4587378001,4582136.766492411,430142.7247071405,4582156.969098982,155.02568783485134,-3.127372424658308,6,430065.0917224703,4582146.8677956965,3,1954.0,20827.0,98
9429,430183.15826589376,4582135.775337094,430310.9080201632,4582154.609670478,127.63476562493904,-3.135052709196102,6,430247.0331430285,4582145.192503786,3,1955.0,20827.0,108
9430,430359.19397614506,4582135.967612381,430497.8311928898,4582154.873150179,138.52246093750463,-3.135052709194273,6,430428.5125845174,4582145.42038128,3,1956.0,20827.0,117
9431,430528.2150736215,4582135.982173079,430632.6098586064,4582154.663764086,104.279296875051,-3.135052709181376,6,430580.4124661139,4582145.322968582,3,1957.0,20827.0,126
9432,430662.0781893408,4582133.6080616815,430768.28641210624,4582152.301512639,106.092773437552,-3.135052709188458,6,430715.1823007235,4582142.95478716,3,1957.0,20827.0,126
9433,430794.2948485035,4582136.151998739,430901.2794218533,4582154.850527057,106.86914062495934,-3.135052709197043,6,430847.7871351784,4582145.501262898,3,1958.0,20827.0,135
9434,430931.1721936742,4582136.987610142,431030.1247122335,4582155.633608519,98.83691406248516,-3.1350527092041744,6,430980.64845295384,4582146.31060933,3,1959.0,20827.0,144
9436,431064.5299026758,4582137.379783844,431157.1690796888,4582155.984492731,92.52343750001307,-3.1350527091874274,6,431110.84949118225,4582146.682138287,3,1959.0,20827.0,144
9437,431204.9887188057,4582137.118188767,431305.2556623802,4582155.772783535,100.15136718749682,-3.135052709189894,6,431255.1221905929,4582146.445486151,1,1960.0,20827.0,154
9438,431332.81500719936,4582136.323771544,431441.4914224929,4582155.0333645735,108.56101874998608,-3.1350527091874185,6,431387.15321484616,4582145.678568059,1,1960.0,20827.0,154
9440,431463.8684037053,4582136.651069203,431572.0834194911,4582155.357644662,108.09960937498356,-3.1350527091936624,6,431517.9759115982,4582146.004356933,1,1961.0,20827.0,164
9441,431595.38294939743,4582135.669582565,431642.8104184432,4582154.418333158,47.14671614208781,3.1256622479914107,6,431619.0966839203,4582145.043957861,1,1961.0,20827.0,164
9442,428381.3316150563,4582009.058176072,428487.3685875949,4582015.751276925,106.00000000006727,0.0065399444020926,2,428434.3501013256,4582012.404726499,0,1947.0,20827.0,20
9443,428513.3045225839,4582009.4513031,428622.3883049639,4582016.164330204,109.04687499999864,0.0065399444007825,2,428567.8464137739,4582012.807816653,0,1948.0,20827.0,30
9444,428648.9368041996,4582009.528023263,428756.077268764,4582016.228340996,107.10351562501296,0.0065399444000226,2,428702.5070364818,4582012.87818213,0,1948.0,20827.0,30
9445,428782.1658083043,4582009.739663889,428888.58070244815,4582016.435236363,106.37792968753536,0.0065399443985517,2,428835.37325537624,4582013.087450126,0,1949.0,20827.0,42
9446,428917.0361289989,4582007.461741176,429024.988099646,4582014.167366187,107.91503906243996,0.0065399443926104,2,428971.01211432245,4582010.814553682,0,1949.0,20827.0,42
9447,429049.3809511422,4582008.477186843,429155.70600345737,4582015.172171748,106.288085937515,0.0065399444015892,2,429102.54347729974,4582011.8246792955,0,1950.0,20827.0,56
9448,429183.37027528,4582007.398490444,429295.7763410982,4582017.133052936,112.34960937499704,0.0065399444001876,3,429239.57330818905,4582012.26577169,0,1951.0,20827.0,69
9449,429318.2657943986,4582008.285839278,429423.96155450336,4582017.976516117,105.63916015620929,0.0065399443911421,3,429371.113674451,4582013.131177697,0,1951.0,20827.0,69
9450,429457.9305360516,4582008.638693082,429560.5272413384,4582018.309101987,102.5400390624674,0.0065399443969526,3,429509.228888695,4582013.473897534,0,1952.0,20827.0,79
9451,429591.37233855046,4582009.611751436,429695.8303321571,4582019.294333236,104.4013671875042,0.0065399443951912,3,429643.6013353538,4582014.453042336,3,1952.0,20827.0,79
9452,429721.50478864193,4582010.092697455,429826.167855988,4582019.776620444,104.60644531257104,0.0065399443883453,3,429773.836322315,4582014.934658949,3,1953.0,20827.0,88
9453,429853.0114411011,4582011.148072588,429960.9049081124,4582020.853122514,107.836914062562,0.006539944395952,3,429906.9581746068,4582016.000597551,3,1954.0,20827.0,98
9454,429993.51019814,4582009.707025998,430152.0842219311,4582019.743528672,158.51855468753578,0.006539944389578,3,430072.79721003555,4582014.725277334,3,1954.0,20827.0,98
9455,430188.2863446255,4582008.276659576,430310.0986479708,4582019.1297351895,121.68930072972128,0.0152371004676829,3,430249.1924962982,4582013.703197382,3,1955.0,20827.0,108
9456,430357.5490396954,4582008.392706341,430494.6577022284,4582018.2888247445,137.05273437505255,0.0065399443933049,3,430426.1033709619,4582013.340765543,3,1956.0,20827.0,117
9457,430523.89268467727,4582007.310143468,430634.1474293156,4582017.030636238,110.19824218747404,0.0065399443952922,3,430579.02005699644,4582012.170389853,3,1957.0,20827.0,126
9458,430658.55191425455,4582008.190819898,430768.38186329,4582017.908534488,109.7734374999542,0.0065399443888004,3,430713.46688877227,4582013.049677193,3,1957.0,20827.0,126
9459,430791.6190034385,4582008.521521349,430901.8991381589,4582018.242180171,110.22363281255836,0.0065399443946442,3,430846.7590707987,4582013.38185076,3,1958.0,20827.0,135
9460,430922.6334085324,4582008.837821586,431031.33447546005,4582018.548153246,108.64453124998847,0.0065399443999303,3,430976.98394199624,4582013.692987416,3,1958.0,20827.0,135
9461,431064.0897000576,4582007.32295747,431164.3697923871,4582016.978215639,100.22337656252628,0.0065399443954341,3,431114.2297462224,4582012.150586555,3,1959.0,20827.0,144
9462,431200.1255125755,4582009.472789347,431299.2173211421,4582016.120468565,99.05468750007422,0.0065399443921546,2,431249.6714168588,4582012.796628956,1,1960.0,20827.0,154
9463,431332.8749590537,4582007.900982138,431435.41395952425,4582014.571206121,102.50195312504158,0.0065399443934426,2,431384.144459289,4582011.236094129,1,1960.0,20827.0,154
9464,431464.3631934502,4582006.980736943,431571.1336376032,4582016.6784422565,106.7138671875128,0.0065399443944552,3,431517.7484155267,4582011.8295896,1,1961.0,20827.0,164
9465,431602.3258048532,4582005.533357991,431702.7194322547,4582015.189358683,100.33691406252449,0.0065399443982973,3,431652.52261855395,4582010.361358337,1,1962.0,20827.0,173
9466,428124.7953507705,4581874.282486369,428228.0863771461,4581883.957436159,103.23437499993192,-3.135052709195315,3,428176.4408639583,4581879.119961264,0,1946.0,20826.0,10
9467,428244.6900486476,4581873.006499556,428355.0912745284,4581882.727950319,110.3447265625336,-3.1350527091943143,3,428299.890661588,4581877.867224937,0,1946.0,20826.0,10
9468,428373.960596064,4581876.721739909,428487.3714343436,4581883.46306612,113.37402343739387,-3.135052709200015,2,428430.6660152038,4581880.092403014,0,1947.0,20826.0,19
9469,428511.10144147824,4581874.448656533,428623.6665947188,4581881.184451933,112.52832031249552,-3.1350527091905445,2,428567.3840180985,4581877.816554233,0,1948.0,20826.0,29
9470,428643.4269595142,4581875.42930724,428755.44036674174,4581882.1614942,111.97656249996145,-3.135052709193724,2,428699.43366312794,4581878.79540072,0,1948.0,20826.0,29
9471,428786.09104954073,4581874.697016942,428887.3986310337,4581881.359187399,101.27050781259148,-3.1350527091946225,2,428836.74484028725,4581878.028102171,0,1949.0,20826.0,41
9472,428912.0162462546,4581874.600875066,429028.2785860527,4581881.360850204,116.22558593747868,-3.13505270920118,2,428970.1474161537,4581877.980862634,0,1949.0,20826.0,41
9473,429046.7405800979,4581874.336933261,429158.3106374318,4581881.066220696,111.53320312495076,-3.135052709191617,2,429102.52560876484,4581877.701576978,0,1950.0,20826.0,55
9474,429181.1787146885,4581875.426129148,429293.0886085048,4581882.157639127,111.87304687499908,-3.135052709189862,2,429237.1336615967,4581878.791884137,0,1951.0,20826.0,68
9475,429316.8711252954,4581876.313562621,429427.1329410116,4581883.034294107,110.22493352938324,-3.1350527091938307,2,429372.0020331535,4581879.673928364,0,1951.0,20826.0,68
9476,429448.824248713,4581874.997361194,429562.13551687886,4581881.6381295975,113.27913664187052,3.135935231930472,2,429505.47988279595,4581878.317745396,0,1952.0,20826.0,78
9477,429587.3470679536,4581873.788859832,429696.6877543074,4581880.911159304,109.28481815214334,-3.1313200850067413,2,429642.0174111305,4581877.350009568,0,1952.0,20826.0,78
9478,429722.88762208045,4581874.228483495,429834.6132851613,4581881.6490394045,111.65834585419148,-3.128865613898363,2,429778.7504536209,4581877.93876145,3,1953.0,20826.0,87
9479,429847.87767211103,4581877.646182936,429961.0834366515,4581884.3861679565,113.16894531255376,-3.13505270920194,2,429904.48055438127,4581881.016175446,3,1954.0,20826.0,97
9480,429991.6263821683,4581875.401666491,430144.572996037,4581882.401558164,152.91064453122183,-3.135052709192577,2,430068.0996891027,4581878.901612327,3,1954.0,20826.0,97
9481,430191.5817614855,4581876.084124686,430306.7249845919,4581882.83678076,115.1064453125065,-3.135052709189045,2,430249.1533730387,4581879.460452723,3,1955.0,20826.0,107
9482,430352.8799204653,4581877.759151166,430497.1309195156,4581884.70217319,144.2148437499638,-3.1350527091939253,2,430425.00541999046,4581881.230662178,3,1956.0,20826.0,116
9483,430523.85233588447,4581877.907081605,430631.28478639206,4581884.609308936,107.39550781252552,-3.135052709193037,2,430577.56856113824,4581881.25819527,3,1957.0,20826.0,125
9484,430658.6159390954,4581878.358255661,430768.7377852131,4581885.07807174,110.08496093751816,-3.135052709192282,2,430713.6768621543,4581881.718163701,3,1957.0,20826.0,125
9485,430792.7736110368,4581877.235609113,430897.8340419594,4581883.922323346,105.02343749995514,-3.1350527091978297,2,430845.3038264981,4581880.57896623,3,1958.0,20826.0,134
9486,430925.7059142376,4581876.225068364,431032.87665159215,4581882.925584081,107.13378906252976,-3.135052709198252,2,430979.29128291487,4581879.575326223,3,1958.0,20826.0,134
9487,431066.8150324154,4581876.277791512,431167.1392365012,4581882.933530644,100.28710937501448,-3.1350527091954654,2,431116.97713445826,4581879.605661077,3,1959.0,20826.0,143
9488,431200.35829954175,4581876.071556573,431309.0807615239,4581882.782220628,108.68554687499508,-3.1350527091843268,2,431254.71953053284,4581879.4268886,1,1960.0,20826.0,153
9489,431329.82918572926,4581876.168285002,431438.949100149,4581882.881548411,109.08300781245028,-3.135052709184352,2,431384.3891429391,4581879.524916707,1,1960.0,20826.0,153
9490,431461.0130936583,4581875.055975719,431572.48256720585,4581881.784605333,111.43261718750487,-3.13505270919392,2,431516.7478304321,4581878.420290526,1,1961.0,20826.0,163
9491,431599.1414206314,4581872.759076425,431708.1871178884,4581879.47185445,109.0087890625146,-3.1350527091923066,2,431653.6642692599,4581876.115465438,1,1962.0,20826.0,172
9492,428104.78759265976,4581722.794394143,428227.5194173406,4581732.596487486,122.67558906250328,0.0065399443939983,3,428166.15350500017,4581727.695440814,0,1946.0,20826.0,10
9493,428242.2833286944,4581721.752174124,428357.58895561454,4581737.668601234,115.1898773986003,-0.0079600050199905,5,428299.9361421545,4581729.710387679,0,1946.0,20826.0,10
9494,428372.2521618599,4581721.444203456,428487.4635211916,4581737.196727733,115.11572265627798,0.0065399443925862,5,428429.85784152575,4581729.3204655945,0,1947.0,20826.0,19
9496,428512.26103526464,4581721.729081268,428625.27368581446,4581736.895261581,112.99070947673464,0.0014708872865127,5,428568.7673605395,4581729.312171425,0,1948.0,20826.0,29
9497,428641.4862567959,4581721.322151805,428755.041401547,4581737.063844376,113.45947265624986,0.0065399443878317,5,428698.2638291714,4581729.192998091,0,1948.0,20826.0,29
9499,428781.8769303245,4581721.475159012,428892.1884920985,4581737.195638428,110.21582031248084,0.0065399443915965,5,428837.0327112115,4581729.335398721,0,1949.0,20826.0,41
9501,428910.8602476032,4581722.198218489,429026.92248567136,4581737.692126004,115.99940487217364,0.0042590309394311,5,428968.8913666373,4581729.945172247,0,1949.0,20826.0,41
9502,429045.4740540475,4581721.223954226,429157.1185951272,4581736.953151378,111.54882812492512,0.0065399443958595,5,429101.2963245873,4581729.088552802,0,1950.0,20826.0,55
9503,429187.2124140133,4581721.003442958,429296.80524115806,4581736.719221823,109.49707031253244,0.0065399443896087,5,429242.00882758567,4581728.86133239,0,1951.0,20826.0,68
9504,429312.7753311483,4581721.612222276,429427.0240602852,4581737.358450915,114.15307187491312,0.0065399443885753,5,429369.89969571674,4581729.485336595,0,1951.0,20826.0,68
9505,429446.18967357854,4581721.705828263,429564.3381554185,4581736.816949779,118.1344237230183,0.0009406925198894,5,429505.2639144985,4581729.261389021,0,1952.0,20826.0,78
9506,429583.2961516501,4581721.038088255,429690.4248372163,4581736.077201987,107.12321564070513,0.0003651377801767,5,429636.8604944332,4581728.557645121,0,1952.0,20826.0,78
9507,430520.27971671394,4581719.62583426,430631.9535540422,4581735.35522301,111.5781250000161,0.0065399443925529,5,430576.1166353781,4581727.490528636,3,1957.0,20826.0,125
9509,430659.66951919656,4581718.714167635,430770.51427269296,4581734.438134146,110.74902343751796,0.0065399443949924,5,430715.0918959448,4581726.57615089,3,1957.0,20826.0,125
9510,430786.6055607852,4581719.053600973,430903.4545804067,4581734.816835611,116.75341796880916,0.0065399443973428,5,430845.03007059597,4581726.935218292,3,1958.0,20826.0,134
9511,430922.2915540623,4581720.623624262,431037.38328704593,4581736.375366178,114.9960937500028,0.0065399443887914,5,430979.83742055413,4581728.49949522,3,1958.0,20826.0,134
9513,431058.8941114836,4581702.8268802585,431138.95822930936,4581729.528017784,79.22160143594252,-0.1894093346864321,4,431098.9261703965,4581716.1774490215,3,1959.0,20825.0,142
9514,431222.7464078118,4581698.873770108,431305.6132525675,4581728.45739599,82.22424499984828,0.2190866556425833,4,431264.1798301897,4581713.66558305,1,1960.0,20825.0,152
9515,431327.2597066496,4581719.602388178,431441.0952442692,4581735.048712693,113.77755654424227,0.003923806638701,5,431384.1774754594,4581727.325550435,1,1960.0,20826.0,153
9516,431465.3261007646,4581718.759447476,431575.7056380382,4581734.480371456,110.28379726569015,0.0065399443986772,5,431520.5158694014,4581726.619909465,1,1961.0,20826.0,163
9518,431593.12037632073,4581718.193478602,431708.2444300509,4581733.912665195,115.0324850601034,-0.0062546217752196,5,431650.6824031858,4581726.053071898,1,1962.0,20826.0,172
9519,428251.51721633534,4581578.260665601,428354.08462537365,4581587.930882907,102.51074218748676,-3.1350527091983333,3,428302.8009208545,4581583.095774254,0,1946.0,20825.0,9
9520,428377.16446601774,4581576.911946771,428485.8381897802,4581586.622099605,108.61718750004634,-3.1350527091878435,3,428431.50132789894,4581581.767023188,0,1947.0,20825.0,18
9521,428512.8638543411,4581575.089895277,428624.7025494805,4581584.820747144,111.782226562605,-3.1350527091904805,3,428568.7832019108,4581579.95532121,0,1948.0,20825.0,28
9522,428643.4433208566,4581574.86378868,428756.3650006478,4581584.601723305,112.86523437500912,-3.1350527092074585,3,428699.9041607522,4581579.732755993,0,1948.0,20825.0,28
9523,428782.65616398863,4581575.774245913,428888.50279977295,4581585.465909486,105.79003906243932,-3.1350527091906044,3,428835.57948188076,4581580.620077699,0,1949.0,20825.0,40
9524,428914.4372181173,4581576.08579423,429019.7145301396,4581585.773734403,105.22070312500875,-3.1350527091989746,3,428967.07587412844,4581580.929764316,0,1949.0,20825.0,40
9526,429048.5356959972,4581575.353393904,429158.5580237311,4581585.072366659,109.96582031257536,-3.1350527091944707,3,429103.54685986415,4581580.212880282,0,1950.0,20825.0,54
9527,429183.1311430627,4581575.683348456,429290.6408292191,4581585.3858884415,107.45312500005484,-3.1350527091862026,3,429236.88598614093,4581580.5346184485,0,1951.0,20825.0,67
9528,429321.2996888413,4581576.046925334,429426.0516214743,4581585.731429507,104.69531249999706,-3.135052709190463,3,429373.6756551578,4581580.889177421,0,1951.0,20825.0,67
9530,429448.8089723827,4581575.79097379,429558.46509701054,4581585.507551563,109.5996093750168,-3.135052709190697,3,429503.63703469664,4581580.649262676,0,1952.0,20825.0,77
9531,428390.321364839,4581443.075079208,428487.5577443354,4581449.710623851,97.19921875002436,0.0065399443989468,2,428438.9395545872,4581446.39285153,0,1947.0,20824.0,17
9532,428649.4111036805,4581441.399834883,428753.1658984627,4581448.078010207,103.71777343745909,0.0065399443942498,2,428701.2885010716,4581444.738922546,0,1948.0,20824.0,27
9533,428780.81844967697,4581442.259243872,428889.9461764297,4581448.972558373,109.09082031251565,0.0065399443914459,2,428835.38231305336,4581445.615901122,0,1949.0,20824.0,39
9534,428913.72767224815,4581441.628571425,429020.80084430205,4581451.32825659,107.01660156250904,0.0065399443966034,3,428967.2642582751,4581446.478414007,0,1949.0,20824.0,39
9535,429050.1239259196,4581441.960537486,429156.37484993297,4581451.654845119,106.19433593754012,0.0065399443986603,3,429103.2493879263,4581446.807691302,0,1950.0,20824.0,53
9536,429191.6727264358,4581440.635735559,429292.78801809135,4581450.296455963,101.05859374998934,0.0065399443935866,3,429242.2303722636,4581445.46609576,0,1951.0,20824.0,66
9537,428512.6303165309,4581308.282240906,428621.2717255589,4581314.992374872,108.60449218747812,0.0065399444065688,2,428566.95102104486,4581311.637307889,0,1948.0,20824.0,27
9538,428646.461655825,4581308.37770107,428756.6850622706,4581315.098181357,110.1865234375584,0.0065399443864814,2,428701.5733590478,4581311.737941213,0,1948.0,20824.0,27
9539,428785.0774117945,4581305.91406407,428888.9747816527,4581312.5931718405,103.860351562512,-3.13505270919248,2,428837.0260967236,4581309.253617955,0,1949.0,20824.0,39
9540,428913.05092738336,4581308.440993226,429021.4472244657,4581315.1495241495,108.3593749999408,-3.135052709195725,2,428967.2490759245,4581311.795258688,0,1949.0,20824.0,39
9541,429047.32770818885,4581311.21947138,429154.0042266247,4581314.916947355,106.65917968750604,-3.135052709199952,1,429100.66596740676,4581313.068209367,0,1950.0,20824.0,53
9542,428654.182878206,4581175.425353841,428757.1251903637,4581182.098215497,102.9052734374776,-3.1350527092006653,2,428705.6540342849,4581178.761784669,0,1948.0,20823.0,26
9543,428780.006359243,4581176.248244142,428886.7444886617,4581182.945930586,106.70117187499667,-3.1350527091993694,2,428833.37542395236,4581179.597087365,0,1949.0,20823.0,38
9544,428913.3228440985,4581177.12013897,429021.88710633887,4581183.829768392,108.52734375001988,-3.135052709193447,2,428967.60497521865,4581180.474953681,0,1949.0,20823.0,38
9545,429050.9468540215,4581178.020205176,429113.81678097264,4581184.430991925,62.83203125006685,-3.13505270918771,2,429082.3818174971,4581181.225598551,0,1950.0,20823.0,52
9546,428227.1082213972,4582564.899156226,428233.7899157478,4582669.192025438,104.25585937510712,1.5773362711902836,2,428230.4490685725,4582617.045590832,2,1946.0,20830.0,14
9547,428224.9921680655,4582495.05827581,428237.2464852648,4582534.062191663,38.92626953110356,1.577336271190663,4,428231.1193266652,4582514.560233736,2,1946.0,20829.0,13
9548,428230.9840405793,4582283.173028041,428235.1374157668,4582459.558504912,176.36962890544257,1.577336271189753,1,428233.060728173,4582371.365766477,2,1946.0,20828.0,12
9549,428232.41860486055,4582154.342913291,428236.15038336674,4582266.264436747,111.90429687523964,1.5773362711912324,1,428234.28449411364,4582210.303675019,0,1946.0,20828.0,12
9550,428229.159547671,4581769.436897528,428238.78627491166,4581864.653384406,95.1592587625728,1.5773845148734007,3,428233.9729112913,4581817.045140967,0,1946.0,20826.0,10
9551,428229.92746553314,4581602.201413938,428236.5663886969,4581699.954383948,97.7158203119529,-1.5642563823994151,2,428233.246927115,4581651.077898943,0,1946.0,20825.0,9
9552,428491.7117223457,4582696.147795823,428504.4263519103,4582805.535460368,109.31152343663436,1.577336271189738,4,428498.069037128,4582750.841628095,2,1947.0,20830.0,23
9553,428492.98871256143,4582561.928675403,428505.70454919705,4582671.500906314,109.49609375022338,1.5773362711899577,4,428499.3466308792,4582616.714790858,2,1947.0,20830.0,23
9555,428493.31885840674,4582427.054917171,428506.03681220656,4582536.950871627,109.8198242186142,1.577336271190232,4,428499.6778353066,4582482.002894399,2,1947.0,20829.0,22
9556,428494.3169560185,4582286.044260923,428506.9590272056,4582384.337436171,98.21679687594504,1.5773362711906287,4,428500.6379916121,4582335.190848547,2,1947.0,20828.0,21
9557,428491.7743393292,4582157.173321438,428504.4922069096,4582267.056092583,109.80664062511876,1.5773362711898182,4,428498.1332731194,4582212.11470701,0,1947.0,20828.0,21
9558,428492.4746935477,4582020.307008205,428505.222763449,4582134.807844652,114.424804688481,1.577336271190414,4,428498.8487284983,4582077.557426428,0,1947.0,20827.0,20
9559,428492.0334384381,4581889.187369561,428504.7540905844,4581999.49591285,110.23242187506366,1.5773362711903336,4,428498.3937645112,4581944.341641205,0,1947.0,20827.0,20
9560,428492.2018504944,4581757.685661121,428504.8943747524,4581863.693328811,105.9314542978268,1.577336271189934,4,428498.5481126234,4581810.689494966,0,1947.0,20826.0,19
9561,428493.0747596665,4581596.053957614,428505.77029595873,4581702.522178344,106.39201718692678,1.5773362711900594,4,428499.42252781265,4581649.28806798,0,1947.0,20825.0,18
9563,428494.2244141046,4581460.152453365,428506.94035292615,4581569.74030894,109.51171874909372,1.577336271190322,4,428500.5823835154,4581514.946381153,0,1947.0,20825.0,18
9564,428493.7865689763,4581328.904926088,428506.4783759583,4581434.802919168,105.82177734307984,1.5773362711905343,4,428500.13247246726,4581381.853922628,0,1947.0,20824.0,17
9565,428361.0113860978,4582457.913359053,428367.49245120166,4582531.529149945,73.57812500006472,-1.5642563823998883,2,428364.25191864977,4582494.7212545,2,1947.0,20829.0,22
9566,428361.7391540971,4582282.671989546,428368.6385363537,4582420.250279735,137.54199218762366,-1.5642563823995044,2,428365.1888452254,4582351.4611346405,2,1947.0,20828.0,21
9567,428362.736150017,4582157.76157492,428369.4554551665,4582267.805297708,110.00683593757816,-1.564256382399394,2,428366.09580259176,4582212.783436314,0,1947.0,20828.0,21
9568,428363.6162261045,4582018.917864519,428370.3634982581,4582133.237863042,114.28320312457834,-1.5642563824001894,2,428366.9898621813,4582076.077863781,0,1947.0,20827.0,20
9569,428359.38531218935,4581889.737529336,428366.0578417418,4581992.629061328,102.85449218696232,-1.5642563824003994,2,428362.72157696553,4581941.183295332,0,1947.0,20827.0,20
9570,428359.5245376136,4581760.185009622,428369.21558807103,4581865.937897411,105.69628906228944,-1.5642563823991924,3,428364.3700628423,4581813.061453517,0,1947.0,20826.0,19
9571,428359.0266121375,4581598.368974555,428371.5141413272,4581703.332616625,104.90899470738776,-1.566147911340247,4,428365.27037673234,4581650.85079559,0,1947.0,20825.0,18
9572,428360.9146421373,4581470.107603164,428370.57265461504,4581570.808841175,100.64453124954764,-1.5642563823997258,3,428365.7436483762,4581520.458222169,0,1947.0,20825.0,18
9573,428627.2586718548,4582694.593644727,428633.9502846246,4582800.403083068,105.77246093736862,-1.5642563824001072,2,428630.60447823966,4582747.498363897,2,1948.0,20830.0,33
9574,428630.3834178154,4582560.367025864,428637.06841404806,4582665.164767093,104.76074218881676,-1.564256382399318,2,428633.72591593175,4582612.765896479,2,1948.0,20830.0,33
9575,428631.2238585457,4582423.390463034,428637.96424592426,4582536.657749695,113.23046874933569,-1.5642563823995377,2,428634.594052235,4582480.024106365,2,1948.0,20829.0,32
9576,428633.12902598496,4582386.664517783,428639.223988042,4582401.243485288,14.540039063009925,-1.5642563823964637,2,428636.1765070135,4582393.954001535,2,1948.0,20829.0,32
9577,428630.2213605061,4582286.69074697,428636.617984928,4582347.395192887,60.66650390609638,-1.5642563823991928,2,428633.41967271705,4582317.042969928,2,1948.0,20828.0,31
9578,428630.7377250326,4582155.316603389,428637.4771767714,4582268.440826704,113.08740234388472,-1.5642563824000122,2,428634.107450902,4582211.878715046,0,1948.0,20828.0,31
9579,428631.6394134384,4582021.683230779,428638.3511440578,4582130.56877521,108.84863281157948,-1.5642563823997429,2,428634.9952787481,4582076.126002994,0,1948.0,20827.0,30
9580,428629.56154294073,4581888.362170325,428636.2835528233,4581998.819458486,110.42041015505956,-1.56425638239988,2,428632.922547882,4581943.590814405,0,1948.0,20827.0,30
9581,428629.5622252762,4581758.426280777,428636.2827343033,4581868.654081659,110.19091796878784,-1.564256382399829,2,428632.92247978976,4581813.540181218,0,1948.0,20826.0,29
9582,428629.708572653,4581596.1950071445,428636.2539135304,4581699.852749338,103.62759772273036,-1.5655329942892533,2,428632.9812430917,4581648.023878241,0,1948.0,20825.0,28
9583,428630.4194614103,4581457.255183792,428637.1625375554,4581570.933594474,113.64160156237426,-1.5642563823989897,2,428633.79099948285,4581514.094389133,0,1948.0,20825.0,28
9584,428628.3425005136,4581319.686881999,428635.0826835203,4581432.922919328,113.19921874973237,-1.564256382400135,2,428631.7125920169,4581376.304900663,0,1948.0,20824.0,27
9585,428629.2230338553,4581196.625542535,428635.8865327286,4581298.136244684,101.47363281216371,-1.5642563824001228,2,428632.554783292,4581247.38089361,0,1948.0,20823.0,26
9586,428765.4845466936,4582696.423282001,428772.1507471068,4582798.347061254,101.88671875099293,1.577336271191059,2,428768.8176469002,4582747.385171628,2,1948.0,20830.0,33
9587,428764.5736670023,4582562.831526423,428771.2499902064,4582666.303124135,103.43457031192568,1.5773362711900236,2,428767.91182860435,4582614.567325279,2,1948.0,20830.0,33
9588,428766.4960054372,4582426.283925103,428773.2280007984,4582538.268036081,111.94726562492563,1.5773362711900991,2,428769.8620031178,4582482.275980592,2,1948.0,20829.0,32
9589,428764.0802815915,4582353.731602223,428773.3923021825,4582401.529186465,47.73974609377366,1.5773362711901586,3,428768.736291887,4582377.630394343,2,1948.0,20828.0,31
9590,428761.9452030503,4582285.912594967,428771.1258221503,4582313.618323733,27.64746093734082,1.5773362711900585,3,428766.5355126003,4582299.765459349,2,1948.0,20828.0,31
9591,428761.3835168317,4582156.41091198,428771.0679635251,4582261.154055739,104.68652343766408,1.5773362711900456,3,428766.2257401784,4582208.782483859,0,1948.0,20828.0,31
9592,428764.1624110506,4582024.507506754,428770.87554672617,4582133.6078903405,109.0634765618758,1.577336271189461,2,428767.5189788884,4582079.057698548,0,1948.0,20827.0,30
9593,428764.6047486677,4581892.621155682,428771.2883717773,4581997.208940462,104.5507812502012,1.5773362711903696,2,428767.9465602225,4581944.915048072,0,1948.0,20827.0,30
9594,428764.53569541365,4581759.806931769,428771.2350870853,4581866.805797799,106.9619140629702,1.5773362711901369,2,428767.88539124944,4581813.306364784,0,1948.0,20826.0,29
9595,428764.9072373058,4581596.621305031,428771.0553915759,4581700.198172539,103.56839014665763,1.5722268835504187,2,428767.98131444084,4581648.409738785,0,1948.0,20825.0,28
9596,428764.24227995967,4581456.724524307,428770.9740454027,4581568.673479787,111.91210937467426,1.5773362711906305,2,428767.6081626812,4581512.699002047,0,1948.0,20825.0,28
9597,428765.33567838056,4581323.358176073,428772.0611146842,4581434.339378812,110.944335937772,1.5773362711901269,2,428768.6983965324,4581378.848777443,0,1948.0,20824.0,27
9598,428764.9462695569,4581193.023980252,428771.6336927048,4581298.192807293,105.13183593712816,1.5773362711908632,2,428768.28998113086,4581245.6083937725,0,1948.0,20823.0,26
9599,428763.14524716267,4581057.211535481,428769.607447073,4581168.373747746,111.13821807136432,1.5749555903630807,2,428766.3763471178,4581112.792641614,0,1948.0,20823.0,26
9600,428897.3972789121,4582962.433404232,428904.08429970295,4583067.540709153,105.07031250081684,-1.564256382399841,2,428900.7407893075,4583014.987056693,2,1949.0,20831.0,46
9601,428895.1328812192,4582830.090576015,428904.82078946,4582935.36300533,105.21582031257364,-1.5642563823999949,3,428899.97683533956,4582882.726790672,2,1949.0,20831.0,46
9602,428895.4688426327,4582692.232634337,428905.1921008093,4582802.910221495,110.62109374989754,-1.564256382399705,3,428900.330471721,4582747.571427915,2,1949.0,20830.0,45
9603,428896.3419129343,4582561.59375634,428906.0357415709,4582667.771439731,106.12109374933868,-1.5642563823995803,3,428901.1888272526,4582614.682598036,2,1949.0,20830.0,45
9604,428896.70374593,4582426.563885567,428906.3895338134,4582531.512103065,104.89160156273552,-1.5642563823999158,3,428901.54663987167,4582479.037994316,2,1949.0,20829.0,44
9605,428895.36705951934,4582320.103170223,428904.9050802008,4582402.457144354,82.29687499916882,-1.5642563823993598,3,428900.1360698601,4582361.280157289,2,1949.0,20828.0,43
9606,428896.2291860142,4582159.338541899,428905.9564869207,4582270.6342799,111.2392578128661,-1.5642563823995854,3,428901.09283646743,4582214.986410899,2,1949.0,20828.0,43
9607,428897.0971562654,4582024.405880669,428906.8389516035,4582137.917879868,113.45556640723656,-1.5642563823993696,3,428901.96805393446,4582081.161880269,0,1949.0,20827.0,42
9608,428895.4519040729,4581889.425655184,428905.1523364735,4581996.613082607,107.13085937489498,-1.5642563823996345,3,428900.30212027323,4581943.019368896,0,1949.0,20827.0,42
9609,428894.80173008464,4581758.827329487,428904.5064223601,4581866.666110167,107.78222656232504,-1.564256382399715,3,428899.65407622233,4581812.746719827,0,1949.0,20826.0,41
9610,428895.6301601256,4581594.516694849,428906.1765850359,4581701.932481428,107.29715321236344,-1.585218093176043,3,428900.90337258077,4581648.224588139,0,1949.0,20825.0,40
9611,428895.8690890536,4581458.181449949,428905.5820136808,4581567.278992771,109.04101562367222,-1.564256382399551,3,428900.72555136716,4581512.73022136,0,1949.0,20825.0,40
9612,428894.9721233605,4581324.221563728,428904.68757070217,4581433.704840489,109.42675781168352,-1.5642563823999285,3,428899.82984703133,4581378.963202108,0,1949.0,20824.0,39
9613,428895.2900641012,4581191.701695194,428904.9946733506,4581299.527780833,107.76953124934596,-1.5642563823998976,3,428900.1423687259,4581245.614738014,0,1949.0,20823.0,38
9614,428896.1522832021,4581058.970158765,428905.8627425944,4581167.690756525,108.66406249985346,-1.56425638239954,3,428901.00751289824,4581113.330457645,0,1949.0,20823.0,38
9615,429032.0693339696,4583151.965789529,429038.4775341382,4583214.440217125,62.43652343810783,-1.564256382399887,2,429035.2734340539,4583183.203003326,2,1950.0,20832.0,61
9616,429023.69322695327,4582957.938966983,429032.5654178817,4583073.88500779,115.83282985189152,-1.5459818325926422,2,429028.1293224175,4583015.911987387,2,1950.0,20831.0,60
9617,429031.7691605296,4582562.86379203,429038.4708258376,4582670.210306875,107.30957031297628,1.5773362711902317,2,429035.1199931836,4582616.537049453,2,1950.0,20830.0,59
9618,429032.61244579015,4582426.5376343485,429036.2921541921,4582530.49741401,103.9423828124575,1.5773362711897942,1,429034.45229999116,4582478.517524179,2,1950.0,20829.0,58
9619,429032.37632178055,4582287.605807393,429036.120672346,4582401.449653018,113.82666015554756,1.577336271190271,1,429034.2484970633,4582344.527730206,2,1950.0,20828.0,57
9620,429034.12031261605,4582024.516218935,429037.84128815617,4582134.785922246,110.25244140509842,-1.5642563824000164,1,429035.9808003861,4582079.651070591,0,1950.0,20827.0,56
9621,429033.367277076,4581886.577258039,429040.0982952847,4581998.411958151,111.7978515625204,-1.5642563823989333,2,429036.73278618034,4581942.494608095,0,1950.0,20827.0,56
9622,429030.90356726095,4581759.0616561305,429037.60698569583,4581866.67623165,107.57763671963218,-1.5642563823999656,2,429034.25527647836,4581812.868943891,0,1950.0,20826.0,55
9623,429032.353047167,4581594.613049864,429038.5756405512,4581702.187368606,107.56213173363577,-1.572865887789613,2,429035.4643438591,4581648.400209235,0,1950.0,20825.0,54
9624,429030.9227374839,4581460.408312877,429037.6094644903,4581565.470696881,105.02539062440891,-1.564256382399327,2,429034.2661009871,4581512.939504879,0,1950.0,20825.0,54
9625,429030.4726294361,4581394.274145578,429036.7226202808,4581432.557684266,38.245117187481824,-1.5642563823989537,2,429033.5976248585,4581413.415914922,0,1950.0,20824.0,53
9626,429030.2446251851,4581189.379670497,429036.9532391345,4581297.78866262,108.37207031251324,-1.5642563823995486,2,429033.59893215983,4581243.584166558,0,1950.0,20823.0,52
9627,429161.5668352287,4583101.280767775,429174.2618514868,4583207.669473018,106.31249999946816,-1.5642563823987177,4,429167.9143433578,4583154.475120396,2,1950.0,20832.0,61
9628,429161.9256221424,4582966.137547922,429174.6056426192,4583070.233333451,104.01953124950104,-1.564256382399931,4,429168.2656323808,4583018.1854406865,2,1950.0,20831.0,60
9629,429162.7609539129,4582826.226407283,429178.50986017135,4582940.884555789,114.56249999987116,1.577336271189897,5,429170.6354070421,4582883.555481536,2,1950.0,20831.0,60
9630,429163.0878770979,4582693.108477262,429178.8316165816,4582806.9766036,113.77246093722394,1.577336271189687,5,429170.9597468397,4582750.042540431,2,1950.0,20830.0,59
9632,429162.3611101055,4582560.669073334,429178.07762343285,4582670.374202764,109.60937499948268,1.5773362711904262,5,429170.2193667692,4582615.521638049,2,1950.0,20830.0,59
9633,429164.3115398377,4582425.922083828,429180.0238379965,4582534.982695792,108.96484375045488,1.57733627118995,5,429172.1676889171,4582480.45238981,2,1950.0,20829.0,58
9634,429165.33252551296,4582295.90663885,429180.9991465732,4582397.983025177,101.9804687498006,1.5773362711896224,5,429173.1658360431,4582346.944832014,2,1950.0,20828.0,57
9635,429168.47369665175,4582228.974157359,429183.9892277558,4582271.530514917,42.37663060815738,1.55860425933934,5,429176.2314622038,4582250.252336139,2,1950.0,20828.0,57
9636,429167.76744226273,4582157.072402325,429180.4642159664,4582212.365485617,55.14566672391343,1.5581434217522725,4,429174.11582911457,4582184.718943971,2,1950.0,20828.0,57
9637,429164.8364515329,4582022.21717345,429177.5483795578,4582131.191760891,108.89843749966928,1.5773362711904657,4,429171.19241554535,4582076.70446717,0,1950.0,20827.0,56
9638,429162.6937402375,4581888.119168455,429175.3950473151,4581995.46976719,107.27441406272452,1.5773362711902434,4,429169.04439377633,4581941.794467822,0,1950.0,20827.0,56
9640,429162.4640762335,4581761.483111104,429175.163658924,4581868.570043602,107.0107421872334,1.5773362711902472,4,429168.81386757875,4581815.0265773535,0,1950.0,20826.0,55
9641,429165.0460009955,4581593.489167932,429174.2226257669,4581701.426349435,107.92259576098084,1.5724330267244224,3,429169.63431338116,4581647.457758684,0,1950.0,20825.0,54
9642,429165.1181082363,4581461.816300785,429174.8139997508,4581568.30940712,106.4365234377778,1.5773362711897918,3,429169.96605399356,4581515.062853953,0,1950.0,20825.0,54
9644,429166.0736087547,4581394.169204898,429175.3150093071,4581431.168680223,36.94140624972675,1.5773362711918428,3,429170.6943090309,4581412.66894256,0,1950.0,20824.0,53
9645,429301.09995041386,4583231.9677374,429307.5206300358,4583296.350327314,64.34472656295743,-1.5642563824002491,2,429304.31029022485,4583264.159032357,2,1951.0,20833.0,75
9646,429300.51087878086,4583098.801928848,429310.2410600524,4583210.538087118,111.6796875006483,-1.5642563823997044,3,429305.37596941664,4583154.670007983,2,1951.0,20832.0,74
9647,429300.8567264046,4582962.76614996,429310.5906885546,4583075.080420867,112.25781250075268,-1.564256382399367,3,429305.72370747966,4583018.9232854135,2,1951.0,20831.0,73
9648,429300.6839895879,4582832.617826567,429310.3617622645,4582936.340484338,103.66601562584984,-1.5642563824003033,3,429305.5228759262,4582884.479155453,2,1951.0,20831.0,73
9649,429300.98777785694,4582690.877515962,429310.738932785,4582805.820636899,114.88671875064054,-1.5642563824000215,3,429305.863355321,4582748.349076431,2,1951.0,20830.0,72
9650,429301.3140824268,4582560.069164343,429311.05437371606,4582673.35118799,113.22558593672288,-1.564256382399846,3,429306.1842280714,4582616.710176166,2,1951.0,20830.0,72
9651,429299.5077582877,4582427.257406385,429309.21294871945,4582535.172357312,107.85839843740496,-1.5642563823995328,3,429304.3603535036,4582481.214881849,2,1951.0,20829.0,71
9652,429299.2957307155,4582294.5651282165,429308.9908941555,4582400.946908806,106.3251953124465,-1.5642563823996278,3,429304.1433124355,4582347.756018512,2,1951.0,20828.0,70
9653,429299.0846294789,4582192.471868907,429308.5784866905,4582268.073057765,75.54394531243909,-1.5642563823997198,3,429303.8315580847,4582230.272463337,2,1951.0,20828.0,70
9654,429301.8588227982,4582159.583931582,429310.96354331897,4582175.684439785,16.041992186502846,-1.564256382395947,3,429306.4111830586,4582167.634185683,2,1951.0,20828.0,70
9655,429298.1765632311,4582023.02349021,429307.9171163718,4582136.345552064,113.26562499958744,-1.564256382399549,3,429303.0468398015,4582079.684521137,0,1951.0,20827.0,69
9656,429299.9267886368,4581890.708050091,429309.61744312383,4581996.400392301,105.6357421888734,-1.564256382399725,3,429304.7721158803,4581943.554221196,0,1951.0,20827.0,69
9657,429299.8940624901,4581759.487353995,429309.5996361191,4581867.4608974205,107.91699218875635,-1.5642563823988898,3,429304.7468493046,4581813.4741257075,0,1951.0,20826.0,68
9658,429299.2391655019,4581594.317954241,429308.9503210357,4581703.144995037,108.770507811641,-1.5642563823996354,3,429304.0947432688,4581648.731474639,0,1951.0,20825.0,67
9659,429300.7422996024,4581462.858576471,429307.4400307532,4581569.603541681,106.70800781270393,-1.56425638240009,2,429304.0911651778,4581516.231059076,0,1951.0,20825.0,67
9660,429433.1416512366,4583097.63176703,429445.88234459306,4583211.004697909,113.29687499919,1.5773362711898136,4,429439.5119979149,4583154.318232469,2,1951.0,20832.0,74
9661,429435.5957613578,4582963.965986557,429445.2966599816,4583071.224701518,107.2021484373621,1.5773362711900172,3,429440.4462106697,4583017.595344038,2,1952.0,20831.0,83
9662,429434.86088308366,4582826.594007062,429444.56516022887,4582934.369312538,107.71875000022423,1.5773362711900774,3,429439.71302165627,4582880.4816598,2,1951.0,20831.0,73
9663,429442.8612332821,4582686.505444197,429464.7555494958,4582811.692772974,125.44201819730688,1.6982353519852822,2,429453.808391389,4582749.099108586,2,1952.0,20830.0,82
9664,429446.5620257532,4582558.877415271,429465.9017892588,4582674.083645212,115.28896093661086,1.4544752931583,2,429456.231907506,4582616.4805302415,2,1952.0,20830.0,82
9665,429433.30303151737,4582428.111447785,429443.0100293623,4582536.302759989,108.13476562494392,1.5773362711904948,3,429438.15653043985,4582482.207103888,2,1951.0,20829.0,71
9666,429433.6567344066,4582293.621470407,429443.33978243056,4582398.150751552,104.47265625026272,1.5773362711904817,3,429438.4982584186,4582345.886110979,2,1951.0,20828.0,70
9667,429434.493058961,4582164.181583896,429444.1863241599,4582270.273115225,106.03493984415486,1.5773362711899623,3,429439.3396915605,4582217.227349561,2,1951.0,20828.0,70
9668,429432.15262451087,4582025.868636711,429441.8408265363,4582131.185986939,105.26074218711967,1.5773362711905077,3,429436.9967255236,4582078.527311824,0,1951.0,20827.0,69
9669,429433.0375352688,4581888.062096078,429442.7420864985,4581995.87931027,107.76065961232788,1.5773362711899628,3,429437.8898108837,4581941.970703173,0,1951.0,20827.0,69
9670,429432.63823148026,4581758.41125493,429441.6908278018,4581872.091902103,113.676495107352,1.5712590195153764,3,429437.16452964104,4581815.251578517,0,1951.0,20826.0,68
9671,429433.3492357064,4581596.269083889,429443.0302719453,4581700.4907544255,104.16503906312046,1.5773362711895902,3,429438.18975382583,4581648.379919157,0,1951.0,20825.0,67
9672,429567.477798014,4583096.4039216135,429579.93230378325,4583166.017534416,69.53662109432724,-1.564256382399669,4,429573.7050508986,4583131.210728015,2,1952.0,20832.0,84
9673,429568.60116652655,4582967.179260033,429581.3174885452,4583076.825708106,109.57031249951304,-1.5642563823998448,4,429574.9593275359,4583022.00248407,2,1952.0,20831.0,83
9674,429567.8868406679,4582833.290668348,429580.5729731389,4582938.321004203,104.95410156194144,-1.5642563823997366,4,429574.2299069034,4582885.805836275,2,1952.0,20831.0,83
9675,429567.6753083344,4582699.008156025,429580.3710846,4582805.51306972,106.4287109374115,-1.5642563823998583,4,429574.0231964672,4582752.260612872,2,1952.0,20830.0,82
9676,429566.92929179687,4582563.827535915,429579.62525327445,4582670.3607693175,106.45703125019226,-1.5642563823993565,4,429573.27727253566,4582617.094152616,2,1952.0,20830.0,82
9678,429566.7397837188,4582430.892162751,429579.4145543948,4582534.185231073,103.21679687573813,-1.5642563823993434,4,429573.07716905675,4582482.538696912,2,1952.0,20829.0,81
9679,429568.6856151936,4582298.70234646,429581.35918199184,4582401.811336685,103.03271484266506,-1.5642563823998896,4,429575.02239859273,4582350.256841572,2,1952.0,20828.0,80
9681,429567.1116522533,4582167.853607311,429579.7549241248,4582266.330372382,98.4003906247758,-1.5642563823997908,4,429573.43328818906,4582217.091989847,2,1952.0,20828.0,80
9682,429566.8221059716,4582033.6544580655,429579.4577618,4582130.96669726,97.2358398436851,-1.564256382399483,4,429573.1399338858,4582082.310577663,0,1952.0,20827.0,79
9683,429565.8965399662,4581886.771414975,429578.2782114255,4581997.999708969,111.18774957814068,-1.567363008495915,4,429572.0873756959,4581942.385561972,0,1952.0,20827.0,79
9685,429566.4253457417,4581756.807771954,429578.8138387785,4581869.079643837,112.2309982560366,-1.5673341306115527,4,429572.6195922601,4581812.943707895,0,1952.0,20826.0,78
9686,429566.29648950894,4581595.731715873,429575.965340079,4581698.090145005,102.3017578118852,-1.5642563823997613,3,429571.13091479393,4581646.910930439,0,1952.0,20825.0,77
9687,429702.885749353,4582969.535789602,429716.3940825485,4583079.135601797,109.44471668493551,1.5845888833553772,4,429709.6399159507,4583024.3356957,2,1953.0,20831.0,92
9688,429701.8724985512,4582829.470401614,429714.6105893605,4582942.445391785,112.89892578151026,1.577336271190586,4,429708.24154395587,4582885.9578967,2,1953.0,20831.0,92
9689,429701.6496677373,4582695.82300188,429714.3850154937,4582808.378567427,112.47949218758905,1.5773362711899397,4,429708.0173416155,4582752.100784654,2,1953.0,20830.0,91
9690,429703.2130081937,4582557.957257413,429715.2470783354,4582674.12210279,116.16133071668008,1.5705030221452878,4,429709.2300432646,4582616.039680101,2,1953.0,20830.0,91
9691,429701.9723056512,4582429.29501825,429714.4182943292,4582538.010293872,108.6669299201473,1.5749014491470057,4,429708.1952999902,4582483.652656062,2,1953.0,20829.0,90
9692,429702.05680798367,4582299.1863981,429714.7289856924,4582402.082990524,102.82031249960627,1.577336271190356,4,429708.392896838,4582350.634694312,2,1953.0,20828.0,89
9693,429700.7702498097,4582166.133059996,429713.42919125065,4582267.0057699215,100.79638671825948,1.5773362711896852,4,429707.0997205302,4582216.569414958,3,1953.0,20828.0,89
9694,429700.89049036,4582023.498847236,429713.5817342461,4582129.3107405305,105.7356757160125,1.577336271189906,4,429707.23611230304,4582076.404793883,3,1953.0,20827.0,88
9695,429701.4454008621,4581885.941236601,429713.7119340896,4582003.660824087,117.6927103767843,1.568531409676733,4,429707.57866747584,4581944.801030344,3,1953.0,20827.0,88
9697,429700.73813715,4581756.460868559,429713.7226166248,4581870.050075338,113.48933728461655,1.56211759289363,4,429707.23037688737,4581813.2554719485,3,1953.0,20826.0,87
9698,429839.8332605846,4582828.77053653,429843.5641098377,4582940.54997318,111.762207030821,-1.5642563823990985,1,429841.69868521113,4582884.660254855,2,1953.0,20831.0,92
9699,429836.5834530417,4582691.905209191,429840.33900893,4582807.462397082,115.54003906199826,-1.56425638239981,1,429838.4612309858,4582749.683803136,2,1953.0,20830.0,91
9700,429839.0881078495,4582559.395201153,429842.8257812048,4582672.21807252,112.80566406228608,-1.56425638239969,1,429840.9569445271,4582615.806636836,2,1953.0,20830.0,91
9701,429838.3689920266,4582424.801546421,429842.0858769374,4582534.445774829,109.6269531260055,-1.5642563823994562,1,429840.22743448196,4582479.623660625,3,1953.0,20829.0,90
9702,429837.96344129945,4582290.65060156,429841.69318247406,4582402.260608241,111.59277343837952,-1.5642563823998714,1,429839.82831188675,4582346.455604901,3,1953.0,20828.0,89
9703,429837.3418983562,4582224.294589459,429840.63249242055,4582268.757106362,44.443847656654064,-1.5642563823985225,1,429838.9871953884,4582246.52584791,3,1953.0,20828.0,89
9704,429837.7506823095,4582024.86601351,429841.08127576805,4582075.444610554,50.56005859472192,-1.5642563824005653,1,429839.4159790388,4582050.1553120315,3,1953.0,20827.0,88
9705,429838.2961325126,4581888.71020228,429842.04156561,4582002.71957171,113.9921875001338,-1.5642563823993425,1,429840.1688490613,4581945.714886995,3,1953.0,20827.0,88
9706,429969.99961334246,4582831.807787793,429985.71132393234,4582940.778557928,108.87500000043262,-1.564256382399554,5,429977.8554686374,4582886.2931728605,2,1954.0,20831.0,102
9707,429968.4416936378,4582698.572125776,429984.15832192416,4582808.294832955,109.62695312507344,-1.5642563824004627,5,429976.300007781,4582753.433479365,3,1954.0,20830.0,101
9708,429967.6779249221,4582562.534916697,429983.3526616359,4582665.852221487,103.22141375095288,-1.5642563823994076,5,429975.51529327896,4582614.193569092,3,1954.0,20830.0,101
9710,429968.8590196518,4582437.103453589,429984.5025850177,4582535.654524682,98.4550781245463,-1.564256382400098,5,429976.68080233474,4582486.378989136,3,1954.0,20829.0,100
9711,429968.22151300026,4582296.186306114,429983.8943705939,4582399.216285329,102.9340820312438,-1.5642563823999374,5,429976.0579417971,4582347.701295722,3,1954.0,20828.0,99
9712,429967.5837450193,4582165.087502838,429983.2517296227,4582267.3723808,102.18896484314264,-1.564256382399441,5,429975.417737321,4582216.229941819,3,1954.0,20828.0,99
9713,429967.395070395,4582031.791785818,429983.0433874055,4582131.069403875,99.181640626024,-1.5642563823999176,5,429975.21922890027,4582081.430594847,3,1954.0,20827.0,98
9714,429967.25665000407,4581897.132884068,429982.92892322206,4582000.073509725,102.8447265626688,-1.5642563824000053,5,429975.09278661304,4581948.603196897,3,1954.0,20827.0,98
9715,429966.1169025944,4581756.976157314,429981.8210961338,4581864.7975379685,107.72558593862688,-1.5642563823997402,5,429973.96899936406,4581810.886847641,3,1954.0,20826.0,97
9717,430141.81843106553,4582691.410454318,430148.6138455527,4582813.091623543,121.64453125091438,-1.5642563823995246,2,430145.2161383091,4582752.25103893,3,1955.0,20830.0,111
9718,430155.3517356016,4582692.037609131,430162.1354256077,4582812.771032784,120.69700425897535,1.5772904567947947,2,430158.74358060467,4582752.404320957,3,1955.0,20830.0,111
9719,430149.5659063142,4582560.826568273,430153.29815743,4582672.820355807,111.97656249966926,-1.5642563824003697,1,430151.4320318721,4582616.82346204,3,1955.0,20830.0,111
9720,430155.89134650177,4582561.181436195,430159.62605007936,4582673.550215711,112.35156250049285,1.5773362711906231,1,430157.75869829056,4582617.365825953,3,1955.0,20830.0,111
9721,430152.41115985886,4582425.403882694,430156.155548744,4582539.25358757,113.83251953105533,-1.5642563823993807,1,430154.2833543015,4582482.328735132,3,1955.0,20829.0,110
9722,430157.0407099369,4582425.382411336,430163.7865834212,4582539.488547246,114.06933593810864,1.5773362711904593,2,430160.413646679,4582482.435479291,3,1955.0,20829.0,110
9723,430153.4995396148,4582293.133016791,430160.41892019135,4582406.07632476,112.89818184499497,-1.5626510248355518,2,430156.95922990306,4582349.604670776,3,1955.0,20828.0,109
9724,430158.5190085766,4582293.7740151705,430165.2625548177,4582407.524305564,113.71348281151366,1.5773362711902144,2,430161.8907816971,4582350.649160367,3,1955.0,20828.0,109
9725,430156.7156257605,4582164.700662888,430160.4279953316,4582273.654476373,108.93652343860582,-1.564256382399856,1,430158.57181054604,4582219.177569631,3,1955.0,20828.0,109
9726,430164.0294561021,4582164.918384972,430167.7362980546,4582273.027001688,108.09130859380912,1.5773362711898704,1,430165.8828770784,4582218.97269333,3,1955.0,20828.0,109
9727,430157.4866016272,4582026.725366088,430164.1730625969,4582130.8539574575,104.09127947855082,-1.5642002269385198,2,430160.82983211207,4582078.789661773,3,1955.0,20827.0,108
9728,430162.9868268321,4582027.822928085,430169.65428540914,4582129.939086036,102.07910156308448,1.577336271189551,2,430166.3205561206,4582078.88100706,3,1955.0,20827.0,108
9729,430160.3174208581,4581890.645122647,430164.0309144742,4581999.770807456,109.10839843735316,-1.5642563823997042,1,430162.1741676661,4581945.207965052,3,1955.0,20827.0,108
9730,430166.55542452814,4581890.478931867,430170.2762755293,4582000.729592617,110.23339843702767,1.5773362711907468,1,430168.41585002874,4581945.604262242,3,1955.0,20827.0,108
9731,430159.165731437,4581759.337683346,430165.1988214273,4581867.6821427485,108.43094488955148,-1.8238357425103224,1,430162.18227643217,4581813.509913048,3,1955.0,20826.0,107
9732,430165.2096250768,4581757.650506504,430176.8204934027,4581868.07772269,110.1717094959812,1.585740080062998,2,430171.01505923975,4581812.864114597,3,1955.0,20826.0,107
9733,430504.9204051901,4582687.983697924,430514.1341664175,4582705.708840405,17.61690206201617,-1.5586243101490835,3,430509.5272858038,4582696.846269164,3,1956.0,20830.0,120
9734,430505.73300519504,4582564.653269215,430518.4289922191,4582671.190408783,106.46093749990976,-1.5642563823993991,4,430512.0809987071,4582617.921838999,3,1956.0,20830.0,120
9735,430506.3351062996,4582429.474709873,430519.0435280707,4582537.913175968,108.3623046882193,-1.5642563823997115,4,430512.68931718514,4582483.693942921,3,1956.0,20829.0,119
9737,430505.8646691516,4582290.196825426,430518.5950066056,4582401.986294075,111.71337890562651,-1.564256382399149,4,430512.2298378786,4582346.091559751,3,1956.0,20828.0,118
9738,430506.2187587072,4582165.073899093,430518.8732646412,4582265.268400867,100.11816406239124,-1.564256382400548,4,430512.5460116742,4582215.17114998,3,1956.0,20828.0,118
9740,430504.40356355446,4582026.10699933,430517.0720945037,4582128.445986492,102.2626953119156,-1.564256382400273,4,430510.7378290291,4582077.27649291,3,1956.0,20827.0,117
9741,430504.1179332355,4581896.786875529,430516.77720358735,4581997.709877348,100.8466796868656,-1.5642563823994036,4,430510.4475684114,4581947.248376438,3,1956.0,20827.0,117
9743,430503.3808647838,4581761.393765317,430516.0933101248,4581870.44745263,108.9775390625027,-1.5642563823996074,4,430509.7370874543,4581815.920608973,3,1956.0,20826.0,116
9744,430639.1346019681,4581600.199374102,430651.7500154078,4581694.416464645,94.14062500047142,1.5773362711898735,4,430645.44230868795,4581647.307919374,3,1957.0,20825.0,124
9746,430638.5092697896,4581761.494442293,430651.2449560368,4581874.101764547,112.53125000053736,1.577336271190062,4,430644.8771129132,4581817.79810342,3,1957.0,20826.0,125
9747,430638.7845208089,4581898.768107973,430651.4282589035,4581997.316160582,98.4716796872429,1.5773362711898484,4,430645.1063898562,4581948.0421342775,3,1957.0,20827.0,126
9748,430640.9284967737,4582023.952461131,430653.5988702625,4582126.573180548,102.54443359258292,1.5773362711892258,4,430647.2636835181,4582075.26282084,3,1957.0,20827.0,126
9749,430639.8496828273,4582163.72033344,430652.5148576084,4582265.546147984,101.74951171918708,1.5773362711908114,4,430646.18227021786,4582214.633240713,3,1957.0,20828.0,127
9750,430640.036122135,4582295.574675036,430652.7326264752,4582402.190914475,106.54003906274316,1.5773362711901082,4,430646.38437430514,4582348.8827947555,3,1957.0,20828.0,127
9751,430640.4976716917,4582431.379983885,430653.2048352988,4582539.626071281,108.16992187426398,1.5773362711900012,4,430646.85125349526,4582485.503027583,3,1957.0,20829.0,128
9753,430640.4245646289,4582563.493971645,430652.8808554582,4582633.380527829,69.80957031266468,1.5773362711900898,4,430646.6527100436,4582598.437249737,3,1957.0,20829.0,128
9754,430774.5882483263,4582627.64612511,430783.884158671,4582672.980383125,45.27636718660866,-1.5642563823998368,3,430779.2362034987,4582650.313254118,3,1958.0,20830.0,138
9755,430774.71453132445,4582560.152749056,430783.7737982784,4582569.30321058,9.09179687506798,-1.5642563823960574,3,430779.24416480144,4582564.727979818,3,1958.0,20829.0,137
9756,430774.8938631683,4582429.309368616,430784.6314720777,4582542.181244785,112.8154296875113,-1.5642563823995874,3,430779.762667623,4582485.7453067005,3,1958.0,20829.0,137
9757,430777.0600959729,4582297.682040906,430783.72190239216,4582398.933959526,101.2148437502163,-1.5642563824004108,2,430780.39099918253,4582348.308000216,3,1958.0,20828.0,136
9758,430777.98434956354,4582162.573213213,430784.6953648817,4582271.349384983,108.73925781203845,-1.5642563823991866,2,430781.3398572226,4582216.961299098,3,1958.0,20828.0,136
9759,430775.668273678,4582025.755567642,430782.3400879292,4582128.537726974,102.7451171874213,-1.5642563823998117,2,430779.0041808036,4582077.146647308,3,1958.0,20827.0,135
9760,430775.9674188751,4581900.611581798,430782.60871786106,4581998.72782529,98.07910156269156,-1.5642563823996234,2,430779.2880683681,4581949.669703543,3,1958.0,20827.0,135
9761,430773.9358945814,4581758.128039862,430780.69528989686,4581874.301722181,116.1369265629017,-1.5642563824000104,2,430777.31559223915,4581816.2148810215,3,1958.0,20826.0,134
9762,430772.5288506689,4581598.062097761,430779.1673650891,4581695.752569108,97.65332031274738,-1.5642563823990117,2,430775.84810787905,4581646.907333435,3,1958.0,20825.0,133
9763,430910.0519451746,4581594.740366689,430916.7125381363,4581695.806742402,101.02929687466364,1.5773362711892691,2,430913.38224165543,4581645.273554545,3,1958.0,20825.0,133
9764,430908.4805411306,4581759.467071593,430915.22505426494,4581873.365204139,113.86132812528298,1.577336271190033,2,430911.85279769776,4581816.416137866,3,1958.0,20826.0,134
9765,430909.9757457865,4581896.51391338,430916.6383824662,4581997.892782411,101.34179687534925,1.5773362711893246,2,430913.30706412636,4581947.203347895,3,1958.0,20827.0,135
9766,430908.5594192596,4582024.463217996,430915.2625151702,4582132.028478163,107.52832031299003,1.5773362711895909,2,430911.9109672149,4582078.24584808,3,1958.0,20827.0,135
9767,430911.4660695542,4582162.337595501,430918.1509316678,4582267.114829354,104.74023437453968,1.577336271189936,2,430914.808500611,4582214.726212427,3,1958.0,20828.0,136
9768,430910.5967200691,4582298.123329699,430917.2726536895,4582401.535358372,103.37499999861105,1.5773362711900376,2,430913.9346868793,4582349.829344036,3,1958.0,20828.0,136
9769,430909.9591668664,4582431.491076602,430916.3994470219,4582498.870672734,67.3417968752662,1.5773362711905,2,430913.17930694413,4582465.180874668,3,1958.0,20829.0,137
9770,430910.7092705408,4582567.019097671,430917.40375409584,4582673.267491468,106.2114257808086,1.5773362711901018,2,430914.0565123183,4582620.143294569,3,1958.0,20830.0,138
9771,431044.4403514309,4582557.70743315,431051.20677066816,4582674.955103438,117.21093750020984,-1.564256382399832,2,431047.82356104953,4582616.331268294,3,1959.0,20830.0,147
9772,431045.04563279584,4582493.953063727,431051.3444237957,4582539.698356902,45.70703125009693,-1.5642563824005118,2,431048.19502829574,4582516.825710315,3,1959.0,20829.0,146
9773,431043.7059585884,4582422.4555226965,431049.7951116476,4582436.146269352,13.651799218234029,-1.5642563823961044,2,431046.750535118,4582429.300896024,3,1959.0,20829.0,146
9774,431045.4218232461,4582299.311116304,431052.07733884576,4582399.601141432,100.25292968695956,-1.5642563824001172,2,431048.74958104594,4582349.456128868,3,1959.0,20828.0,145
9775,431044.0017062853,4582166.474343408,431053.6666865643,4582268.240988322,101.70996093776978,-1.5642563823996904,3,431048.8341964248,4582217.357665865,3,1959.0,20828.0,145
9776,431045.7930225187,4581886.404777066,431052.5179478928,4581997.307856476,110.86621093783351,-1.564256382399561,2,431049.1554852057,4581941.856316771,3,1959.0,20827.0,144
9777,431043.8904550095,4581762.156602822,431050.59024265147,4581869.216014432,107.0224609373168,-1.564256382400275,2,431047.24034883047,4581815.686308627,3,1959.0,20826.0,143
9778,431040.7721301584,4581596.041335311,431047.1864084244,4581704.929828733,108.86644715476028,-1.5669905378760542,2,431043.9792692914,4581650.485582022,3,1959.0,20825.0,142
9779,431155.6406650288,4582433.178481757,431165.11967546,4582542.01832174,108.80126404027818,-1.575199761255404,3,431160.3801702444,4582487.598401749,3,1959.0,20829.0,146
9780,431198.8513787194,4582429.2758161295,431205.5832048353,4582541.234048755,111.92138671845146,1.5773362711900374,2,431202.2172917774,4582485.254932443,3,1960.0,20829.0,156
9781,431159.4745502517,4582295.913078256,431179.8730610727,4582372.897341613,76.50067212933985,-1.4198883197627177,3,431169.6738056622,4582334.405209934,3,1959.0,20828.0,145
9782,431184.0893115201,4582299.690472947,431195.9491593375,4582362.002560789,61.96177021233525,1.524468876471569,3,431190.0192354288,4582330.846516868,3,1959.0,20828.0,145
9783,431169.9700180374,4582168.297289575,431179.6447634567,4582271.557066618,103.2031249998637,-1.564256382399916,3,431174.80739074707,4582219.927178097,3,1959.0,20828.0,145
9785,431180.21456853184,4582170.649360655,431189.86885761074,4582270.781274904,100.07519531270486,1.5773362711899306,3,431185.0417130713,4582220.715317779,3,1959.0,20828.0,145
9786,431170.75032794446,4582032.04927727,431180.3942259944,4582130.592358309,98.48632812414924,-1.5642563824000024,3,431175.57227696944,4582081.320817789,3,1959.0,20827.0,144
9787,431182.3539716235,4582032.566566273,431191.9955832639,4582130.760045414,98.13671875021596,1.577336271189944,3,431187.17477744375,4582081.663305843,3,1959.0,20827.0,144
9788,431170.5495056951,4581892.657435347,431180.2159868296,4581994.65356754,101.9394531249728,-1.564256382399806,3,431175.38274626236,4581943.655501444,3,1959.0,20827.0,144
9789,431181.350484481,4581892.6313873455,431191.0161928346,4581994.509358003,101.82128906217017,1.5773362711903436,3,431186.18333865784,4581943.570372675,1,1959.0,20827.0,144
9791,431148.0484226112,4581772.044718194,431178.1383632385,4581868.890556834,97.23710126155493,-1.7917310231354346,3,431163.0933929249,4581820.467637514,3,1959.0,20826.0,143
9792,431185.7686930168,4581765.705274673,431218.2999269318,4581869.431246829,104.41833671148665,1.8004269591362527,3,431202.0343099743,4581817.568260752,1,1960.0,20826.0,153
9793,431142.0304064848,4581597.6022611335,431181.8015581647,4581700.603397098,103.650339534067,-1.2950073971087734,4,431161.91598232475,4581649.102829115,1,1959.0,20825.0,142
9794,431190.7573104816,4581602.54357896,431220.3755609789,4581697.570317291,95.36434778165048,1.350534544841055,3,431205.56643573026,4581650.056948125,1,1960.0,20825.0,152
9795,431313.1622770606,4582430.9851356335,431319.8615793197,4582537.970330081,106.94824218802748,1.5773362711900716,2,431316.5119281901,4582484.477732858,1,1960.0,20829.0,156
9796,431315.9403017637,4582361.928728588,431322.2136420871,4582403.782503423,41.815429687281416,1.5773362711895644,2,431319.07697192545,4582382.855616005,1,1960.0,20829.0,156
9797,431310.7974712196,4582286.01966444,431319.8798232615,4582298.699935633,12.621682031593272,1.5773362711910464,3,431315.33864724054,4582292.359800037,1,1960.0,20828.0,155
9798,431313.8709827324,4582162.108404004,431320.5506844579,4582266.096592232,103.9511718747874,1.577336271189526,2,431317.21083359513,4582214.102498118,1,1960.0,20828.0,155
9799,431312.0416543272,4582026.253672117,431318.71841820807,4582129.792651202,103.5019531246753,1.577336271189921,2,431315.3800362676,4582078.023161659,1,1960.0,20827.0,154
9800,431313.187027683,4581893.008220558,431319.8496196565,4581994.3802537965,101.33496093694735,1.5773362711904988,2,431316.5183236698,4581943.694237177,1,1960.0,20827.0,154
9801,431313.4951204738,4581756.267537153,431320.214600678,4581866.338026556,110.0336031249924,1.5773362711902297,2,431316.85486057587,4581811.302781855,1,1960.0,20826.0,153
9802,431312.9263017191,4581600.2597497525,431319.87438601296,4581699.810716364,99.49829796747096,1.5803278587044962,2,431316.40034386603,4581650.035233058,1,1960.0,20825.0,152
9803,431447.9592838833,4581600.517827304,431454.5759049738,4581694.860713991,94.30566406174776,-1.5642563823991642,2,431451.2675944285,4581647.689270647,1,1961.0,20825.0,162
9804,431446.9256365365,4581759.726655893,431453.583502412,4581860.376048337,100.61230468798146,-1.564256382399115,2,431450.25456947426,4581810.051352115,1,1961.0,20826.0,163
9805,431447.3560470888,4581890.868100672,431454.0266414957,4581993.463740556,102.558593749905,-1.5642563823997986,2,431450.69134429225,4581942.165920613,1,1961.0,20827.0,164
9806,431446.4470460042,4582027.157178205,431453.1353057992,4582132.4539322,105.25976562608696,-1.5642563823997766,2,431449.79117590166,4582079.805555202,1,1961.0,20827.0,164
9807,431448.0501917008,4582156.748989783,431455.0381918068,4582228.187865255,71.36260596847356,-1.584649624974204,2,431451.54419175384,4582192.468427519,1,1961.0,20828.0,165
9808,431447.9860185176,4582293.116703017,431457.72256342135,4582405.825888136,112.65273515802066,-1.5642563824001696,3,431452.85429096944,4582349.471295577,1,1961.0,20828.0,165
9809,431447.56031773926,4582432.752881053,431454.27281475294,4582541.755610477,108.96582031148722,-1.5642563823999038,2,431450.9165662461,4582487.2542457655,1,1961.0,20829.0,166
9810,431581.1756954498,4582429.036253629,431587.88103306375,4582536.944279904,107.87109375038408,1.5773362711904426,2,431584.5283642568,4582482.990266766,1,1961.0,20829.0,166
9811,431581.7897787978,4582290.522728032,431588.50566071953,4582400.043024513,109.48339843724428,1.5773362711897785,2,431585.1477197587,4582345.282876273,1,1961.0,20828.0,165
9812,431581.56104091305,4582228.634663588,431587.8303097669,4582269.865893142,41.19287109221678,1.577336271190426,2,431584.69567534,4582249.250278365,1,1961.0,20828.0,165
9813,431575.62629917375,4582156.045971127,431584.7002808976,4582167.446384534,11.341796875347212,1.5773362711898635,3,431580.1632900357,4582161.746177831,1,1961.0,20828.0,165
9814,431581.65449834935,4582027.874385047,431588.33370191866,4582131.786403028,103.87499999970824,1.5773362711904566,2,431584.994100134,4582079.830394037,1,1961.0,20827.0,164
9815,431581.1442787358,4581890.392650914,431587.8431594779,4581997.313393615,106.88378906303134,1.5773362711897017,2,431584.4937191069,4581943.853022264,1,1961.0,20827.0,164
9816,431581.7590865703,4581754.47897175,431588.48203470855,4581865.079723249,110.56387656186595,1.5773362711904055,2,431585.1205606394,4581809.7793475,1,1961.0,20826.0,163
9817,431580.71625829255,4581600.206888598,431587.3405433257,4581695.721625226,95.47753906268838,1.5773362711898775,2,431584.02840080915,4581647.9642569125,1,1961.0,20825.0,162
9818,431716.6463090746,4582433.485966301,431723.3040472177,4582534.115827912,100.592773437531,-1.564256382399345,2,431719.97517814615,4582483.8008971065,1,1962.0,20829.0,175
9819,431713.8284566128,4582291.074873732,431723.5653566075,4582403.838353782,112.7070312499335,-1.5642563823996791,3,431718.69690661016,4582347.456613757,1,1962.0,20828.0,174
9820,431866.95973303023,4582293.670956105,431873.6718340736,4582402.61313995,108.90527343714028,1.577336271189963,2,431870.3157835519,4582348.142048027,1,1963.0,20828.0,184
9821,431865.6668213088,4582428.223983504,431875.3806464492,4582537.459218696,109.17871093785624,1.577336271189533,3,431870.523733879,4582482.8416011,1,1963.0,20829.0,185
9822,431868.32292708935,4582560.631028997,431875.055854897,4582672.757715052,112.08984375079154,1.5773362711902932,2,431871.6893909932,4582616.694372024,1,1963.0,20830.0,186
9823,431869.87112702,4582694.922559226,431876.6366201975,4582812.028630979,117.06933593723883,1.5773362711896153,2,431873.2538736088,4582753.475595103,1,1963.0,20830.0,186
9824,431870.7659210461,4582826.526829083,431877.5161949108,4582941.305802166,114.74218749991644,1.577336271190363,2,431874.14105797844,4582883.9163156245,1,1963.0,20831.0,187
9825,431872.0861331733,4582961.287232185,431878.8155675004,4583072.879749976,111.5556640632692,1.5773362711902146,2,431875.45085033687,4583017.08349108,1,1963.0,20831.0,187
9826,431884.9806175143,4582943.983015343,431991.0001011647,4582953.675809346,105.96289062500908,0.0065399443936107,3,431937.9903593395,4582948.829412345,1,1963.0,20831.0,187
9827,432014.0246765429,4582944.53692308,432121.7745919367,4582954.241034173,107.69335937497289,0.006539944406664,3,432067.8996342398,4582949.388978627,1,1963.0,20831.0,187
9828,431996.43920145166,4582960.686235673,432006.14142849226,4583068.148071291,107.40527343850664,-1.5642563823991629,3,432001.29031497194,4583014.417153481,1,1963.0,20831.0,187
9829,431997.3016760172,4582829.167563933,432007.00156555534,4582936.271985319,107.04785156234443,-1.5642563823987636,3,432002.1516207863,4582882.719774626,1,1963.0,20831.0,187
9830,431997.293707618,4582695.072229492,432007.0484582125,4582810.565143357,115.43652343703287,-1.564256382400102,3,432002.1710829153,4582752.818686424,1,1963.0,20830.0,186
9831,431995.37894013047,4582561.275756435,432005.0835876996,4582669.107701324,107.77539062485369,-1.564256382399748,3,432000.2312639151,4582615.191728879,1,1963.0,20830.0,186
9832,431995.0427903361,4582428.826339846,432004.73982505547,4582535.494247129,106.61132812521028,-1.5642563823998274,3,431999.89130769577,4582482.160293488,1,1963.0,20829.0,185
9834,431994.8576379321,4582289.9311332,432004.5681037111,4582398.652707502,108.66503906274838,-1.5642563823997124,3,431999.7128708216,4582344.291920351,1,1963.0,20828.0,184
9835,431881.8429339834,4582816.909844709,431992.2528598778,4582823.6315448405,110.37304687502407,-3.1350527091927582,2,431937.0478969306,4582820.270694775,1,1963.0,20831.0,187
9836,432016.00570605375,4582817.247223676,432122.7868033034,4582823.945191131,106.7441406249714,-3.135052709203845,2,432069.3962546786,4582820.596207404,1,1963.0,20831.0,187
9837,429183.33667316806,4582179.401668183,429299.7804045488,4582223.342396616,117.6887131073441,2.8626478853734576,4,429241.55853885843,4582201.372032399,2,1951.0,20828.0,70
9838,429040.0819614361,4582220.359187664,429157.5685019399,4582264.596861228,118.773125764964,2.8626626630363257,4,429098.825231688,4582242.478024446,2,1950.0,20828.0,57
9839,428908.37914174784,4582256.955891185,429025.3348403044,4582298.43277289,119.08831471422782,2.862336952903662,3,428966.8569910261,4582277.694332037,2,1949.0,20828.0,43
9840,428772.87120051886,4582296.92871315,428887.6969799519,4582336.60398738,116.62874341534416,2.872567149246364,3,428830.28409023536,4582316.766350266,2,1949.0,20828.0,43
9841,428642.1591888784,4582330.857053919,428760.980170311,4582372.107586935,120.86953527513826,2.868638237529188,3,428701.5696795947,4582351.482320427,2,1948.0,20828.0,31
9843,428236.9731247294,4582440.292540687,428359.5017322101,4582488.641663598,123.16208396192376,2.8624964029506805,5,428298.23742846976,4582464.467102142,2,1946.0,20829.0,13
9844,428130.1866183922,4582482.065049212,428224.5183142885,4582538.038993243,99.75405905199808,2.6704200268611937,4,428177.35246634035,4582510.052021228,2,1946.0,20829.0,13
9845,428119.0267115717,4582463.172822376,428223.9852917256,4582502.791784824,106.94254992534704,-0.2941504695763666,3,428171.50600164867,4582482.9823036,2,1946.0,20829.0,13
9846,428238.483599012,4582426.580747275,428358.5514936329,4582466.266505412,123.17752302642054,-0.2789602906249699,2,428298.51754632243,4582446.423626343,2,1946.0,20829.0,13
9847,428372.1249303443,4582388.92811098,428491.501024262,4582428.405388569,122.45548352352448,-0.2788770448221001,2,428431.81297730317,4582408.666749775,2,1947.0,20829.0,22
9848,428509.2517609756,4582351.307288645,428626.7041455879,4582390.258237344,120.46019056043347,-0.2790779011089764,2,428567.9779532817,4582370.782762995,2,1948.0,20828.0,31
9849,428638.86217023816,4582316.749710438,428760.51821938914,4582355.170884423,124.4372908958538,-0.2653319324107798,2,428699.69019481365,4582335.96029743,2,1948.0,20828.0,31
9850,428773.81704638735,4582284.788281574,428877.2775722156,4582318.837829125,105.70585266790223,-0.2707165929319758,2,428825.54730930144,4582301.8130553495,2,1949.0,20828.0,43
9851,428911.2645304021,4582243.540126542,429025.82901438826,4582284.283624261,116.59072381494876,-0.2788456031924464,3,428968.54677239514,4582263.911875401,2,1949.0,20828.0,43
9852,430517.7001663314,4582687.680211874,430605.3150043794,4582736.73580799,93.15114248927374,2.686155681426358,3,430561.5075853554,4582712.208009932,3,1957.0,20830.0,129
9853,429069.8845210768,4582960.8442102615,429156.6814009423,4583078.901819471,132.48792446257823,2.1669222128773558,5,429113.28296100954,4583019.873014866,2,1950.0,20831.0,60
9854,431585.8030149237,4582150.621719947,431644.1369550549,4582188.988345632,59.59990880081765,-0.4842481005933134,4,431614.96998498926,4582169.80503279,1,1961.0,20828.0,165
9855,431588.1853747962,4582152.870594678,431690.40155635605,4582200.386870237,106.36980751237856,2.764696217587793,3,431639.29346557613,4582176.628732458,1,1961.0,20828.0,165
9856,430517.331603858,4582686.005328932,430586.9359815413,4582727.080837831,73.40876986710857,-0.4668353412402948,3,430552.13379269966,4582706.543083381,3,1957.0,20830.0,129
9857,431455.98067272326,4582192.520738608,431573.23090662505,4582256.994782232,126.51322830803484,-0.4622348937861564,3,431514.60578967415,4582224.75776042,1,1961.0,20828.0,165
9859,430916.91273208265,4582467.007784579,431043.9306763568,4582535.276141132,136.9919794052068,2.6867505392935587,3,430980.4217042197,4582501.141962856,3,1959.0,20829.0,146
9861,430783.0143744694,4582521.789824525,430910.3234266146,4582592.182303398,138.12496920445776,-0.4684341096324308,3,430846.66890054196,4582556.986063961,3,1958.0,20829.0,137
9862,430653.2469988306,4582601.990771715,430773.5614034803,4582669.034251928,130.36455158755726,2.6717794585589845,3,430713.4042011554,4582635.512511821,3,1957.0,20830.0,129
9863,429034.5497799016,4583091.932087751,429067.7339332109,4583130.99847471,37.02496547347474,2.166205741013523,5,429051.14185655623,4583111.46528123,2,1950.0,20832.0,61
9864,429788.07897406,4582136.614663205,429891.0399190213,4582155.187874303,102.86218769630835,-3.13601729257597,6,429839.55944654066,4582145.901268754,3,1953.0,20827.0,88
9865,429182.7128490059,4583213.366025915,429290.664908514,4583223.071459037,107.89550781245288,0.0065399443891304,3,429236.68887876,4583218.218742477,2,1951.0,20832.0,74
9866,428915.73711927136,4583078.137031233,429020.48700996017,4583084.821714522,104.71289062500992,-3.13505270918546,2,428968.11206461577,4583081.479372878,2,1949.0,20832.0,47
9867,429029.93128175935,4583075.885850645,429052.7204195776,4583085.034315054,22.730764843727343,-3.135052709186466,3,429041.3258506685,4583080.4600828495,2,1950.0,20832.0,61
9868,429181.3367660277,4583082.583593519,429289.647127448,4583089.29156242,108.27343750004349,-3.135052709195502,2,429235.49194673786,4583085.93757797,2,1951.0,20832.0,74
9869,429320.71202196094,4583081.805623683,429426.4726332222,4583088.496917123,105.72363281252908,-3.135052709186821,2,429373.59232759156,4583085.151270403,2,1951.0,20832.0,74
9870,429585.2923492018,4583080.983387502,429700.140736894,4583087.555345925,114.81992063303528,3.136610632639277,2,429642.7165430479,4583084.269366713,2,1952.0,20832.0,84
9871,428913.63730129576,4582944.490326083,429021.1412170632,4582957.192635859,107.42773437495832,0.0065399443869194,4,428967.3892591795,4582950.841480971,2,1949.0,20831.0,46
9873,429051.3015881743,4582944.756853084,429142.3429653816,4582957.351497239,90.96484374996038,0.006539944386523,4,429096.82227677794,4582951.054175162,2,1950.0,20831.0,60
9874,429185.111753915,4582944.65539322,429289.6313585045,4582957.338185489,104.44335937505306,0.0065399443957808,4,429237.37155620975,4582950.996789355,2,1951.0,20831.0,73
9875,430917.34954303567,4582457.636921032,431042.6462245035,4582524.58411339,134.88473107832596,-0.4514720860354494,3,430979.99788376957,4582491.110517211,3,1958.0,20829.0,137
9877,430782.4370305215,4582531.634287024,430911.3520133316,4582602.776043513,139.89847814185146,2.673584469966246,3,430846.89452192653,4582567.205165269,3,1958.0,20829.0,137
9878,431322.4385620509,4582281.991062263,431393.2222515197,4582324.742672196,75.14838919318281,-0.4810674962199792,3,431357.8304067853,4582303.366867229,1,1960.0,20828.0,155
9879,431457.5547339767,4582203.698048299,431573.92396295,4582266.594455103,125.0729236941001,2.6880015674755664,3,431515.73934846336,4582235.146251701,1,1961.0,20828.0,165
9880,431051.21244189626,4582418.601120587,431112.656861014,4582457.730232912,65.1072660899191,-0.5003177667733082,3,431081.93465145514,4582438.16567675,3,1959.0,20829.0,146
9881,431323.8469225496,4582284.309295517,431408.9746791337,4582334.452169318,91.28981777414803,2.661538202751868,3,431366.41080084164,4582309.380732417,1,1960.0,20828.0,155
9882,428243.9940289589,4581750.300339167,428357.54624760174,4581760.185845923,113.4131722736386,3.1072950683080047,2,428300.77013828035,4581755.243092544,0,1946.0,20826.0,10
9883,428373.4954211625,4581750.169613134,428491.13210664975,4581756.2443864895,117.6328952907459,-3.1409569931920798,2,428432.31376390613,4581753.206999812,0,1947.0,20826.0,19
9884,428507.1454469588,4581749.874031109,428627.0213816786,4581755.930382531,119.87312737886464,-3.141122555839433,2,428567.0834143187,4581752.9022068195,0,1948.0,20826.0,29
9885,428641.9845576834,4581748.481926295,428754.9501326683,4581754.578073139,112.96050886229142,3.1407414797537982,2,428698.46734517586,4581751.529999717,0,1948.0,20826.0,29
9886,428780.3835925041,4581747.729202593,428890.6913823807,4581754.198553316,110.2832507071005,3.1373362820373507,2,428835.5374874424,4581750.9638779545,0,1949.0,20826.0,41
9887,428911.8206592578,4581747.26899205,429027.6669923276,4581754.026246488,115.80957031258473,-3.135052709201081,2,428969.7438257927,4581750.647619269,0,1949.0,20826.0,41
9888,429047.1426667645,4581747.506960231,429158.1820121454,4581755.157978019,110.9623283236933,-3.1267070293885038,2,429102.662339455,4581751.332469124,0,1950.0,20826.0,55
9889,429183.9356614228,4581748.8622244885,429295.90576637135,4581755.056059851,111.9598845172878,3.139861279416579,2,429239.9207138971,4581751.95914217,0,1951.0,20826.0,68
9890,429313.37728419405,4581746.988841173,429427.65796015225,4581754.727160525,114.2025523467127,-3.1263646031235712,2,429370.5176221732,4581750.858000848,0,1951.0,20826.0,68
9891,429447.56877197296,4581748.299383341,429564.45430212375,4581754.6006654445,116.87045002816022,-3.139014564975547,2,429506.0115370484,4581751.450024392,0,1952.0,20826.0,78
9892,429583.97570442565,4581747.692945568,429697.3205116796,4581754.27473882,113.31549135660008,3.136457654771424,2,429640.6481080526,4581750.983842194,0,1952.0,20826.0,78
9893,430520.2653798173,4581746.944787446,430631.7162990742,4581753.673295715,111.41406250001404,-3.135052709185418,2,430575.99083944573,4581750.30904158,3,1957.0,20826.0,125
9894,430657.380822928,4581747.659883096,430770.3981149367,4581754.3986355,112.9804687500096,-3.13505270919444,2,430713.88946893235,4581751.029259298,3,1957.0,20826.0,125
9895,430786.1525406151,4581747.676829418,430902.6624015429,4581754.396682656,116.47499827138112,3.13541130599612,2,430844.40747107903,4581751.036756037,3,1958.0,20826.0,134
9896,430923.21260128106,4581746.178637512,431041.2986880144,4581752.950540025,118.04937187497796,-3.135052709192242,2,430982.25564464775,4581749.564588768,3,1959.0,20826.0,143
9897,431054.4864123377,4581747.29192257,431141.7938466034,4581772.457933504,88.13453274862552,-2.920682736648581,2,431098.14012947056,4581759.874928037,3,1959.0,20826.0,143
9898,431221.2328454932,4581747.080791897,431304.64993711625,4581765.163093518,83.43247026191011,2.9954919461224945,2,431262.9413913047,4581756.121942707,1,1960.0,20826.0,153
9899,431326.6198358788,4581745.85398202,431440.1839911923,4581752.596310931,113.52734374998872,-3.1350527091921085,2,431383.40191353555,4581749.225146476,1,1960.0,20826.0,153
9900,431463.6563520304,4581745.646178477,431575.90345269785,4581752.379893801,112.21026093760617,-3.135052709195665,2,431519.7799023641,4581749.013036139,1,1961.0,20826.0,163
9901,431593.31238125695,4581745.249138364,431711.7607933115,4581752.419998766,118.39485308618374,-3.1317005592064886,2,431652.53658728424,4581748.834568565,1,1962.0,20826.0,172
9902,429454.0975825266,4582944.864732831,429560.6884318834,4582957.561071119,106.51464843754316,0.0065399443969821,4,429507.393007205,4582951.212901975,2,1952.0,20831.0,83
9903,430333.3053003725,4582293.482050254,430342.7739895184,4582407.86747324,114.2558729767039,-1.6011842048104694,2,430338.0396449454,4582350.674761747,3,1956.0,20828.0,118
9904,430312.7007908365,4581763.911057392,430321.83239784586,4581868.473732636,104.42964017955202,-1.6008144406789493,2,430317.26659434114,4581816.192395015,3,1955.0,20826.0,107
9905,430339.86919969146,4582293.705330983,430355.2570027736,4582407.99937786,113.98735021097576,1.5410244073974988,4,430347.5631012325,4582350.852354421,3,1956.0,20828.0,118
9906,430340.0275114751,4582563.120141096,430350.8220665886,4582675.967408177,112.69397787507444,-1.6134024425446372,2,430345.42478903185,4582619.543774636,3,1956.0,20830.0,120
9907,430347.50644867815,4582563.137512408,430363.34926487686,4582675.464997776,111.98112497033352,1.5364095582625417,4,430355.4278567775,4582619.301255092,3,1956.0,20830.0,120
9909,430343.5166944136,4582428.7119776495,430358.97663775424,4582543.451092193,114.42818300652831,1.540506781646627,4,430351.2466660839,4582486.081534921,3,1956.0,20829.0,119
9910,430336.6490179705,4582429.382568539,430346.1296815738,4582544.17699011,114.66507054411642,-1.6011801999588091,2,430341.38934977213,4582486.779779324,3,1956.0,20829.0,119
9911,430333.2269072213,4582161.481112662,430349.1898566943,4582273.126465002,111.28806538183782,1.535110267404681,4,430341.20838195784,4582217.303788831,3,1956.0,20828.0,118
9912,430326.48870174855,4582161.6493722405,430337.63853330095,4582273.199190724,111.39148568690564,-1.6171024364964053,2,430332.06361752475,4582217.424281482,3,1956.0,20828.0,118
9913,430320.8686062217,4582023.862663087,430330.1263787059,4582131.525979798,107.53082974489884,-1.601122803417179,2,430325.4974924638,4582077.694321442,3,1956.0,20827.0,117
9914,430327.81547129113,4582023.8403419405,430342.9865812627,4582130.875820807,106.72560803121269,1.5410293833076902,4,430335.40102627693,4582077.358081374,3,1956.0,20827.0,117
9915,430321.80888260086,4581764.001254215,430335.5929994876,4581869.66236661,105.473051808912,1.5538638268691742,4,430328.70094104426,4581816.831810413,3,1956.0,20826.0,116
9916,430316.9650119005,4581890.619432588,430326.3634276496,4582003.209816222,112.4603672260894,-1.6010441296861244,2,430321.66421977506,4581946.914624405,3,1956.0,20827.0,117
9917,430323.7061184646,4581890.033554707,430339.03280906304,4582001.568585177,111.22545830203538,1.5408339844691388,4,430331.3694637638,4581945.801069941,3,1956.0,20827.0,117
9919,430651.42598836456,4582591.656467574,430773.8699281828,4582659.581642198,132.67019350727605,-0.4683944865168973,3,430712.64795827365,4582625.619054886,3,1957.0,20830.0,129
9920,431209.9367748932,4582334.942707908,431311.6433118168,4582402.574962294,114.02191494122066,2.587676516205069,3,431260.79004335497,4582368.7588351015,1,1960.0,20828.0,155
9921,431199.8160397966,4582324.696919392,431308.6116009952,4582374.2908993205,113.28329250997416,-0.372326835695657,3,431254.2138203959,4582349.493909356,1,1960.0,20828.0,155
9922,431051.1202183405,4582422.057628376,431139.7593647968,4582467.894884718,92.94554754922508,2.725038433979452,3,431095.4397915687,4582444.9762565475,3,1959.0,20829.0,146
9923,428511.0948606352,4582367.719919178,428625.8280866175,4582407.110699186,116.48145053620776,2.874798700683419,3,428568.4614736263,4582387.415309181,2,1948.0,20829.0,32
9924,428560.6083705231,4582407.519550716,428626.1814535277,4582416.947823736,65.51562499995006,-3.135052709208269,3,428593.3949120254,4582412.233687226,2,1948.0,20829.0,32
9925,429395.1223661318,4582136.566855656,429424.8987715608,4582152.212012897,28.442590105223843,3.009366419762781,4,429410.0105688463,4582144.389434276,2,1951.0,20827.0,69
9926,429314.9765661404,4582140.652352148,429390.45881964633,4582154.062754701,75.27031737027998,3.12282564606491,4,429352.71769289335,4582147.357553424,2,1951.0,20827.0,69
9927,429311.4931208595,4582154.917498707,429390.7558604746,4582188.950556181,79.12122500012413,2.8528461084927894,4,429351.124490667,4582171.934027445,2,1951.0,20828.0,70
9928,429840.7447814013,4582157.970139304,429894.92916226137,4582211.504358655,73.17018747795017,2.36274623128595,1,429867.83697183133,4582184.7372489795,3,1953.0,20828.0,89
9929,429783.8625751799,4582158.60137328,429837.6196607013,4582213.009669055,73.48610676378527,-2.349661593387001,1,429810.74111794063,4582185.805521168,3,1953.0,20828.0,89
9930,429784.3245406101,4582086.099676586,429834.7079711575,4582135.88350238,67.83046094630232,2.3627344345911814,1,429809.5162558838,4582110.991589483,3,1953.0,20827.0,88
9931,429846.036394295,4582086.074925712,429894.5982938116,4582134.196158224,65.36615159328767,-2.3611907889293136,1,429870.3173440533,4582110.135541968,3,1953.0,20827.0,88
9932,429033.4194706021,4582160.011368135,429036.95514478086,4582241.947693005,81.9184570319384,-1.5642563824001412,1,429035.1873076915,4582200.97953057,2,1950.0,20828.0,57
9933,429391.5698274388,4582149.192791135,429427.7401835775,4582165.816760547,34.86357938340213,3.0053516990487106,4,429409.65500550816,4582157.504775841,2,1951.0,20827.0,69
9934,428895.0593630828,4580928.583115182,428904.7461983717,4581033.691485504,105.05175781139909,-1.5642563823995697,3,428899.90278072725,4580981.137300342,0,1949.0,20822.0,37
9935,429699.522932729,4581677.334042981,429711.5530733645,4581702.187073309,24.838482772347977,1.5720101482455713,4,429705.53800304676,4581689.760558145,0,1953.0,20825.0,86
9936,429722.2935355114,4581717.170482813,429829.6997675696,4581736.0559405,107.26119614607028,-0.008260974029822,6,429775.9966515405,4581726.613211657,3,1953.0,20826.0,87
9937,429842.3306498336,4581718.741907583,429964.3295964617,4581734.010352931,121.96622294439472,0.0022012808200726,5,429903.3301231477,4581726.376130257,3,1954.0,20826.0,97
9939,430365.6545579641,4581717.818116465,430500.8140451282,4581733.998297115,135.03348724660802,0.0087442691834284,5,430433.2343015461,4581725.90820679,3,1956.0,20826.0,116
9940,430350.03430791496,4581746.189614347,430501.1875954149,4581753.921477793,151.09442934816647,-3.1301276661874176,2,430425.610951665,4581750.0555460695,3,1956.0,20826.0,116
9941,430502.1075265399,4581590.409009591,430517.8022614966,4581696.784132111,106.27929687500551,-1.5642563824001534,5,430509.95489401824,4581643.596570851,3,1956.0,20825.0,115
9942,430909.47980265866,4581459.870207897,430916.1765949764,4581566.471621489,106.56445312487438,1.5773362711896175,2,430912.82819881756,4581513.170914693,3,1958.0,20825.0,133
9943,431040.8353310008,4581458.169210684,431047.5391613726,4581565.846773136,107.64062500028574,-1.5642563823996074,2,431044.18724618666,4581512.00799191,3,1959.0,20825.0,142
9944,428772.3523355769,4581041.549518863,428884.0616473519,4581047.750841424,111.69867846666382,0.0018024601555958,2,428828.20699146437,4581044.650180143,0,1949.0,20822.0,37
9945,428923.478646485,4581043.129003932,429017.286388368,4581049.7421251545,93.77050781248968,0.0065399443876901,2,428970.3825174265,4581046.435564543,0,1949.0,20822.0,37
9946,429848.2696507399,4581741.831148661,429964.806734885,4581752.027651826,116.3963764464355,-3.1054976854259766,2,429906.53819281247,4581746.929400243,3,1954.0,20826.0,97
9947,429721.6214142639,4581741.756077262,429830.25948317983,4581751.010951054,108.50684802189464,3.111566273248497,2,429775.94044872187,4581746.383514158,3,1953.0,20826.0,87
9948,430185.5061004906,4581746.98476877,430293.2932772565,4581753.292679297,107.77047276536943,-3.1387353269770557,2,430239.39968887356,4581750.138724033,3,1955.0,20826.0,107
9949,429989.6399471159,4581745.552904949,430142.8622682432,4581751.982210495,153.20610889713683,3.138790352364828,2,430066.25110767956,4581748.767557722,3,1954.0,20826.0,97
9950,429992.50713089935,4581719.585712375,430135.9120389666,4581735.948085432,143.26868288287216,0.0095140994753842,5,430064.209584933,4581727.766898904,3,1954.0,20826.0,97
9951,429968.2517034495,4581639.417332009,429984.1917741267,4581700.446991512,60.8046030378188,-1.5862870624611316,5,429976.2217387881,4581669.9321617605,3,1954.0,20825.0,96
9952,429983.6601974231,4581554.846136288,430161.61344088864,4581624.201321826,181.9447114727889,2.8341617323602675,5,430072.6368191559,4581589.523729057,3,1954.0,20825.0,96
9954,429885.0887465,4581614.927691207,429966.9382233268,4581655.737018804,81.42225532556189,2.8083420133862504,5,429926.0134849134,4581635.332355006,3,1954.0,20825.0,96
9955,430187.7896591758,4581714.261633408,430293.1932205319,4581723.299911116,105.3106720207799,0.0158045798281999,3,430240.49143985385,4581718.780772262,3,1955.0,20825.0,106
9956,430791.7463060988,4581574.248290057,430902.7528989205,4581580.973892413,110.9697265625071,0.006539944394607,2,430847.24960250966,4581577.611091236,3,1958.0,20825.0,133
9957,430927.71870388713,4581575.777705065,431031.9656756439,4581582.459099245,104.20996093761212,0.0065399444009986,2,430979.84218976554,4581579.118402155,3,1958.0,20825.0,133
9958,431055.1561907944,4581575.151158866,431165.10225942114,4581581.869825353,109.90917968747794,0.0065399443922038,2,431110.1292251078,4581578.510492109,3,1959.0,20825.0,142
9959,431183.75931117526,4581461.374351619,431193.4411138085,4581565.713207148,104.28222656209726,1.5773362711900392,3,431188.6002124919,4581513.543779383,1,1959.0,20825.0,142
9960,431168.8878323098,4581461.22729895,431181.57157618535,4581565.892408241,104.58886718727511,-1.5642563823998572,4,431175.22970424755,4581513.559853595,1,1959.0,20825.0,142
9962,431200.0031028941,4581575.738592145,431292.3909532678,4581582.342427225,92.35058593755366,0.0065399443986794,2,431246.19702808093,4581579.040509685,1,1960.0,20825.0,152
9963,431335.44632281247,4581575.904165655,431428.9034862553,4581582.514994082,93.41992187496372,0.0065399443893194,2,431382.1749045339,4581579.209579868,1,1960.0,20825.0,152
9964,431468.7226277338,4581577.096117055,431569.3681140112,4581583.753957384,100.60839843750766,0.0065399443964549,2,431519.0453708725,4581580.42503722,1,1961.0,20825.0,162
9965,431595.65514471725,4581575.435972863,431702.27120643394,4581582.13286098,106.5791015624792,0.0065399443946248,2,431648.9631755756,4581578.784416921,1,1962.0,20825.0,171
9966,431735.4330164722,4581576.260279734,431835.9310449655,4581582.917155683,100.46093749995796,0.006539944392356,2,431785.6820307189,4581579.588717708,1,1962.0,20825.0,171
9967,431732.15058911615,4581440.395575448,431832.9689232594,4581447.054546207,100.78125000001312,-3.1350527092084355,2,431782.5597561878,4581443.725060828,1,1962.0,20824.0,170
9968,431715.4083731224,4581597.624876191,431722.041950686,4581694.560480868,96.89843749942024,-1.564256382399802,2,431718.72516190424,4581646.09267853,1,1962.0,20825.0,171
9969,431714.2440413885,4581470.6536378665,431720.88207042567,4581568.269892051,97.5791015625264,-1.5642563823989382,2,431717.5630559071,4581519.461764959,1,1962.0,20825.0,171
9970,431714.041468599,4581753.713767373,431726.9541428837,4581863.087212059,109.27699033099684,-1.5624404613194052,4,431720.4978057414,4581808.400489716,1,1962.0,20826.0,172
9971,431731.9825828483,4581718.035001018,431830.448804265,4581736.0858745575,98.4569333681823,0.0005167329790438,6,431781.21569355665,4581727.060437787,1,1962.0,20826.0,172
9972,431729.0699152117,4581744.662502424,431831.1710618103,4581751.951946776,102.03344764088456,3.128950150210396,2,431780.120488511,4581748.3072246,1,1962.0,20826.0,172
9973,431732.2827633267,4581872.786057773,431832.9194607295,4581879.443840623,100.59960937500428,-3.1350527091913136,2,431782.6011120281,4581876.114949198,1,1962.0,20826.0,172
9974,431713.3674804972,4581886.198677241,431726.0637165993,4581992.773901933,106.499023437915,-1.564256382399882,4,431719.7155985483,4581939.486289587,1,1962.0,20826.0,172
9976,431712.55984717904,4582025.767364108,431725.0601098796,4582102.377409317,76.53320312465,-1.564256382399851,4,431718.80997852935,4582064.072386712,1,1962.0,20827.0,173
9977,431738.6842716016,4582005.520831281,431833.6424683691,4582015.141284052,94.9013671875,0.0065399443930189,3,431786.16336998536,4582010.331057667,1,1962.0,20827.0,173
9978,431713.37133769353,4582158.494861919,431726.3618313613,4582269.668755517,111.07125107365307,-1.561874266211359,4,431719.8665845274,4582214.081808718,1,1962.0,20828.0,174
9979,431736.2247808998,4582271.821116576,431855.247981568,4582284.59876291,118.94726562497452,0.0065399443962702,4,431795.7363812339,4582278.209939742,1,1962.0,20828.0,174
9980,431883.7693159349,4582271.616116493,431988.9148837002,4582284.303002586,105.06933593751673,0.0065399443985832,4,431936.3420998176,4582277.959559539,1,1963.0,20828.0,184
9981,432013.5787293479,4582271.915258497,432117.0739417823,4582284.591351204,103.41894531247551,0.0065399443981547,4,432065.32633556507,4582278.25330485,1,1963.0,20828.0,184
9982,432139.51265266654,4582271.828695381,432248.7479767191,4582284.542328633,109.15917968752258,0.0065399443949503,4,432194.13031469285,4582278.185512007,1,1964.0,20828.0,193
9983,432140.9716359973,4582946.342767774,432250.9090046104,4582956.061184893,109.88085937499356,0.0065399443991154,3,432195.94032030384,4582951.201976334,1,1964.0,20831.0,196
9984,432274.06753013306,4582945.852839276,432377.1534827695,4582955.526447877,103.02929687498148,0.0065399444014204,3,432325.6105064513,4582950.689643577,1,1965.0,20831.0,204
9985,432272.8745441249,4582816.192233776,432381.21127216873,4582822.900375116,108.29980468750156,-3.1350527091925406,2,432327.0429081468,4582819.546304446,1,1965.0,20830.0,203
9986,432143.3441900005,4582817.124923603,432252.62230416207,4582823.839221643,109.2412109375297,-3.1350527091923484,2,432197.9832470813,4582820.482072623,1,1964.0,20831.0,196
9987,432144.8886709531,4582680.552642171,432253.1668953609,4582690.260208424,108.22167968744286,0.0065399443919908,3,432199.027783157,4582685.406425297,1,1964.0,20830.0,195
9988,432274.6892684471,4582679.661271373,432380.1364987105,4582689.350322817,105.39062499994564,0.0065399443917676,3,432327.4128835788,4582684.505797096,1,1965.0,20830.0,203
9989,432274.6523248151,4582544.039006719,432379.2031395325,4582547.613874827,104.53589662244516,3.136092950671276,1,432326.9277321738,4582545.826440773,1,1965.0,20829.0,202
9990,432145.4534607807,4582545.093221431,432250.59094963,4582548.780632095,105.12011718745867,-3.1350527091836966,1,432198.0222052054,4582546.9369267635,1,1964.0,20829.0,194
9991,432137.0951445343,4582407.485708075,432248.1409767425,4582420.211182118,110.9697265625071,-3.135052709195186,4,432192.61806063843,4582413.848445097,1,1964.0,20829.0,194
9992,432124.4446505977,4582427.840131218,432131.1504735946,4582535.822374654,107.94531249967338,1.5773362711898935,2,432127.79756209615,4582481.831252936,1,1964.0,20829.0,194
9993,432127.23171366187,4582560.597395223,432133.9922763696,4582676.949576849,116.31542968773908,1.5773362711902368,2,432130.61199501576,4582618.773486036,1,1964.0,20830.0,195
9995,432127.6062408657,4582694.68076392,432134.3556269903,4582809.323997719,114.6064453133845,1.5773362711900971,2,432130.98093392805,4582752.00238082,1,1964.0,20830.0,195
9996,432126.4098316648,4582828.002832179,432133.1428680449,4582940.14611944,112.10644531162517,1.577336271190017,2,432129.7763498549,4582884.07447581,1,1964.0,20831.0,196
9997,432126.2887185729,4582960.520400475,432133.0066825324,4583070.359049524,109.80175781343765,1.577336271189975,2,432129.6477005526,4583015.4397249995,1,1964.0,20831.0,196
9998,432254.21616521344,4582960.936646388,432260.9363836494,4583071.1200146265,110.14648437475851,-1.5642563823997435,2,432257.5762744314,4583016.028330507,1,1964.0,20831.0,196
9999,432389.8036976313,4582966.485081417,432397.65881161566,4583069.687507861,103.11112835153956,1.5527945219923385,2,432393.7312546235,4583018.086294639,1,1965.0,20831.0,204
10000,432402.260542556,4582947.221022888,432507.2673525506,4582956.907193968,104.95019531245752,0.0065399443962983,3,432454.7639475533,4582952.064108428,1,1965.0,20831.0,204
10001,432401.05100418616,4582815.760954249,432506.1172943585,4582822.447706802,105.02929687500028,-3.135052709193213,2,432453.5841492723,4582819.104330525,1,1965.0,20830.0,203
10002,432258.59069652937,4582830.571409196,432265.3193261424,4582942.040882742,111.43261718692207,-1.5642563824000335,2,432261.9550113359,4582886.306145969,1,1964.0,20831.0,196
10003,432388.00568217976,4582831.491467279,432394.72623271984,4582941.725615683,110.19726562574247,1.5773362711892336,2,432391.3659574498,4582886.608541481,1,1965.0,20831.0,204
10004,432258.2453700505,4582694.753958053,432265.0063798216,4582811.174497592,116.38378906245272,-1.5642563823992564,2,432261.62587493606,4582752.964227823,1,1964.0,20830.0,195
10005,432388.1572852067,4582695.682175181,432394.9142203149,4582811.479681171,115.76074218873396,1.5773362711900178,2,432391.5357527608,4582753.580928176,1,1965.0,20830.0,203
10006,432400.5478299001,4582678.554662333,432512.5242174073,4582688.286414712,111.91992187503864,0.0065399443929971,3,432456.5360236537,4582683.420538522,1,1965.0,20830.0,203
10007,432257.8021047133,4582559.61381455,432264.551305626,4582674.228728642,114.5781249996728,-1.5642563823996012,2,432261.1767051696,4582616.921271596,1,1964.0,20830.0,195
10008,432387.34274726064,4582557.226301028,432394.826247271,4582674.82904318,117.53635648045028,1.583422357816726,2,432391.0844972658,4582616.027672105,1,1965.0,20830.0,203
10009,432403.27086111513,4582540.618548648,432505.6749949604,4582545.214436413,102.36980078026298,3.1259990197343503,1,432454.47292803775,4582542.916492531,1,1965.0,20829.0,202
10010,432255.8006959207,4582424.785717577,432262.5326338025,4582536.76103968,111.9384765616644,-1.564256382399391,2,432259.1666648616,4582480.773378628,1,1964.0,20829.0,194
10011,432386.68537722615,4582430.098578957,432393.1501693055,4582536.29471018,106.17087896457086,1.566417997461725,2,432389.91777326586,4582483.196644569,1,1965.0,20829.0,202
10012,432271.9756746922,4582407.827781206,432379.21201805695,4582420.528341049,107.16015625004606,-3.1350527091952616,4,432325.59384637454,4582414.178061128,1,1965.0,20829.0,202
10013,432401.8662681805,4582408.257339721,432509.06257333903,4582420.957637712,107.1201171875296,-3.135052709197227,4,432455.46442075976,4582414.607488716,1,1965.0,20829.0,202
10014,432124.4698801725,4582292.709462391,432130.9869551684,4582403.231081724,110.49474813564038,1.5661160808415584,2,432127.72841767047,4582347.970272058,1,1964.0,20828.0,193
10015,432255.9439540025,4582287.487496186,432262.7010615495,4582403.311368798,115.78710937479356,-1.5642563823989375,2,432259.32250777597,4582345.3994324915,1,1964.0,20828.0,193
10016,432386.038341814,4582292.2056951225,432392.4914004216,4582400.04623845,107.81627969980114,1.5665936875542716,2,432389.2648711178,4582346.125966786,1,1965.0,20828.0,201
10017,432272.2971501506,4582271.617009768,432379.02276225033,4582284.31422941,106.64941406246037,0.0065399443968166,4,432325.65995620046,4582277.965619589,1,1965.0,20828.0,201
10018,432398.4979423977,4582273.431646668,432509.1931961659,4582286.154827916,110.61914062498114,0.0065399443960049,4,432453.84556928184,4582279.793237292,1,1965.0,20828.0,201
10019,431996.16426194087,4582163.598831109,432005.8357374113,4582266.358618845,102.70312499969818,-1.5642563823998332,3,432000.9999996761,4582214.978724977,1,1963.0,20828.0,184
10020,432121.5214541824,4582163.092659211,432131.2216119584,4582270.238095345,107.08886718810356,1.5773362711906247,3,432126.3715330704,4582216.665377278,1,1964.0,20828.0,193
10021,432255.7394147411,4582161.390291821,432262.4358749547,4582267.940925249,106.51367187482134,-1.5642563823999351,2,432259.0876448479,4582214.665608535,1,1964.0,20828.0,193
10022,432385.2050824498,4582164.094392751,432391.8906854112,4582268.984905432,104.85351562472992,1.5773362711898125,2,432388.5478839305,4582216.539649092,1,1965.0,20828.0,201
10023,432385.068817129,4582032.7234108215,432391.7400693577,4582135.419634492,102.65917968804744,1.577336271189618,2,432388.40444324334,4582084.071522657,1,1965.0,20827.0,200
10024,432256.14577398135,4582116.358455159,432262.26943750377,4582135.326000685,18.928710937305794,-1.5642563823985658,2,432259.20760574256,4582125.842227922,1,1964.0,20827.0,192
10025,432121.8766655021,4582024.630357785,432134.1671149978,4582069.1590578295,44.45117187464102,1.5773362711893113,4,432128.0218902499,4582046.894707807,1,1964.0,20827.0,192
10026,432121.5572655635,4582088.059276387,432133.8421331543,4582131.734479059,43.59765624989299,1.57733627118875,4,432127.6996993589,4582109.896877723,1,1964.0,20827.0,192
10027,431998.00935843145,4582051.372699998,432007.6520242722,4582135.191172781,83.75185101850197,-1.578473020967908,3,432002.8306913518,4582093.28193639,1,1963.0,20827.0,183
10028,432121.960696539,4581954.322793778,432134.2558274264,4581999.567298827,45.16699218706723,1.5773362711900067,4,432128.1082619827,4581976.945046302,1,1964.0,20827.0,192
10029,431993.774624844,4581888.520214962,432003.85636918986,4581965.849493617,77.21067341462296,-1.5848185411299147,3,431998.81549701694,4581927.1848542895,1,1963.0,20826.0,182
10030,431865.7316158052,4581873.278439063,431986.97822401073,4581880.071011504,121.20996093753132,-3.13505270919748,2,431926.354919908,4581876.674725283,1,1963.0,20826.0,182
10031,431870.9926694431,4581747.680148728,431992.4003181541,4581751.473966849,121.390625000004,-3.1350527091995626,1,431931.6964937986,4581749.577057788,1,1963.0,20826.0,182
10032,431872.9757618122,4581716.42317488,431985.1557582463,4581726.156258868,112.12353515623089,0.0065399443896929,3,431929.06576002925,4581721.289716874,1,1963.0,20826.0,182
10033,432011.39534343086,4581715.807903823,432108.4521281309,4581725.442081438,96.99999999999044,0.0065399443921336,3,432059.9237357809,4581720.624992631,1,1963.0,20826.0,182
10034,432007.34240785183,4581746.911689395,432107.3100853867,4581750.565289298,99.95019531248867,-3.1350527091950178,1,432057.3262466192,4581748.738489347,1,1963.0,20826.0,182
10035,431716.9286286559,4581322.967331307,431723.6380217728,4581431.495461507,108.49121093727987,-1.564256382399463,2,431720.28332521435,4581377.231396407,1,1962.0,20824.0,170
10036,431872.5666583265,4582003.210558765,431930.1353219247,4582013.837748479,57.3358703110353,-0.0284473063858767,3,431901.35099012556,4582008.524153622,1,1963.0,20827.0,183
10037,432016.1208917708,4582005.9694132665,432118.6437337496,4582015.427644685,102.4836175341037,0.0044721581685854,3,432067.3823127602,4582010.698528975,1,1963.0,20827.0,183
10038,431865.8078341213,4582158.7315213,431872.3432641898,4582265.700460961,106.94023532968828,1.5657887865454678,2,431869.07554915553,4582212.21599113,1,1963.0,20828.0,184
10039,428764.3931781631,4582832.071785638,428771.0453344012,4582931.848149877,99.7392578127826,1.5773362711896293,2,428767.71925628214,4582881.959967758,2,1948.0,20831.0,34
10040,428763.4664921468,4582964.058057955,428770.1572363365,4583069.734686635,105.63964843672868,1.5773362711906913,2,428766.8118642416,4583016.896372295,2,1948.0,20831.0,34
10041,428648.19990911375,4582942.709921004,428750.7068614329,4582955.379550452,102.43066406245994,0.0065399443964383,4,428699.45338527334,4582949.044735728,2,1948.0,20831.0,34
10042,428628.0225569893,4582827.36892149,428634.693291902,4582929.98604529,102.5800781252144,-1.5642563823993116,2,428631.35792444565,4582878.67748339,2,1948.0,20831.0,34
10043,428643.3225614898,4582813.914758791,428754.1690014863,4582820.639313741,110.80957031244128,-3.1350527092027867,2,428698.7457814881,4582817.277036266,2,1948.0,20830.0,33
10044,428514.1357245708,4582811.44972018,428621.5623158286,4582818.15190919,107.38964843742215,-3.135052709197548,2,428567.8490201997,4582814.8008146845,2,1948.0,20830.0,33
10045,428490.9496208932,4582827.630008584,428503.217813022,4582868.755461097,41.04785156190725,1.5773362711898846,4,428497.0837169576,4582848.19273484,2,1947.0,20831.0,24
10046,428387.3788423257,4582811.340955646,428484.55077007535,4582817.976078772,97.13476562497192,-3.1350527091882507,2,428435.9648062005,4582814.658517209,2,1947.0,20830.0,23
10047,431992.9239440512,4581755.53664103,432005.63514919503,4581864.40069685,108.78790351517868,-1.5642563823996936,4,431999.2795466231,4581809.96866894,1,1963.0,20826.0,182
10048,431995.1446340786,4581589.714740668,432001.8291577015,4581694.440217816,104.68847656252302,-1.5642563823994915,2,431998.4868958901,4581642.077479242,1,1963.0,20825.0,181
10049,432141.0650709373,4582005.35255229,432240.3014965239,4582015.000984838,99.17968749999788,0.0065399443900903,3,432190.6832837306,4582010.176768564,1,1964.0,20827.0,192
10050,430313.5422678908,4581590.000807487,430334.493486082,4581697.43057168,106.63811839737404,1.4444418249427595,4,430324.0178769864,4581643.715689584,3,1956.0,20825.0,115
10051,430304.2841672887,4581524.482395461,430312.045641867,4581697.180128509,172.64549458830015,-1.5605914988378498,2,430308.16490457783,4581610.831261985,3,1955.0,20825.0,106
10052,430171.4781385259,4581570.097215974,430182.3391434697,4581701.471129246,131.321876467723,1.4118690015665554,2,430176.90864099783,4581635.784172609,3,1955.0,20825.0,106
10053,430153.7607864234,4581572.219153646,430170.2539081663,4581701.169524137,129.43415352601158,-1.5617159107466183,2,430162.0073472948,4581636.694338892,3,1955.0,20825.0,106
10054,430313.58535757393,4581523.619710533,430325.8659397434,4581566.639653781,42.94238281274544,1.577336271189038,4,430319.7256486587,4581545.129682157,3,1955.0,20825.0,106
10055,431743.9469038611,4582138.926995793,431857.9478210468,4582154.143172932,113.97266751960794,-3.139695670193655,5,431800.94736245397,4582146.535084363,1,1962.0,20827.0,173
10056,431879.8054726975,4582139.882426378,431987.6454076418,4582155.586741262,107.74414062501296,-3.1350527092017404,5,431933.7254401696,4582147.73458382,1,1963.0,20827.0,183
10057,432013.36708607,4582138.512157745,432116.8776063242,4582154.819659635,103.32882665147152,3.1289268751009414,5,432065.12234619714,4582146.665908691,1,1963.0,20827.0,183
10059,432139.7913732399,4582137.512832697,432248.9877244888,4582153.226018596,109.10058593751528,-3.1350527091880904,5,432194.38954886433,4582145.369425647,1,1964.0,20827.0,192
10060,432269.50268785935,4582140.123985979,432376.9987977849,4582157.023624971,107.24695571385446,-3.123856972493748,5,432323.2507428221,4582148.573805475,1,1965.0,20827.0,200
10061,432402.9965181301,4582138.590101919,432511.0947726037,4582156.377296594,107.74571562251978,3.115674731469874,5,432457.0456453669,4582147.483699257,1,1965.0,20827.0,200
10062,431861.5587413023,4582081.719859794,431873.633296812,4582133.595829739,51.858768711913314,1.5722342309858583,4,431867.59601905715,4582107.657844767,1,1963.0,20827.0,183
10063,431767.3013980699,4582067.018158246,431854.0091500678,4582123.9706342295,86.30491148792414,2.6842294419119925,7,431810.6552740688,4582095.494396238,1,1962.0,20827.0,173
10065,431730.75841709017,4582049.452643405,431845.9805832112,4582111.718642156,121.54733592549896,-0.4365434017219786,4,431788.3695001507,4582080.58564278,1,1962.0,20827.0,173
10066,431847.64079160936,4581594.6622512415,431860.7238519404,4581699.802926841,105.02244208127571,1.5811152492760143,4,431854.1823217749,4581647.232589042,1,1962.0,20825.0,171
10068,431843.0699200871,4581758.96443222,431855.73940902913,4581861.449900624,102.40917968749902,1.5773362711896886,4,431849.4046645581,4581810.207166422,1,1962.0,20826.0,172
10069,431841.8539340534,4581887.581223243,431859.6369982279,4581997.276792079,109.34867696852903,1.5452976881689402,5,431850.7454661407,4581942.429007661,1,1962.0,20827.0,173
10071,431851.4303127916,4582015.987778714,431869.6047552181,4582042.802410359,25.054633149188923,1.4384762415409047,5,431860.5175340049,4582029.395094536,1,1963.0,20827.0,183
10072,431878.66788093006,4582026.554321108,431949.9758188255,4582072.211044176,72.20606065716449,2.6788296933241944,5,431914.3218498778,4582049.382682642,1,1963.0,20827.0,183
10073,431876.4487991112,4582016.23774323,431930.3021303151,4582048.391928069,55.4357482692646,-0.4486424741304514,3,431903.37546471314,4582032.314835649,1,1963.0,20827.0,183
10074,432255.6487386658,4582027.004096536,432262.13407641766,4582101.273193769,74.23144531328465,-1.5642563824005085,2,432258.8914075417,4582064.138645153,1,1964.0,20827.0,192
10075,432137.7963665972,4582077.025624942,432248.61389394506,4582110.924295983,112.87493125331687,0.251478738855553,2,432193.20513027115,4582093.974960463,1,1964.0,20827.0,192
10076,432014.5104747153,4582046.028212259,432122.3425146431,4582079.216805453,109.803960457925,0.2519946414384482,2,432068.4264946792,4582062.622508856,1,1963.0,20827.0,183
10077,431961.7449343053,4582033.307933101,431994.373726052,4582048.125695685,32.24183765167776,-2.856771772275206,2,431978.05933017866,4582040.716814393,1,1963.0,20827.0,183
10078,431997.95722892735,4582019.629378091,432007.0074329328,4582042.312254365,22.66298597141996,-1.573012546179407,3,432002.48233093007,4582030.970816228,1,1963.0,20827.0,183
10079,432011.0777063097,4581942.544289985,432122.063210091,4582006.580664838,120.62460698587336,2.658171111979645,3,432066.5704582003,4581974.562477412,1,1963.0,20827.0,183
10080,432009.3557514734,4581908.489742444,432117.16246549727,4581967.636410981,118.04749286766884,-0.4732720512873732,2,432063.2591084853,4581938.063076712,1,1963.0,20826.0,182
10081,428369.7601468008,4582419.656072977,428492.2377764225,4582455.62529404,124.72560648860156,2.897467414264959,2,428430.99896161165,4582437.6406835085,2,1947.0,20829.0,22
10082,428371.6844691584,4582402.153180672,428490.51560435176,4582444.309067861,121.06943599722642,2.86116962140059,3,428431.1000367551,4582423.231124267,2,1947.0,20829.0,22
10083,428908.17458259285,4582279.67935392,429030.7186231381,4582317.981146293,125.27815570963988,-0.262484773451751,2,428969.4466028655,4582298.830250107,2,1949.0,20828.0,43
10084,428239.8599988809,4581705.93178663,428335.1889536527,4581712.507319682,95.28350195149189,-0.037556235901381,1,428287.5244762668,4581709.219553156,0,1946.0,20825.0,9
10085,428372.244421107,4581704.46167178,428491.2988685416,4581708.402947779,119.0344447037697,-0.0079084640586237,1,428431.7716448243,4581706.432309779,0,1947.0,20825.0,18
10086,428506.5830675644,4581704.129653523,428624.0769904348,4581707.684248204,117.48106907766535,-0.0047210174271891,1,428565.3300289996,4581705.906950863,0,1948.0,20825.0,28
10087,428640.57133774407,4581703.355798666,428756.16861598217,4581707.114301439,115.58007815609928,0.006563179782877,1,428698.36997686315,4581705.235050052,0,1948.0,20825.0,28
10088,428779.3143628155,4581704.060053473,428892.4477744154,4581707.799757772,113.11621093752726,0.0065399443904194,1,428835.8810686155,4581705.929905623,0,1949.0,20825.0,40
10089,428913.999304388,4581705.040997857,429026.2465044715,4581708.7749063,112.22998046878008,0.006539944396304,1,428970.1229044298,4581706.907952079,0,1949.0,20825.0,40
10090,429044.9951071537,4581704.617902812,429160.18218577176,4581708.3710381705,115.16992187501056,0.0065399443951627,1,429102.58864646277,4581706.494470491,0,1950.0,20825.0,54
10091,429184.3568393525,4581705.534460848,429295.0943060978,4581709.258495578,110.72021484369508,0.0065399443916789,1,429239.7255727252,4581707.396478213,0,1951.0,20825.0,67
10092,429315.20611593296,4581705.565251228,429430.9136912322,4581709.321790654,115.6904296874734,0.0065399443946825,1,429373.05990358256,4581707.443520941,0,1951.0,20825.0,67
10094,429446.193499568,4581704.861577543,429563.310224419,4581708.627332862,117.0996093749961,0.0065399443968887,1,429504.75186199346,4581706.7444552025,0,1952.0,20825.0,77
10095,429581.1458521892,4581703.49449535,429695.52670019335,4581710.242165461,114.3440539062223,0.0065399443908809,2,429638.3362761913,4581706.868330406,0,1952.0,20825.0,77
10096,429716.78149561374,4581702.601104884,429817.1463559607,4581711.860427599,100.34193331184925,0.002584692752368,3,429766.96392578725,4581707.230766242,3,1953.0,20825.0,86
10097,429836.1294902789,4581702.483254577,429966.3522585927,4581709.339625184,130.18611154443704,-0.0065790937955461,2,429901.2408744358,4581705.911439881,3,1954.0,20825.0,96
10098,428362.9234691431,4581736.786096456,428369.1072706776,4581749.125327696,12.250263864142156,-1.5858563212294352,2,428366.01536991034,4581742.955712076,0,1947.0,20826.0,19
10099,428492.4471190337,4581708.594793004,428504.52645129967,4581720.842756837,12.169745313021275,1.5773362711859835,4,428498.48678516666,4581714.71877492,0,1947.0,20825.0,18
10100,428630.22746902687,4581737.425429242,428636.2958623813,4581747.941927374,10.477482811255626,-1.5642563823955191,2,428633.2616657041,4581742.6836783085,0,1948.0,20826.0,29
10101,428763.4195848585,4581707.978420783,428772.5058117695,4581721.251176179,13.214178906450735,1.5773362711891568,3,428767.962698314,4581714.614798481,0,1948.0,20825.0,28
10102,428896.1570245354,4581737.625145252,428905.2177476895,4581746.998266076,9.314460936900185,-1.564256382402314,3,428900.68738611246,4581742.311705664,0,1949.0,20826.0,41
10103,429030.3469289414,4581737.404214818,429039.4111310758,4581747.309286767,9.846423437889808,-1.5642563824008,3,429034.87903000857,4581742.356750792,0,1950.0,20826.0,55
10104,429163.6402510875,4581709.198181511,429175.69329724566,4581721.350687566,12.09989978051349,1.5664027241642868,4,429169.6667741666,4581715.274434539,0,1950.0,20825.0,54
10105,429299.6723142463,4581737.16043175,429308.7378209779,4581747.264982245,10.045906250058978,-1.5642563824020876,3,429304.2050676121,4581742.212706998,0,1951.0,20826.0,68
10106,429432.9972914106,4581710.172557825,429442.0656076773,4581720.706698352,10.475505468697865,1.5773362711915462,3,429437.5314495439,4581715.439628089,0,1951.0,20825.0,67
10107,429566.93398443126,4581736.839362371,429578.9900871833,4581748.526066516,11.628801737366,-1.5756328805306776,4,429572.9620358073,4581742.682714444,0,1952.0,20826.0,78
10108,429990.8780175519,4581702.59484678,430141.31353642105,4581713.20016741,150.3222364408417,0.0306598853698388,2,430066.09577698645,4581707.897507096,3,1954.0,20825.0,96
10109,429967.0759853578,4581732.910330264,429979.4145153072,4581745.494891995,12.253224508841754,-1.598812124203934,4,429973.2452503325,4581739.20261113,3,1954.0,20826.0,97
10110,430187.753453084,4581736.57861389,430292.7665376315,4581744.157124762,104.93467242465344,0.0150498393991846,2,430240.2599953577,4581740.367869327,3,1955.0,20826.0,107
10111,430350.72306140646,4581702.574699932,430497.1512015242,4581708.639421124,146.42550235171672,-0.0004420116716999,2,430423.9371314653,4581705.607060527,3,1956.0,20825.0,115
10112,430519.4751845088,4581701.170131742,430633.05464355234,4581708.511009117,113.51648838339432,-0.0118161464039697,2,430576.26491403056,4581704.840570429,3,1957.0,20825.0,124
10113,430504.5364851508,4581734.914421123,430516.6073136336,4581745.862119794,10.869452343535665,-1.5642563824085725,4,430510.5718993922,4581740.388270458,3,1956.0,20826.0,116
10114,430661.3753951223,4581700.868600291,430770.4123035047,4581707.581320836,108.99999999994692,0.0065399443908148,2,430715.8938493135,4581704.224960564,3,1957.0,20825.0,124
10115,430784.68846684287,4581702.080354526,430906.70458984165,4581708.877959624,121.97949218747988,0.006539944400568,2,430845.69652834226,4581705.479157075,3,1958.0,20825.0,133
10116,430775.163713838,4581734.4932029545,430781.2458671823,4581747.113662968,12.581489687450416,-1.564256382397461,2,430778.2047905101,4581740.803432962,3,1958.0,20826.0,134
10117,430920.5470529568,4581702.257992419,431035.3267547234,4581713.762450029,114.62378434117925,0.0481010403062528,2,430977.9369038401,4581708.010221224,3,1958.0,20825.0,133
10118,430910.6367306557,4581710.060319118,430916.6995680961,4581719.727294014,9.62794140653119,1.577336271187005,2,430913.6681493759,4581714.893806566,3,1958.0,20825.0,133
10119,431043.4542615308,4581738.728518648,431049.4934364714,4581744.7773951385,6.009765625349363,-1.5642563824032656,2,431046.4738490011,4581741.752956893,3,1959.0,20826.0,143
10120,431208.7516883087,4581712.380280118,431222.2364901205,4581747.480425067,34.613847499980594,1.6140299220696304,4,431215.4940892146,4581729.930352593,1,1960.0,20826.0,153
10121,431140.453836034,4581716.702199315,431153.8657196415,4581749.949162818,32.75651646811049,-1.6142583248995026,4,431147.15977783775,4581733.325681066,3,1959.0,20826.0,143
10122,431327.3599098654,4581702.905822961,431441.5577589736,4581708.994581681,114.1932199018118,0.000777283812934,2,431384.4588344195,4581705.950202321,1,1960.0,20825.0,152
10123,431465.9577331512,4581701.660776912,431572.1841547631,4581708.355116769,106.18945312486872,0.0065399443977874,2,431519.0709439572,4581705.0079468405,1,1961.0,20825.0,162
10124,431444.894234386,4581733.7960421,431457.2393028838,4581745.219046599,11.047169065382963,-1.602586444654241,4,431451.0667686349,4581739.50754435,1,1961.0,20826.0,163
10125,431598.95611166,4581703.850315445,431707.4128654616,4581707.559434226,108.43945312508404,0.0065399443893563,1,431653.1844885608,4581705.704874836,1,1962.0,20825.0,171
10126,431580.6379969759,4581709.004424837,431586.84815733385,4581718.736843647,9.602524701537098,1.592835806436851,2,431583.74307715485,4581713.870634243,1,1961.0,20825.0,162
10127,431732.3783458095,4581701.940041976,431839.1069100424,4581705.432746911,106.71584995222231,-0.0046172959889506,1,431785.74262792594,4581703.686394444,1,1962.0,20825.0,171
10128,431715.0479462149,4581733.021207673,431727.1605722509,4581746.178025056,13.053355691858908,-1.579459057485893,4,431721.1042592329,4581739.599616364,1,1962.0,20826.0,172
10129,431873.51566258434,4581725.846629534,431985.0194813723,4581735.129194902,111.48136284856388,-3.1390577492841016,3,431929.26757197833,4581730.487912218,1,1963.0,20826.0,182
10130,432011.23013488273,4581724.911898537,432109.28689819743,4581734.55261605,98.000000000032,-3.135052709195409,3,432060.25851654005,4581729.732257294,1,1963.0,20826.0,182
10131,431993.9941091415,4581734.388754521,432006.1363318759,4581746.793008881,12.265141799894904,-1.5824588131860382,4,432000.0652205087,4581740.590881701,1,1963.0,20826.0,182
10132,431588.9560311668,4582156.824415389,431704.3822935385,4582220.019408958,126.671066567634,2.667250484149826,2,431646.6691623526,4582188.421912174,1,1962.0,20828.0,174
10133,431465.60649326735,4582220.121208545,431578.4346988066,4582278.517460536,122.30353678795407,2.6934913884895817,2,431522.020596037,4582249.3193345405,1,1961.0,20828.0,165
10134,431324.66405963147,4582289.442146585,431442.4634332522,4582350.573527163,127.95987542690315,2.6909659456438795,2,431383.56374644185,4582320.007836875,1,1960.0,20828.0,155
10135,431321.8580276645,4582282.408884686,431356.1187211071,4582302.817609822,35.05977106841474,-0.4416081527867667,2,431338.98837438575,4582292.613247255,1,1960.0,20828.0,155
10136,431575.33006209286,4582172.62293124,431584.5297720623,4582183.3527299,10.56011852366169,1.589864127546798,3,431579.9299170776,4582177.98783057,1,1961.0,20828.0,165
10137,431456.3955368314,4582168.836290522,431573.3363849985,4582232.868147177,128.39919312116652,-0.4747686157624365,2,431514.865960915,4582200.85221885,1,1961.0,20828.0,165
10138,431216.6920640251,4582354.340818153,431311.8701835006,4582406.928817662,103.8204936785044,2.669145469384958,2,431264.28112376283,4582380.634817908,1,1960.0,20829.0,156
10139,431197.3566605391,4582302.181224832,431310.2837727991,4582365.26871805,124.37308355323684,-0.4830956046905629,2,431253.8202166691,4582333.724971442,1,1960.0,20828.0,155
10140,431311.5272318428,4582307.004174187,431320.5422324484,4582319.891430529,12.876776401254284,1.569630917041693,3,431316.0347321456,4582313.447802357,1,1960.0,20828.0,155
10141,431051.4373483842,4582417.46669192,431092.4194123414,4582440.330014527,42.25856801532674,-0.4242508266756555,2,431071.9283803628,4582428.898353223,3,1959.0,20829.0,146
10142,431053.29590733006,4582429.815377428,431144.7881288824,4582485.2388603445,101.7766150678792,2.625737515914252,2,431099.0420181062,4582457.527118886,3,1959.0,20829.0,146
10143,430927.3583649374,4582486.147662806,431042.0032111596,4582547.784826963,125.29900192862864,2.6757937384361785,2,430984.68078804854,4582516.966244885,3,1959.0,20829.0,146
10144,430919.6462861131,4582439.963239188,431042.8810086825,4582505.423690017,134.70390667287634,-0.4623956571539808,2,430981.26364739775,4582472.693464603,3,1959.0,20829.0,146
10145,431044.6302883698,4582472.565903449,431050.96721684106,4582481.220219778,8.41757222600722,-1.6114224465756273,2,431047.79875260545,4582476.893061614,3,1959.0,20829.0,146
10146,430784.4910293251,4582554.352713504,430906.7424136968,4582620.559027614,134.13074339904486,2.670643217257572,2,430845.61672151095,4582587.455870559,3,1958.0,20829.0,137
10147,430783.6106534365,4582507.407959079,430907.180824394,4582574.872107545,135.86372594202206,-0.4749380651114106,2,430845.39573891525,4582541.140033312,3,1958.0,20829.0,137
10148,430908.50615720765,4582510.578499164,430917.69973103,4582518.156037129,7.338817455921019,1.597617319876803,3,430913.1029441188,4582514.367268147,3,1958.0,20829.0,137
10149,430663.6442008409,4582621.204879483,430772.926949967,4582680.64860316,119.50996346239351,2.6718826065766685,2,430718.28557540395,4582650.926741322,3,1957.0,20830.0,129
10150,430660.497517018,4582575.239290307,430773.2202870398,4582636.238130265,123.286543460136,-0.4682718154960368,2,430716.8589020289,4582605.738710286,3,1957.0,20830.0,129
10151,430773.4754283278,4582607.066631896,430782.6727645317,4582617.256896011,10.013277465209322,-1.5906828121202186,3,430778.07409642974,4582612.161763953,3,1958.0,20830.0,138
10152,430518.8093349534,4582692.867389814,430629.3725901951,4582754.629399337,121.66626555106436,2.6591458188504755,2,430574.09096257424,4582723.748394575,3,1957.0,20830.0,129
10153,430571.5382044953,4582641.310101226,430640.61081624567,4582680.380551212,74.43140234942672,-0.4701898019545731,2,430606.0745103705,4582660.845326219,3,1957.0,20830.0,129
10154,430516.2975498394,4582686.889052537,430552.5221308356,4582708.4630858665,37.30923124305223,-0.4481654912366581,2,430534.4098403375,4582697.676069202,3,1956.0,20830.0,120
10155,431043.5058972498,4582026.330853504,431053.164254605,4582127.084824761,100.69726562446,-1.5642563823991364,3,431048.33507592743,4582076.707839133,3,1959.0,20827.0,144
10156,430336.31330128136,4582679.369478392,430344.9232476017,4582691.425017887,8.53164999998706,0.0065399443480047,4,430340.6182744416,4582685.39724814,3,1956.0,20830.0,120
10157,430330.4684670549,4582561.825032384,430335.35373904736,4582677.884842415,116.02637784893076,-1.5870491071370552,1,430332.91110305116,4582619.8549374,3,1956.0,20830.0,120
10158,430365.37430475495,4582564.745125064,430371.6880257252,4582673.453666842,108.6675997548312,1.5402846402838908,1,430368.5311652401,4582619.099395953,3,1956.0,20830.0,120
10159,430326.60178497696,4582428.601285575,430333.2412347626,4582542.738404381,114.0994947511937,-1.6027122946536725,1,430329.92150986975,4582485.669844978,3,1956.0,20829.0,119
10160,430362.1998458119,4582429.85046504,430368.7685286577,4582541.742224673,111.85299620784144,1.538872122039315,1,430365.4841872348,4582485.796344856,3,1956.0,20829.0,119
10161,430358.8682370421,4582544.938686892,430365.14571313246,4582553.979164413,6.2187499999671045,-3.135052709117195,3,430362.0069750873,4582549.458925653,3,1956.0,20829.0,119
10162,430320.7771810321,4582293.220212162,430329.044901698,4582407.337407758,114.10042059873253,-1.6170082504210683,1,430324.91104136506,4582350.27880996,3,1956.0,20828.0,118
10163,430354.1390222913,4582410.625229124,430360.29549608176,4582422.664722816,6.078125000004789,-3.1350527091923093,4,430357.21725918655,4582416.64497597,3,1956.0,20829.0,119
10164,430357.53304235626,4582296.9509659335,430363.3889315685,4582408.217296421,111.22597044530474,1.5451081426803517,1,430360.46098696237,4582352.5841311775,3,1956.0,20828.0,118
10165,430324.1244157503,4582275.819154179,430332.9534985963,4582287.876126835,8.750791210944708,0.006539944452106,4,430328.53895717335,4582281.847640507,3,1956.0,20828.0,118
10166,430317.7034940355,4582216.013792827,430323.9928380506,4582275.104200324,59.06171521811629,-1.5658960761082352,2,430320.84816604306,4582245.558996575,3,1956.0,20828.0,118
10167,430350.6753352713,4582162.156328018,430356.9028981337,4582268.211027249,106.01251005735816,1.54033337292608,1,430353.7891167025,4582215.183677633,3,1956.0,20828.0,118
10168,430342.45797390136,4582137.057646839,430348.6849364087,4582155.09721659,6.109375000011757,-3.1350527092769647,6,430345.57145515503,4582146.077431714,3,1956.0,20827.0,117
10169,430310.8353205842,4582022.946927084,430319.11019398016,4582132.894689259,109.93050982345412,-1.618829978746663,1,430314.9727572822,4582077.920808172,3,1955.0,20827.0,108
10170,430341.59507625713,4582022.717037847,430350.7111367778,4582096.930820754,74.02662518633561,1.528617955692717,2,430346.1531065175,4582059.8239293005,3,1956.0,20827.0,117
10171,430314.2996847792,4582009.657498705,430323.6008701158,4582018.821620893,9.13961574937538,0.0181198749323326,3,430318.95027744747,4582014.239559799,3,1955.0,20827.0,108
10172,430307.2664364761,4581890.192378891,430313.5560693151,4582005.217952381,114.98681608702567,-1.5994197048713568,1,430310.4112528956,4581947.705165636,3,1955.0,20827.0,108
10173,430340.6180167002,4581892.650839777,430347.49281931145,4582003.165415619,110.47734261616952,1.535699119980632,1,430344.0554180058,4581947.908127697,3,1956.0,20827.0,117
10174,430302.3469199584,4581763.39503514,430307.9730210715,4581869.711789259,106.2750706373687,-1.5955178855670629,1,430305.15997051494,4581816.553412199,3,1955.0,20826.0,107
10175,430338.2394115229,4581764.575101438,430343.9422290609,4581869.829843891,105.21239448051236,1.545094925025123,1,430341.0908202919,4581817.202472664,3,1956.0,20826.0,116
10176,430336.7942988402,4581877.508927963,430342.8529407468,4581883.54816677,6.019531249991389,-3.135052709224611,2,430339.8236197935,4581880.528547366,3,1956.0,20826.0,116
10177,430300.5111211455,4581527.178698314,430303.5701784102,4581697.456027401,170.27629882820543,-1.571143159835065,1,430302.04064977786,4581612.317362858,3,1955.0,20825.0,106
10178,431862.1812628251,4581700.958056313,431984.7014043327,4581705.552603023,122.49146478324016,0.0130200585960236,1,431923.4413335789,4581703.2553296685,1,1963.0,20825.0,181
10179,432011.23680840334,4581701.1766588325,432110.4686618307,4581704.825446418,99.21435546880156,0.0065399443892937,1,432060.852735117,4581703.0010526255,1,1963.0,20825.0,181
10180,429029.1776456063,4582266.359645532,429038.2967987111,4582276.144733695,9.67434038897466,1.5584082207534768,3,429033.7372221587,4582271.252189614,2,1950.0,20828.0,57
10181,428556.2728802638,4582382.10252688,428625.3942000336,4582402.805597019,70.64465308754457,2.8868841807065047,1,428590.8335401487,4582392.45406195,2,1948.0,20829.0,32
10182,428641.4850289809,4582348.388229158,428759.1224147294,4582381.47351437,120.7208539686126,-0.2526831328578879,1,428700.30372185516,4582364.930871764,2,1948.0,20828.0,31
10183,428775.5637230016,4582316.856462916,428890.4719476356,4582348.020770223,117.63083018584236,-0.24254730340476,1,428833.0178353186,4582332.43861657,2,1949.0,20828.0,43
10184,431372.0806323611,4582233.659600948,431444.49804950046,4582274.477891364,78.20305706072729,-0.4707730773267767,2,431408.28934093076,4582254.068746156,1,1960.0,20828.0,155
10185,431446.65073655016,4582235.590300569,431455.8176042142,4582250.5464995885,14.85570322448415,-1.5820676136154397,3,431451.23417038214,4582243.068400079,1,1961.0,20828.0,165
10186,431370.9452943235,4582272.170110305,431395.44755735865,4582285.315663857,23.94931262527228,0.0484390715176042,4,431383.1964258411,4582278.742887082,1,1960.0,20828.0,155
10187,431846.0475290084,4581549.796281703,431858.1874778293,4581571.31277857,21.43847656242776,1.5773362711926242,4,431852.1175034188,4581560.554530136,1,1962.0,20825.0,171
10188,431952.0053212734,4581977.383679319,431986.8138617218,4582002.776443759,35.033154561293884,-0.5267755420019207,3,431969.4095914976,4581990.080061539,1,1963.0,20827.0,183
10189,429968.8327099161,4582957.576955033,429983.9004864599,4582968.087428478,10.412597656035617,-1.5642563824016489,5,429976.366598188,4582962.832191755,2,1954.0,20831.0,102
10190,430349.6029740675,4582276.089074185,430355.1470330423,4582288.200539958,5.285878236444118,-0.0216196865559334,4,430352.37500355486,4582282.144807071,3,1956.0,20828.0,118
10191,430319.6299085621,4582137.335001351,430326.6473815103,4582155.379741072,6.8999023437638405,-3.135052709117487,6,430323.1386450362,4582146.357371211,3,1956.0,20827.0,117
10192,431155.6445023976,4581697.545939662,431207.8055156946,4581714.334871792,51.67033861482526,-0.0348048739615011,5,431181.72500904615,4581705.940405726,1,1959.0,20825.0,142
10193,431162.1609330996,4581761.3309672335,431203.4739465183,4581769.181710211,41.08381429807925,3.0963800244492496,2,431182.817439809,4581765.256338722,1,1959.0,20826.0,143
10194,431675.88203073374,4582114.078095079,431710.4462556014,4582137.788569397,34.252406404554485,-0.4765915149524936,3,431693.16414316755,4582125.933332238,1,1962.0,20827.0,173
10195,431670.7571477373,4582136.036085091,431695.1514895807,4582154.97095486,23.692122440409044,-3.1015126780682203,6,431682.95431865903,4582145.503519975,1,1962.0,20827.0,173
10196,431736.18092307495,4582110.057633048,431768.372958767,4582132.670529855,31.61720575080623,2.660345478895401,3,431752.276940921,4582121.364081452,1,1962.0,20827.0,173
10197,431744.1141582448,4582116.966794873,431774.9074986659,4582139.363805208,30.181867963465585,2.640292474932312,3,431759.5108284553,4582128.1653000405,1,1962.0,20827.0,173
10198,431963.8479647524,4582011.831463931,431990.4905074228,4582031.132424528,24.019689253068357,2.80279085407099,4,431977.1692360876,4582021.481944229,1,1963.0,20827.0,183
10199,428085.8998016294,4582291.172661236,428104.6881130368,4582411.885456622,120.5976562502474,-1.5642563823996878,6,428095.2939573331,4582351.529058929,2,1945.0,20828.0,5
10201,428086.934138453,4582170.99766007,428105.5736735727,4582268.961918514,97.8486328125936,-1.5642563823993116,6,428096.25390601286,4582219.979789292,0,1945.0,20828.0,5
10202,428088.6709264316,4582031.482967058,428107.3669831287,4582138.089618804,106.49121093848,-1.564256382399796,6,428098.0189547802,4582084.786292931,0,1945.0,20827.0,4
10203,428084.84000993846,4581804.826331922,428106.6395683682,4581867.650698289,61.82710082185018,-1.632851094051628,6,428095.73978915333,4581836.238515105,0,1945.0,20826.0,3
10204,428510.07762952725,4582405.228623784,428542.7538388833,4582420.048485049,32.28990398648679,2.857161019238198,2,428526.4157342053,4582412.638554417,2,1947.0,20829.0,22
10205,430639.0941735995,4581706.743348076,430651.17431014776,4581719.114290138,12.292726172087368,1.5773362711917829,4,430645.13424187363,4581712.928819107,3,1957.0,20825.0,124
10206,430187.0884844092,4581705.96744649,430292.9949032616,4581712.482663612,105.87847202535906,0.0048668081816782,2,430240.0416938354,4581709.225055051,3,1955.0,20825.0,106
10207,431059.3301837029,4581734.12537905,431141.7530950228,4581758.643592536,83.19855122779548,0.2263458010100793,2,431100.54163936287,4581746.384485793,3,1959.0,20826.0,143
10208,431159.3299165155,4581749.068417068,431202.7535817933,4581757.483266433,43.15475049401252,-0.0562070574909954,2,431181.0417491544,4581753.27584175,1,1959.0,20826.0,143
10209,431221.0908270888,4581730.6154551655,431305.454893756,4581752.491854028,84.75340082104172,-0.189731294600939,2,431263.2728604224,4581741.553654596,1,1960.0,20826.0,153
10210,431710.6438602333,4582117.700260431,431726.4995395216,4582132.669796907,14.052252217769098,-1.507740471788815,5,431718.57169987744,4582125.1850286685,1,1962.0,20827.0,173
10211,428511.53028978506,4581443.779165197,428618.8758280888,4581450.480824119,107.3085937500216,0.0065399443933434,2,428565.2030589369,4581447.129994659,0,1948.0,20824.0,27
10481,428030.27938833885,4582411.916325165,428076.29802430543,4582415.217096305,45.99999999986529,-3.1350527091995195,1,428053.28870632214,4582413.566710735,2,1945.0,20829.0,6
10483,428019.4464753415,4582284.633050468,428076.8356409263,4582294.945080741,57.47639178928881,-0.1279941294873439,1,428048.1410581339,4582289.789065605,0,1945.0,20828.0,5
10484,428007.8319328382,4582163.926101208,428078.37995481153,4582175.792223888,70.73185468302069,3.0155746791615523,1,428043.10594382486,4582169.859162549,0,1945.0,20828.0,5
10487,427988.0631815351,4582016.530650982,428081.86684153776,4582045.038134681,95.11661973328482,2.9008231863465865,2,428034.96501153643,4582030.784392832,0,1945.0,20827.0,4
10533,427949.9677459908,4581891.774511539,428072.97090740193,4581965.539227927,140.80149799431788,2.611622299174667,1,428011.46932669636,4581928.656869734,0,1945.0,20826.0,3
10718,427923.1265048786,4581339.79735962,428035.38311271206,4581673.601143029,348.64851352426854,1.260237925414381,2,427979.2548087953,4581506.699251324,0,1945.0,20825.0,2
10719,427916.9951402713,4581341.421620091,428029.4991196162,4581676.0031257775,349.46465630904527,-1.8813485819686744,2,427973.24712994375,4581508.712372934,0,1945.0,20825.0,2
10720,428292.7270281008,4581328.238148933,428334.2250296183,4581413.477504923,88.3204890587866,-1.9556338493847003,3,428313.47602885956,4581370.857826928,0,1946.0,20824.0,8
10723,428306.3543980786,4581307.313695575,428409.6956795396,4581316.373239418,103.33611254970675,-0.0005762297237357,3,428358.02503880905,4581311.843467496,0,1947.0,20824.0,17
10739,428390.9409619304,4581269.803651964,428420.4002448097,4581300.57027856,39.59973962995211,-2.330933929962609,1,428405.67060337006,4581285.1869652625,0,1947.0,20824.0,17
10749,428436.561403474,4581183.432419843,428529.0549686959,4581213.742160719,95.6522036283445,0.2909147707791421,1,428482.80818608496,4581198.587290281,0,1947.0,20823.0,16
10757,428476.54724412254,4581096.623114073,428583.4249018417,4581154.177376232,118.920083393847,0.4797930813318986,1,428529.9860729821,4581125.400245152,0,1947.0,20823.0,16
10758,428513.9112940477,4581057.524538207,428631.0173886531,4581113.965116979,127.69325203370188,-2.7073895842004174,1,428572.4643413504,4581085.744827593,0,1948.0,20823.0,26
10766,428616.0288924639,4581045.2898407765,428696.6455263968,4581053.084716954,80.58102512475075,-3.0819874638778786,1,428656.33720943035,4581049.187278865,0,1948.0,20822.0,25
10772,428736.83850770665,4580974.182392362,428767.7135953144,4580985.396106434,31.20524242604005,0.2699652340987802,1,428752.27605151053,4580979.789249398,0,1948.0,20822.0,25
10798,428820.3404877491,4580839.300115664,428871.7790679983,4580870.335261343,57.47712949523529,0.5173661856297189,1,428846.0597778737,4580854.817688503,0,1949.0,20822.0,37
10816,429079.7406961407,4580612.905397195,429100.453495316,4580654.322511173,44.02839312736432,-1.1502704559397383,1,429090.0970957283,4580633.613954185,0,1950.0,20821.0,50
10825,428900.2388674217,4580597.566658771,429072.7000756343,4580657.690819373,180.8226620185256,0.3223190006909601,1,428986.46947152796,4580627.628739072,0,1949.0,20821.0,36
10832,428838.8727855433,4580785.576094563,428912.4155318111,4580828.713610274,82.68321365774469,-2.629395630998733,1,428875.6441586772,4580807.144852418,0,1949.0,20821.0,36
10834,428861.3917997463,4580713.719517907,428978.3566352495,4580761.367043625,124.25837050434087,0.3692751415511379,1,428919.8742174979,4580737.543280765,0,1949.0,20821.0,36
10837,428882.5118229727,4580655.814408215,429034.24505115225,4580707.883261826,158.63064227175346,-2.8261251004296404,1,428958.3784370625,4580681.84883502,0,1949.0,20821.0,36
11022,427908.0665176565,4581814.210840098,427993.12714780273,4581903.664557497,117.44824114099887,2.3283180148106544,2,427950.59683272964,4581858.937698797,0,1945.0,20826.0,3
11023,427902.9855933051,4581809.936687459,427987.3981210565,4581898.703510023,116.5038543974576,-0.8132646114050565,2,427945.1918571808,4581854.320098741,0,1945.0,20826.0,3
11047,428008.0926628776,4582504.647445794,428078.654428128,4582516.80331404,70.53541510220384,-0.002210204384634,4,428043.3735455028,4582510.725379918,2,1945.0,20829.0,6
11068,427797.9283412326,4581732.946175774,427991.9453955912,4581753.953575901,193.6683190905425,-3.0949991363940206,4,427894.9368684119,4581743.449875837,0,1944.0,20826.0,1
11073,427799.42302465695,4581710.305933108,427854.5950820118,4581719.732759432,55.10395584109863,-0.0077508217153057,3,427827.00905333436,4581715.01934627,0,1944.0,20825.0,0
11074,427799.2903872654,4581720.770478657,427958.9448516968,4581730.606424948,159.609510223068,0.0052382441981164,3,427879.11761948105,4581725.688451802,0,1944.0,20826.0,1
11095,428051.5433472722,4582567.699799684,428082.4961932816,4582597.318658025,30.884195094336093,2.406165612182601,4,428067.0197702769,4582582.509228854,2,1945.0,20829.0,6
11096,428053.9574187397,4582601.976893664,428072.11110236286,4582616.613658177,17.726050809149744,-2.569895325749876,2,428063.03426055127,4582609.295275921,2,1945.0,20830.0,7
11097,427991.5398173588,4582597.250018356,428045.50429964927,4582640.609320991,57.76136653295643,2.520808664551684,4,428018.52205850405,4582618.929669674,2,1945.0,20830.0,7
11098,428878.8177728413,4583290.564237904,428935.48896044056,4583366.319413228,80.68077100952534,2.149266286721093,5,428907.1533666409,4583328.441825566,2,1949.0,20833.0,48
11100,428930.1595372201,4583255.090680636,428955.50709007535,4583283.010534671,23.548451894654672,2.1417809988449124,5,428942.8333136477,4583269.050607653,2,1949.0,20833.0,48
11101,428950.4561975435,4583225.168148212,428975.6978697119,4583252.568630211,22.932595059791083,2.1625515489720573,5,428963.07703362766,4583238.868389212,2,1949.0,20832.0,47
11102,428783.2341244489,4583136.132473035,428875.84462355817,4583202.550731314,105.5769087024769,0.592431201097567,3,428829.53937400354,4583169.341602175,2,1949.0,20832.0,47
11104,428870.6739410109,4583195.186339393,428893.9798538869,4583215.61488263,22.2936246910158,0.6317428659243438,3,428882.32689744886,4583205.400611011,2,1949.0,20832.0,47
11105,429012.8480206027,4583289.064523282,429026.7404751598,4583302.401644273,10.7550461261174,0.5597445201802901,3,429019.7942478813,4583295.733083777,2,1950.0,20833.0,62
11106,428759.7604698202,4583209.038111429,428808.7727999697,4583281.66971124,84.86321274340314,2.1507367709840164,1,428784.26663489494,4583245.353911335,2,1949.0,20832.0,47
11107,428760.23278378136,4583168.709580138,428809.49205428927,4583204.758166716,55.42872963597158,-2.5463244677741024,2,428784.8624190353,4583186.733873427,2,1949.0,20832.0,47
11108,428745.3458028812,4583171.882736291,428754.2998613053,4583183.000081781,11.432092432398775,-0.9678193090190726,1,428749.8228320932,4583177.4414090365,2,1948.0,20832.0,35
11115,428639.08552715526,4583113.316904706,428666.6839662348,4583170.10749002,60.87311054516164,1.9914867644527008,1,428652.88474669505,4583141.712197363,2,1948.0,20832.0,35
11120,428389.9083441491,4582830.267471667,428487.4630253925,4582916.979518962,124.56950320472508,0.7206913663007102,2,428438.6856847708,4582873.623495314,2,1947.0,20831.0,24
11121,428375.5250892954,4582857.184167456,428459.1995942503,4582934.228710367,107.7663095255629,-2.402278021140809,2,428417.3623417729,4582895.706438912,2,1947.0,20831.0,24
11122,428491.01884138,4582873.288604033,428503.3974537727,4582912.567447551,39.16449993594264,1.5804780725058931,4,428497.20814757637,4582892.928025791,2,1947.0,20831.0,24
11123,428358.9003536329,4582942.305693037,428375.53745213366,4582957.61931888,16.349850536795348,-0.0193552351909876,5,428367.2189028833,4582949.962505959,2,1947.0,20831.0,24
11127,428490.5253548883,4582984.210160696,428508.8502093701,4583079.5101939645,94.70846421870606,1.5036783042675297,4,428499.68778212916,4583031.860177331,2,1947.0,20831.0,24
11128,428662.86711805634,4583079.595539734,428689.5295401793,4583097.779717345,27.07751663119592,2.644603642925349,2,428676.19832911785,4583088.687628539,2,1948.0,20832.0,35
11129,428710.32743073953,4583087.513485513,428753.7879315763,4583121.218803473,46.51112424221628,0.6004547199131934,3,428732.05768115795,4583104.366144493,2,1948.0,20832.0,35
11130,428763.5563303919,4583143.395314674,428780.2661239001,4583166.008596803,25.305708970231787,-0.9736529209737816,1,428771.911227146,4583154.7019557385,2,1948.0,20832.0,35
11131,428748.7030078935,4583113.79269004,428760.1684425651,4583125.587690936,7.733162216960621,0.6003916635045214,3,428754.4357252293,4583119.6901904885,2,1948.0,20832.0,35
11132,428629.1732119757,4583026.297101296,428693.9011813076,4583077.365527688,73.80528877185466,0.6357980709541736,3,428661.5371966417,4583051.831314491,2,1948.0,20832.0,35
11133,428376.21802887967,4582940.093465875,428449.2084571183,4582957.096502422,72.6032042526495,-0.0276714422861526,5,428412.713242999,4582948.594984149,2,1947.0,20831.0,24
11229,428229.9126461641,4582745.830797955,428237.0761788687,4582939.855772153,194.00527734915377,1.5493301906489312,1,428233.4944125164,4582842.843285054,2,1946.0,20831.0,15
11230,428226.8680643657,4582743.362160103,428232.79941920855,4582939.919300011,196.5342562241032,-1.5857138145914955,1,428229.8337417871,4582841.640730057,2,1946.0,20831.0,15
12055,428962.3287622338,4583456.059925085,429130.61720159935,4583545.284316664,185.60791814756507,2.6727246027430107,2,429046.47298191657,4583500.672120875,2,1950.0,20834.0,63
12077,429105.8503870604,4583359.690817638,429126.65961937787,4583382.756330113,19.71040515962032,-0.993823136792489,4,429116.2550032191,4583371.223573876,2,1950.0,20833.0,62
12078,429173.3416647408,4583461.123712448,429180.38743555103,4583486.912828716,25.638608836337,1.7307718346567114,1,429176.8645501459,4583474.018270582,2,1950.0,20833.0,62
12079,429131.7902396277,4583461.293901608,429141.5388618518,4583482.313416749,20.247143255396097,-1.3790491689716995,2,429136.66455073975,4583471.803659178,2,1950.0,20833.0,62
12080,428936.23332142935,4583286.425734975,428978.70531858574,4583318.811467264,42.447240678097366,-2.5926347700861,4,428957.46932000754,4583302.618601119,2,1949.0,20833.0,48
12082,429217.13933520816,4583347.932890358,429253.94203403854,4583369.410622378,36.24337923091941,-0.4889726502851513,3,429235.54068462335,4583358.671756368,2,1951.0,20833.0,75
12084,429212.7501212093,4583332.049726653,429250.2196204886,4583357.981571947,40.16694990844286,-0.5442897802542883,2,429231.48487084894,4583345.0156493,2,1951.0,20833.0,75
12085,429229.6993213286,4583378.432821458,429250.4011655143,4583392.186885439,20.014762199175745,2.714348803226612,2,429240.05024342146,4583385.3098534485,2,1951.0,20833.0,75
12086,429223.5541744232,4583358.492703923,429254.0175438859,4583382.969790532,30.79786958785792,2.4830504179266137,3,429238.78585915454,4583370.731247228,2,1951.0,20833.0,75
12103,429096.66809672886,4583396.017226134,429106.7402441391,4583410.2262315815,13.520373899246716,-1.6524007018995122,3,429101.704170434,4583403.121728858,2,1950.0,20833.0,62
12117,429273.1705854608,4583383.13854399,429308.0495343496,4583394.589248463,35.20280428251783,0.2450487580221781,1,429290.6100599052,4583388.8638962265,2,1951.0,20833.0,75
12120,429271.71793586033,4583386.5471587535,429307.7845901172,4583398.658721475,36.490630632077306,-2.886477503677709,1,429289.7512629888,4583392.602940114,2,1951.0,20833.0,75
12282,429972.1396796564,4583029.546185612,429987.51294862246,4583093.735675614,64.1031745624357,-1.5766232726722906,5,429979.8263141394,4583061.6409306135,2,1954.0,20832.0,103
12285,429567.718482848,4583234.934366813,429580.8139348424,4583370.076706622,135.0494129749314,-1.5789108314438614,4,429574.2662088452,4583302.505536717,2,1952.0,20833.0,85
12349,429715.79682990286,4583055.154976837,429863.5063586448,4583133.689411888,160.0852481937011,2.6858870649913325,3,429789.65159427386,4583094.422194363,2,1953.0,20832.0,93
12351,429715.6605154127,4583052.395179333,429846.1604750138,4583123.621224366,141.37818760461315,-0.4632388666267746,3,429780.91049521323,4583088.00820185,2,1953.0,20832.0,93
12352,429874.59322480025,4583023.071097512,429970.42159494216,4583075.788186334,104.4648246771262,2.670962228583408,2,429922.5074098712,4583049.429641923,2,1954.0,20832.0,103
12353,429715.7024794244,4583038.312306755,429841.028597482,4583103.428305336,136.46233918157353,-0.4529699492451324,2,429778.3655384532,4583070.870306046,2,1953.0,20832.0,93
12354,429716.18594252993,4583078.386365314,429860.3505431086,4583156.065816515,158.85800068574812,2.6688159275751344,2,429788.26824281923,4583117.226090915,2,1953.0,20832.0,93
12355,429719.8162214272,4583157.229533175,429856.8038486733,4583166.704549126,136.9990235331822,0.0473053654001252,1,429788.31003505026,4583161.967041151,2,1953.0,20832.0,93
12356,429861.25848816265,4583084.274309103,429870.2475437093,4583159.565065887,75.11129415689618,1.6106653885218174,2,429865.753015936,4583121.919687495,2,1953.0,20832.0,93
12758,429252.8751069258,4583397.318925298,429263.4002848903,4583487.353101804,89.8943107846795,-1.5877779241225094,3,429258.1376959081,4583442.336013551,2,1951.0,20833.0,75
12830,429581.7655530322,4583136.387485641,429700.54135854,4583202.147193426,128.4320341702659,2.675477607499793,3,429641.1534557861,4583169.267339533,2,1952.0,20832.0,84
12831,429261.8201449312,4583269.621948458,429430.9655226147,4583360.380963684,184.6728911027145,2.677194394367892,3,429346.39283377293,4583315.001456071,2,1951.0,20833.0,75
12832,429445.3409276649,4583202.461243574,429567.4515279553,4583267.555341697,131.22218536268835,2.6923544868175173,3,429506.39622781007,4583235.008292636,2,1952.0,20832.0,84
12833,429602.3093990925,4583157.950212615,429700.6228211567,4583211.724034248,107.16545201441136,2.672770253473132,2,429651.4661101246,4583184.837123431,2,1952.0,20832.0,84
12834,429510.953735236,4583227.124778353,429563.3062355697,4583256.688984649,55.29144145128973,2.689224243202548,2,429537.12998540286,4583241.906881501,2,1952.0,20832.0,84
12835,429444.7467843903,4583256.044269266,429501.55345302576,4583289.882953088,61.078370455776565,2.655511272387361,2,429473.150118708,4583272.963611176,2,1952.0,20833.0,85
12836,429265.2747642338,4583289.593172791,429432.15478382766,4583375.71942356,183.00728234855205,2.684663517457179,2,429348.7147740307,4583332.656298175,2,1951.0,20833.0,75
12837,429258.6789795262,4583304.191395373,429302.2985783334,4583332.193960837,46.62597018880655,-0.5101154777683979,2,429280.4887789298,4583318.192678105,2,1951.0,20833.0,75
12838,429309.6205380691,4583241.061868065,429429.6911542681,4583304.673831501,131.05467569566932,-0.4604720851274186,2,429369.65584616864,4583272.867849783,2,1951.0,20833.0,75
12839,429444.4163840398,4583224.98864051,429466.0245047858,4583239.958437097,21.194676256821896,-0.4713364094110936,2,429455.2204444128,4583232.473538803,2,1952.0,20832.0,84
12840,429485.631491932,4583175.421828384,429565.5520109237,4583219.215428165,86.27595092135222,-0.4615445542951855,2,429525.59175142786,4583197.318628274,2,1952.0,20832.0,84
12841,429581.9938193716,4583104.531186033,429701.02489197976,4583170.088212531,130.94501920212218,-0.4779494243750354,2,429641.50935567566,4583137.309699282,2,1952.0,20832.0,84
12842,429259.6404839151,4583259.896060521,429431.00402213313,4583351.022862402,186.84212208118123,-0.4606984570337133,3,429345.3222530241,4583305.459461462,2,1951.0,20833.0,75
12843,429444.8252581074,4583192.033122916,429567.831095015,4583258.009128694,132.3941805677054,-0.4524742374250373,3,429506.32817656116,4583225.021125805,2,1952.0,20832.0,84
12844,429580.7154333916,4583126.079476182,429700.8092242647,4583192.241846943,129.8008094812181,-0.4642173303336199,3,429640.76232882816,4583159.160661563,2,1952.0,20832.0,84
12846,429165.6371395081,4583491.326347248,429175.8287048411,4583530.990421438,39.78263949903924,1.7538482386126597,1,429170.7329221746,4583511.158384343,2,1950.0,20834.0,63
12847,429122.149482346,4583487.678011404,429136.3070453896,4583528.653145503,40.605041397411405,-1.3653461819707189,2,429129.2282638678,4583508.165578454,2,1950.0,20834.0,63
13188,429434.8750486236,4583295.883969152,429442.8245390344,4583381.233647988,85.2346692580132,1.5479038467675252,2,429438.849793829,4583338.558808571,2,1951.0,20833.0,75
13189,429505.040539064,4583261.2748562265,429508.4774790806,4583371.926837751,110.64099625261656,1.574745717741884,1,429506.7590090723,4583316.600846989,2,1952.0,20833.0,85
13212,429010.7344209154,4580714.523712052,429042.9781014426,4580746.520446186,36.425753568222895,-0.7790312043683961,3,429026.856261179,4580730.522079119,0,1950.0,20821.0,50
13213,429028.1663250202,4580682.686917732,429098.5897403247,4580752.376618533,90.0769630387815,2.36259357103087,3,429063.37803267245,4580717.531768132,0,1950.0,20821.0,50
13214,429091.44646182907,4580655.065235093,429104.23541561066,4580667.852798595,9.08649699338288,-0.7740324784225399,3,429097.84093871986,4580661.459016845,0,1950.0,20821.0,50
13215,428884.87909860647,4580834.82690089,428923.3342108102,4580872.947682486,45.148491765540456,-0.7788582190112521,3,428904.10665470833,4580853.8872916885,0,1949.0,20822.0,37
13216,428741.5835762796,4580990.002580276,428772.48147492285,4581021.1046683695,34.84129538429591,-0.7909855186184745,3,428757.0325256012,4581005.553624323,0,1948.0,20822.0,25
13217,428642.169798356,4581054.825106666,428702.8220888198,4581115.717794226,76.94554714693493,-0.7878999696318733,3,428672.4959435879,4581085.271450446,0,1948.0,20823.0,26
13218,428474.31764310354,4581220.025718967,428538.62074964365,4581284.10760278,81.78210695917764,-0.7832488959929298,3,428506.4691963736,4581252.066660874,0,1947.0,20823.0,16
13219,428359.6590277907,4581324.879890237,428435.9748364968,4581402.056285108,99.53782963709996,-0.7921194521395023,3,428397.81693214376,4581363.468087673,0,1947.0,20824.0,17
13221,428210.4556648829,4581434.868106272,428332.58845543646,4581555.231356122,162.4762934640838,-0.7772453206042508,3,428271.5220601597,4581495.049731197,0,1946.0,20824.0,8
13222,428081.1885461853,4581576.425371013,428193.557918942,4581687.52587283,149.02030792165266,-0.7789902830049675,3,428137.37323256367,4581631.975621922,0,1946.0,20825.0,9
13223,428090.2125209263,4581583.538168311,428202.4830700419,4581692.447507163,147.4208584140939,2.3733656838853645,3,428146.3477954841,4581637.992837736,0,1946.0,20825.0,9
13224,428221.1390400328,4581443.245817883,428340.5866024474,4581560.969285687,158.7108044011047,2.3643377398978886,3,428280.8628212401,4581502.107551785,0,1946.0,20825.0,9
13225,428367.9576321859,4581325.648557399,428452.1797035613,4581410.841627146,110.79732005918908,2.3494496688338824,3,428410.0686678736,4581368.245092273,0,1947.0,20824.0,17
13226,428493.15921233856,4581181.818620708,428597.54052683874,4581285.817588978,138.3474328827751,2.35828467322117,3,428545.3498695886,4581233.818104843,0,1947.0,20823.0,16
13227,428629.1826364859,4581045.174815785,428731.4600605797,4581147.9030506285,135.96134853466913,2.353683712880469,3,428680.3213485328,4581096.538933206,0,1948.0,20823.0,26
13229,428759.61804691766,4580997.682403229,428786.587076537,4581024.813748557,29.25535614381401,2.350528080192078,3,428773.10256172734,4581011.248075893,0,1948.0,20822.0,25
13230,428899.9523983568,4580778.758498387,429003.6091907612,4580881.224934671,136.7542962733243,2.362783035538904,3,428951.78079455905,4580829.991716529,0,1949.0,20821.0,36
13231,429094.5404886906,4580669.111290887,429113.41177215154,4580687.837058426,17.587038511978726,2.3681774057650444,3,429103.97613042104,4580678.474174656,0,1950.0,20821.0,50
13232,430333.2785619802,4581442.306864742,430492.72484183655,4581505.307664362,164.00237004778472,2.821458924739103,4,430413.00170190836,4581473.8072645515,3,1956.0,20824.0,114
13233,430504.8229112194,4581398.287336976,430519.98454551486,4581423.149066009,24.764160156670314,-1.5642563823996485,5,430512.4037283671,4581410.718201492,3,1956.0,20824.0,114
13234,430626.1407225537,4581402.314688138,430647.8478055135,4581440.331621147,37.2589326561185,1.2057830516694872,3,430636.9942640336,4581421.323154642,3,1957.0,20824.0,123
13235,430502.1934655063,4581459.588756536,430517.8658217504,4581562.542077234,102.85742187471736,-1.5642563823986233,5,430510.0296436284,4581511.065416886,3,1956.0,20825.0,115
13236,430638.259990604,4581458.353059137,430650.9257050543,4581560.261391447,101.83203125028994,1.5773362711897017,4,430644.59284782916,4581509.307225293,3,1957.0,20825.0,124
13237,430660.8059516424,4581574.853880538,430767.7872399234,4581581.55315725,106.94433593749548,0.0065399443958117,2,430714.29659578286,4581578.203518894,3,1957.0,20825.0,124
13238,430532.1804323855,4581574.512675494,430631.6364909746,4581581.162736921,99.41894531248396,0.0065399443895115,2,430581.90846168005,4581577.837706207,3,1957.0,20825.0,124
13239,430924.69243195246,4581255.708183333,431040.7035224098,4581301.346818775,119.1289615348202,2.825023037936679,3,430982.6979771811,4581278.527501054,3,1959.0,20823.0,140
13240,430788.76067065215,4581299.5476261,430901.670566688,4581344.167286948,115.86484461691444,2.825049386253914,3,430845.2156186701,4581321.857456524,3,1958.0,20824.0,132
13242,430633.3638659121,4581343.462476811,430772.4074645119,4581396.642606743,143.36487269863994,2.825048143098165,3,430702.885665212,4581370.0525417775,3,1957.0,20824.0,123
13243,430527.3738515577,4581398.198050805,430612.16412209446,4581436.149354529,85.29193508205951,2.8250813081514274,4,430569.76898682606,4581417.173702667,3,1957.0,20824.0,123
13244,431056.2436182584,4581217.826349962,431169.1846943754,4581260.608748061,115.45351200333992,2.8409838320276246,3,431112.7141563169,4581239.217549011,1,1959.0,20823.0,140
13245,431847.723857972,4581326.877753724,431857.3988716294,4581430.178545516,103.24414062469226,1.5773362711906442,3,431852.56136480067,4581378.52814962,1,1962.0,20824.0,170
13246,431845.61235118215,4581454.273498972,431858.07732142654,4581525.487175211,71.1367187496564,1.577336271189929,4,431851.8448363043,4581489.880337091,1,1962.0,20824.0,170
13249,431167.1405659637,4581318.640142882,431179.910296083,4581436.452920219,117.73681640684954,-1.564256382399846,4,431173.5254310233,4581377.546531551,1,1959.0,20824.0,141
13250,431181.6110867487,4581318.57805126,431191.3827554968,4581436.657823865,118.02343749919838,1.5773362711900378,3,431186.4969211228,4581377.617937563,1,1959.0,20824.0,141
13251,431168.6373711815,4581226.284673003,431181.1080670298,4581298.3738188,72.01220703022979,-1.564256382399288,4,431174.8727191057,4581262.329245901,1,1959.0,20823.0,140
13252,431182.3145979946,4581224.094233309,431191.893372841,4581297.453050203,73.28999650000328,1.562895360619779,3,431187.1039854178,4581260.773641756,1,1959.0,20823.0,140
13253,432270.1343395922,4581776.78134102,432380.5739982002,4581835.608386565,120.30078683308156,-0.4604130896552802,2,432325.3541688962,4581806.1948637925,1,1965.0,20826.0,199
13254,432200.052215949,4581845.8399597,432242.9587740147,4581871.75375688,45.13333633102265,-0.4733116469197677,2,432221.5054949819,4581858.79685829,1,1964.0,20826.0,191
13255,432263.3728373182,4581810.411211718,432383.4993478848,4581873.823616598,131.02210190255747,2.6827333547570165,2,432323.4360926015,4581842.117414158,1,1965.0,20826.0,199
13256,432199.9635121325,4581877.8667948935,432248.2287458463,4581909.2364142295,49.88078576712586,2.652762811571906,3,432224.0961289894,4581893.5516045615,1,1964.0,20826.0,191
13257,432132.5096198423,4581905.606815702,432195.5014092716,4581944.951035283,66.61694980164937,2.6506469675041147,3,432164.00551455695,4581925.278925492,1,1964.0,20826.0,191
13258,432536.51946861553,4582134.437988199,432644.7018524687,4582151.898299139,107.8678621480999,3.118745811650243,5,432590.61066054215,4582143.168143669,1,1966.0,20827.0,207
13310,428167.2510505466,4581742.33746574,428206.5296851417,4581748.59396455,39.24023437497029,0.0065399444065012,2,428186.89036784414,4581745.465715145,0,1946.0,20826.0,10
13311,427937.79004552617,4581708.3849076815,427958.49770724407,4581718.540074292,20.220687920747423,-0.0579063285090632,3,427948.1438763851,4581713.462490987,0,1945.0,20825.0,2
13312,427957.4951226922,4581706.579681138,427967.9793489945,4581717.18734747,8.840952210729178,-0.204471172200256,3,427962.7372358433,4581711.883514304,0,1945.0,20825.0,2
13313,427965.9597867544,4581700.821606614,427985.9276678382,4581715.101010625,18.040441976704187,-0.3243024543512571,3,427975.9437272963,4581707.961308619,0,1945.0,20825.0,2
13314,427982.9451085564,4581695.714689798,427997.1254512639,4581708.916050032,11.301711194008664,-0.4799166910103902,3,427990.0352799102,4581702.315369915,0,1945.0,20825.0,2
13315,428074.1760227026,4581781.4158993885,428093.8039517881,4581801.270942418,13.01003829922686,-2.4369843075250275,5,428083.98998724535,4581791.343420903,0,1945.0,20826.0,3
13325,427992.854249965,4581690.829268984,428005.9495145914,4581703.618040142,9.881859127041194,-0.537096946981113,3,427999.4018822782,4581697.223654563,0,1945.0,20825.0,2
13414,431863.5914249682,4581575.1415674845,431975.8817178313,4581583.317306987,112.194997958789,-0.0194037669478512,2,431919.7365713997,4581579.229437236,1,1963.0,20825.0,181
13416,429045.7869278062,4581041.038217876,429076.7053896279,4581047.240040841,30.879882812531925,0.0065399443822229,2,429061.2461587171,4581044.139129358,0,1950.0,20822.0,51
13417,429050.70112173166,4580905.597489051,429102.9599474846,4580911.938878798,52.22070312491692,-3.135052709210409,2,429076.8305346081,4580908.768183924,0,1950.0,20822.0,51
13418,428913.0578308628,4580902.120581487,429020.2754422149,4580908.821403761,107.1806640625172,-3.1350527091967963,2,428966.66663653887,4580905.470992625,0,1949.0,20822.0,37
13419,429047.2877615341,4580770.0422378285,429097.9665429528,4580776.373294028,50.6406250000376,0.0065399444008882,2,429072.62715224345,4580773.2077659285,0,1950.0,20821.0,50
13420,429030.825893309,4580917.932036285,429037.56052315055,4581030.318970681,112.3500976570808,-1.5642563824002695,2,429034.1932082298,4580974.125503483,0,1950.0,20822.0,51
13421,429031.6165226512,4580782.1427912805,429038.3499550017,4580894.346624123,112.16699218783472,-1.5642563823999565,2,429034.98323882645,4580838.244707702,0,1950.0,20821.0,50
13494,432146.790180987,4581706.212569959,432241.5988780264,4581712.832237466,94.77148437502136,0.0065399443941939,2,432194.1945295067,4581709.522403713,1,1964.0,20825.0,190
13495,432150.4844234088,4581744.777953695,432236.5725149573,4581748.340780583,86.07031249994027,-3.1350527091907003,1,432193.528469183,4581746.559367139,1,1964.0,20826.0,191
13574,430503.67399067496,4581210.382673172,430517.5414283268,4581376.810385911,166.2238320006476,-1.5479011382306822,4,430510.6077095009,4581293.596529542,3,1956.0,20824.0,114
13584,431327.6349257904,4581041.369100561,431437.0563010302,4581050.5422198335,109.37074243430718,3.130245245519644,3,431382.34561341035,4581045.955660198,1,1960.0,20822.0,149
13585,431183.81596401066,4581176.955608802,431197.2796501426,4581206.928151418,30.261109590096638,2.064362465445217,2,431190.5478070766,4581191.941880111,1,1959.0,20823.0,140
14059,427993.0213707933,4581701.3968738485,428016.7214961875,4581740.803155378,35.35513761935349,-0.9808162329354664,6,428004.8714334904,4581721.100014614,0,1945.0,20826.0,3
14060,428000.9844322795,4581748.549182162,428059.3229365668,4581784.451775375,59.07864645480248,-2.0928578342042794,6,428030.15368442313,4581766.500478769,0,1945.0,20826.0,3
14061,428068.36567201087,4581730.898700311,428103.3647187959,4581775.512799623,44.93860615914235,2.3032069849132206,6,428085.8651954034,4581753.205749967,0,1945.0,20826.0,3
14062,428078.3979847684,4581696.481659425,428102.6239953264,4581725.866951392,25.53028360843087,1.3613502053940687,6,428090.51099004736,4581711.174305409,0,1945.0,20825.0,2
14063,428037.2065918527,4581672.837416639,428078.5333155815,4581699.194316258,38.60346888910588,0.3617539009311195,6,428057.8699537171,4581686.015866448,0,1945.0,20825.0,2
14064,427997.56024217984,4581785.077245247,428059.81295678753,4581811.626536089,65.160079159856,2.385124379756819,2,428028.6865994837,4581798.351890668,0,1945.0,20826.0,3
14065,427988.1045686252,4581757.827479554,428000.167428075,4581804.899425693,46.629284065864255,-1.5084228672500497,2,427994.1359983501,4581781.363452624,0,1945.0,20826.0,3
14066,428099.93785422656,4581746.250956416,428160.2162836676,4581793.86364488,88.59443613951603,-0.0417559310548811,1,428130.0770689471,4581770.057300648,0,1946.0,20826.0,10
14067,428096.3090777835,4581692.951383288,428228.162868588,4581713.588182236,133.99839424693477,-0.0476692280844782,1,428162.23597318574,4581703.269782762,0,1946.0,20825.0,9
14068,428208.7243643667,4581733.98924295,428231.1443586285,4581747.763021121,21.97210736349661,-0.5298311235468691,2,428219.9343614976,4581740.876132036,0,1946.0,20826.0,10
14069,428208.1375797002,4581747.597863839,428231.5559077425,4581767.527947144,27.88488627880653,0.7356614352633705,1,428219.8467437214,4581757.562905491,0,1946.0,20826.0,10
14070,428102.45793106296,4581724.051457257,428161.748874629,4581746.382414172,60.6294405656006,0.0595238920211607,2,428132.10340284597,4581735.216935715,0,1946.0,20826.0,10
14172,429110.3776809349,4583425.159597006,429140.1619726919,4583453.984284075,26.85193851638909,-2.290600548320469,5,429125.26982681337,4583439.57194054,2,1950.0,20833.0,62
14173,429177.48885167495,4583395.234712423,429226.6318560732,4583456.352414623,67.71416254022171,2.463909792872217,5,429202.0603538741,4583425.793563522,2,1950.0,20833.0,62
14656,428366.2587690068,4582957.175109569,428454.73963864055,4583035.810667704,109.5182300944461,2.395988882793876,3,428410.4992038237,4582996.492888637,2,1947.0,20831.0,24
14658,428521.4421289486,4582989.339484544,428658.5549422638,4583099.448444527,170.02255477867686,-2.4758001022096936,2,428589.9985356062,4583044.393964535,2,1948.0,20832.0,35
14659,428671.997428284,4583107.252521056,428754.0247492585,4583168.467400868,96.66246579927645,-2.534372533965239,2,428713.0110887713,4583137.859960962,2,1948.0,20832.0,35
14661,428558.4145198595,4583102.642847567,428658.0544090997,4583152.508675794,106.82463899158311,2.7219935193043896,2,428608.2344644796,4583127.5757616805,2,1948.0,20832.0,35
14664,428672.2303408391,4583174.890731412,428746.8929506676,4583183.92393464,74.79735067978775,-0.2093046582419678,1,428709.56164575333,4583179.407333026,2,1948.0,20832.0,35
14665,428814.5915932463,4583205.244883226,428924.12127870834,4583283.578054285,129.03911343123065,-2.5462858258418946,2,428869.35643597733,4583244.411468755,2,1949.0,20832.0,47
14666,428897.1813442119,4583214.498406527,428943.0494589757,4583249.302593467,49.17135756234482,0.579187435504464,3,428920.11540159385,4583231.900499997,2,1949.0,20832.0,47
14667,428972.4265812608,4583308.584938747,429099.51805551554,4583388.436170192,139.53983945697053,-2.5894037615003223,4,429035.9723183882,4583348.51055447,2,1950.0,20833.0,62
14669,428959.36534297565,4583255.278074696,429017.6266222459,4583296.691119268,63.24496436266125,0.5597115112507574,3,428988.49598261074,4583275.984596982,2,1949.0,20833.0,48
14671,429034.3466117562,4583301.480692889,429122.52024881705,4583356.175765942,95.98486096269156,0.5356569350299397,3,429078.4334302866,4583328.828229415,2,1950.0,20833.0,62
14913,431430.9521602395,4581180.632428113,431447.9304040601,4581301.478658509,120.65360772422444,-1.6351253764100908,2,431439.4412821498,4581241.055543311,1,1961.0,20823.0,160
14914,431431.5475678998,4581058.544924556,431454.6594258133,4581162.893540282,105.42049911667868,-1.33569345589753,2,431443.1034968565,4581110.7192324195,1,1961.0,20823.0,160
14920,428120.9853212428,4582549.719353264,428163.3887306137,4582596.657636493,78.97142312112524,0.9546461437207094,1,428142.1870259283,4582573.188494879,2,1946.0,20829.0,13
16430,429985.9397967669,4582955.306386706,430042.6573727616,4582990.303046731,59.13473161245303,-0.4704646577297512,3,430014.29858476424,4582972.804716719,2,1954.0,20831.0,102
16442,430166.9713256132,4582816.909125162,430318.80749941134,4582902.360894282,166.7146140888319,-0.6295261021605674,3,430242.8894125123,4582859.635009723,3,1955.0,20831.0,112
16613,430169.4049123817,4582830.784839353,430329.4218939795,4582911.070912714,172.25137884373146,2.6708297236229903,3,430249.4134031806,4582870.927876033,3,1955.0,20831.0,112
16615,430370.2471075566,4582836.970295356,430381.6509375144,4582940.7981167175,103.63878739642796,1.5407713477170806,3,430375.94902253547,4582888.884206036,3,1956.0,20831.0,121
16631,430921.1289833072,4582811.663639203,431035.7645824954,4582824.412590458,114.5595703124692,-3.135052709157093,4,430978.4467829013,4582818.038114831,3,1958.0,20830.0,138
16632,431601.5281000436,4582946.507079852,431700.82534602616,4582956.61231535,99.20320123431546,0.0111130832242971,3,431651.1767230349,4582951.559697601,1,1962.0,20831.0,177
16633,431156.1475094591,4582834.065248921,431165.8040849476,4582934.546765068,100.42480468756948,-1.5642563823983937,3,431160.97579720337,4582884.306006994,3,1959.0,20831.0,148
16634,431198.9217982261,4582835.007580755,431208.2011726207,4582934.38420394,99.29896775335844,1.559408195010919,3,431203.56148542336,4582884.695892347,3,1960.0,20831.0,158
16664,432398.9830476054,4581653.580753341,432439.0749984111,4581707.2766304575,56.23481376836527,-0.897775831459028,4,432419.02902300825,4581680.428691899,1,1965.0,20825.0,198
16665,432530.7048410053,4581623.392250833,432615.2541103906,4581656.851658659,85.93145229230971,0.495774511332105,4,432572.97947569797,4581640.121954747,1,1966.0,20825.0,205
16666,432625.26845953474,4581729.911015119,432646.81439971767,4581770.482564893,39.9581123897785,2.0074173905608816,4,432636.0414296262,4581750.196790006,1,1966.0,20826.0,206
16667,432627.01635516336,4581678.807834156,432645.54718611634,4581710.802051102,30.19200959965871,1.3816121595258877,4,432636.2817706398,4581694.804942628,1,1966.0,20825.0,205
16668,432530.0978048888,4581809.320427103,432580.58531068073,4581828.090260009,49.23320430493988,3.028099236593808,4,432555.34155778476,4581818.705343556,1,1966.0,20826.0,206
16669,432543.6230005245,4581645.184593293,432571.1689201884,4581666.16957702,25.42930023776127,0.4761266415742271,4,432557.39596035646,4581655.677085157,1,1966.0,20825.0,205
16670,432426.2987922282,4581644.098846747,432539.6110587616,4581704.6629155455,127.52643836338126,0.0081305960759362,3,432482.9549254949,4581674.380881146,1,1965.0,20825.0,198
16671,432154.60312886816,4581696.979866947,432430.93772814015,4581724.511797739,277.64207976205034,-0.4561867353372915,3,432292.77042850415,4581710.745832343,1,1964.0,20825.0,190
16694,432538.236722381,4581723.252554289,432703.8681840915,4581804.232015133,184.4045489716504,2.9502853302305154,3,432621.0524532363,4581763.742284711,1,1966.0,20826.0,206
16695,432495.91339149215,4581790.407587335,432527.5656371407,4581805.456449051,30.757913312860605,-2.951338088220709,4,432511.73951431643,4581797.932018193,1,1965.0,20826.0,199
16696,432152.7699822704,4581729.625365125,432490.6368536133,4581798.468677297,355.7468413623949,-3.13485039195787,3,432321.7034179418,4581764.047021211,1,1965.0,20826.0,199
16699,432580.4626854507,4581686.71556034,432593.47093805735,4581760.721548727,74.98997216526351,2.005708745500958,2,432586.96681175404,4581723.718554534,1,1966.0,20826.0,206
16700,432490.33683499735,4581653.771721347,432539.2000819531,4581664.775256398,48.68940933644736,-0.0126488564915149,2,432514.76845847524,4581659.273488873,1,1965.0,20825.0,198
16701,432647.4779832356,4581700.752098213,432722.1126481055,4581718.2258887775,76.15438320498157,-0.4389523751979306,2,432684.79531567055,4581709.488993496,1,1966.0,20825.0,205
16794,430910.4663174599,4582696.519284424,430916.8263449825,4582810.213316248,113.67169924178803,1.5696594559519983,2,430913.6463312212,4582753.366300336,3,1958.0,20830.0,138
16795,431044.389971422,4582694.143450018,431050.496054271,4582803.734114905,109.56402197892318,-1.562711012016773,2,431047.4430128465,4582748.938782461,3,1959.0,20830.0,147
16796,431158.44216876593,4582561.827244795,431164.9478865533,4582674.007258968,112.1392872450642,-1.5814779863015267,2,431161.69502765965,4582617.917251881,3,1959.0,20830.0,147
16797,431200.11801763147,4582562.210049907,431206.7480693556,4582677.707339529,115.46637741349598,1.5760922550171548,2,431203.43304349354,4582619.958694718,3,1960.0,20830.0,157
16799,431315.5140996581,4582568.729876611,431321.68153236026,4582677.318158274,108.56179722638235,1.5668201263067305,2,431318.5978160092,4582623.024017442,1,1960.0,20830.0,157
16800,431447.9407189819,4582564.576564894,431454.6683153134,4582666.187647517,101.5543749830688,-1.5859495434575226,2,431451.30451714766,4582615.382106205,1,1961.0,20830.0,167
16801,431581.9150579704,4582563.676039031,431588.470177477,4582676.822898961,113.11989392528386,1.5723527064715097,2,431585.1926177237,4582620.249468995,1,1961.0,20830.0,167
16802,431715.5599086174,4582560.875206418,431721.8554924487,4582674.277230778,113.36858374536624,-1.5675029170179235,2,431718.7077005331,4582617.576218598,1,1962.0,20830.0,176
16803,431728.5139643035,4582816.240947022,431866.5388913578,4582822.769413776,138.00345135946736,-3.138312438566261,2,431797.5264278306,4582819.505180399,1,1962.0,20830.0,176
16804,431735.43853572913,4582946.867459953,431862.8063049751,4582955.895706804,127.28937939579528,0.0069817512063929,3,431799.1224203521,4582951.381583378,1,1962.0,20831.0,177
16810,432436.2043431434,4581787.368723778,432514.9131228258,4581829.33969785,82.23578699094008,-2.593824676967772,4,432475.5587329846,4581808.354210814,1,1965.0,20826.0,199
16811,432268.72259613615,4581463.729359894,432386.46811092,4581585.706030475,163.5460239268869,0.7953488372434159,2,432327.59535352804,4581524.717695184,1,1965.0,20825.0,198
16844,430583.9148951935,4581385.707148235,430605.3617288997,4581397.954908846,20.60896613727655,0.3238120044677523,2,430594.6383120466,4581391.831028541,3,1957.0,20824.0,123
16845,430608.5999718463,4581373.306045433,430622.7900251048,4581389.853608063,14.0265820683857,1.126978704463337,3,430615.6949984756,4581381.579826748,3,1957.0,20824.0,123
16984,432450.3741918211,4581622.701309606,432515.4793835342,4581647.036203557,64.75546716109804,0.0056002513450179,4,432482.9267876777,4581634.868756581,1,1965.0,20825.0,198
16988,429129.8957182255,4583339.513407965,429160.2733344066,4583359.063811399,28.75205872062434,-0.1013186294990177,4,429145.08452631603,4583349.288609682,2,1950.0,20833.0,62
16989,429144.3867122451,4583444.067182591,429173.7576780265,4583460.33611068,28.186554747313718,-3.0063572032998347,5,429159.0721951358,4583452.201646635,2,1950.0,20833.0,62
16990,429174.9976772316,4583338.227435152,429207.2281090887,4583362.504626154,30.454323111349,0.6476197504318683,4,429191.1128931602,4583350.366030653,2,1950.0,20833.0,62
16994,429161.8829092781,4583230.938316942,429174.5500156916,4583335.844564164,104.69370792129148,-1.5627964969663015,4,429168.21646248485,4583283.391440554,2,1950.0,20833.0,62
16995,429164.3184624115,4581218.656224538,429173.8466811575,4581298.690375757,79.97760937366547,1.5786105403103,3,429169.0825717845,4581258.673300147,0,1950.0,20823.0,52
16996,429030.530166939,4581058.090977153,429037.0394452432,4581168.399028263,110.28393700227436,-1.5656157794182688,2,429033.7848060911,4581113.2450027075,0,1950.0,20823.0,52
16997,429300.6941336544,4581324.501555977,429307.5010293695,4581437.798774427,113.25854805916975,-1.5635275213959596,2,429304.09758151195,4581381.150165202,0,1951.0,20824.0,66
16998,429317.1602995916,4581440.897628141,429424.3215265328,4581451.258616103,107.05594091006893,0.0145436704009649,3,429370.74091306224,4581446.078122122,0,1951.0,20824.0,66
16999,429432.57700170326,4581460.302791509,429442.86131735495,4581569.332344178,108.95463681351572,1.5755634899335,3,429437.7191595291,4581514.817567844,0,1951.0,20825.0,67
17000,428544.7244692032,4582944.648222679,428617.3579625409,4582956.926990726,72.58334790310346,0.0057278143016058,4,428581.04121587204,4582950.787606703,2,1948.0,20831.0,34
17001,428895.61237387673,4583091.557235666,428902.5698226299,4583207.42436666,115.821706733859,-1.5626670330581032,2,428899.0910982533,4583149.490801163,2,1949.0,20832.0,47
17002,429028.8685737574,4583240.479686383,429038.3103672208,4583294.569072259,54.01656654522623,-1.5602415298192749,3,429033.58947048907,4583267.52437932,2,1950.0,20833.0,62
17003,429967.7776290571,4581518.855767997,429983.7804128995,4581610.432940593,91.37832016010998,-1.5657297477140442,5,429975.7790209783,4581564.644354295,3,1954.0,20825.0,96
17004,430314.0296958338,4581383.362694032,430320.212084714,4581495.426126996,112.00966346690362,1.55738282311269,2,430317.1208902739,4581439.394410513,3,1955.0,20824.0,105
17005,430304.7291917818,4581383.195710023,430310.8366856645,4581499.503991018,116.2508305755224,1.5543052052574895,2,430307.7829387231,4581441.3498505205,3,1955.0,20824.0,105
17006,430192.8226139073,4581510.020152929,430299.25309700734,4581557.582919572,107.07119108441464,2.817156210779817,5,430246.0378554573,4581533.801536251,3,1955.0,20825.0,106
17007,430338.25246271904,4581573.502645837,430494.7468676239,4581580.475981487,156.46192953658954,0.0063525195087429,2,430416.4996651715,4581576.989313662,3,1956.0,20825.0,115
17008,430328.2302142615,4581590.455409161,430337.7426781317,4581695.70881201,105.3812534450928,1.474637341508566,1,430332.98644619656,4581643.082110586,3,1956.0,20825.0,115
17009,430332.68437849736,4582693.940120537,430344.2451300644,4582785.974102895,92.214059466551,-1.6254357975757938,1,430338.46475428087,4582739.957111716,3,1956.0,20830.0,120
17010,430344.9702701561,4582694.791764866,430352.91746105865,4582783.951240529,89.04469755625487,-1.5975082382859238,2,430348.9438656074,4582739.3715026975,3,1956.0,20830.0,120
17011,430351.22815161553,4582696.101254731,430369.3240846182,4582781.901895514,85.28201562416263,1.540873525581419,5,430360.27611811686,4582739.001575123,3,1956.0,20830.0,120
17013,430369.4586154372,4582697.124060134,430372.77082496375,4582778.663632871,81.48573465370114,1.5809376053128017,1,430371.1147202005,4582737.8938465025,3,1956.0,20830.0,120
17014,430374.4463911599,4582709.247792759,430506.1864337796,4582782.454492628,145.71913172396512,-0.4926046703607604,2,430440.3164124697,4582745.851142693,3,1956.0,20830.0,120
17015,430642.5545817103,4582704.660631928,430648.6990767611,4582810.253479427,105.57307052882464,1.568913224354048,2,430645.6268292357,4582757.457055677,3,1957.0,20830.0,129
17016,430773.2611014047,4582697.0616225125,430783.1507128184,4582810.351892822,113.2245679534698,-1.5617303012952284,3,430778.2059071115,4582753.7067576675,3,1958.0,20830.0,138
17017,428628.1444873176,4582964.0873105535,428634.7992289575,4583021.162280132,57.01965979386681,-1.565860348995777,2,428631.4718581375,4582992.624795343,2,1948.0,20831.0,34
17018,428542.4645023563,4582958.463974468,428622.7908096272,4583025.056931092,95.54668918630752,0.6740925723276895,3,428582.62765599176,4582991.760452781,2,1948.0,20831.0,34
17020,428713.41489707015,4583078.734500594,428754.0274382146,4583084.763939875,40.58452404439274,3.1368997860396908,2,428733.7211676424,4583081.749220235,2,1948.0,20832.0,35
17021,430332.525890659,4581720.33994654,430347.52152757806,4581739.685849394,17.80323380398149,1.659153460059405,5,430340.02370911854,4581730.012897966,3,1956.0,20826.0,116
17022,430299.2893117158,4581720.112061215,430308.97106097854,4581740.902048731,18.612044531537077,-1.2611658900523397,3,430304.1301863472,4581730.507054973,3,1955.0,20826.0,107
17023,428923.7847374218,4583425.135209357,429107.30229406623,4583526.53248188,199.87638169766424,2.6694664407256727,4,429015.54351574404,4583475.833845619,2,1950.0,20833.0,62
17027,430156.8213067509,4582824.42435953,430160.1769318869,4582876.443296791,51.99951437573878,1.5775603412084442,1,430158.4991193189,4582850.43382816,3,1955.0,20831.0,112
17028,430140.3236253078,4582825.733348143,430143.60262243706,4582887.159759362,61.40974707238385,-1.5759226909366342,1,430141.9631238724,4582856.446553753,3,1955.0,20831.0,112
17043,429191.0516803839,4581309.708291921,429293.82296996686,4581316.884450187,102.73603725958196,3.1409276062267737,2,429242.4373251754,4581313.296371054,0,1951.0,20824.0,66
17050,428917.8493689128,4583413.167477267,429101.92968958325,4583515.045780285,200.64164451935065,-0.4467578302681055,4,429009.889529248,4583464.106628776,2,1950.0,20833.0,62
17181,431022.1271812083,4581148.777810141,431064.55878956406,4581179.902794053,59.241926202779936,1.2319193243330528,1,431043.34298538615,4581164.340302097,3,1959.0,20823.0,140
17254,432454.7408355567,4581659.465172751,432492.7469765803,4581770.650052682,124.06679515739668,-0.595678665964186,2,432473.7439060685,4581715.057612716,1,1965.0,20825.0,198
17268,428354.1145159241,4582862.88967272,428369.38117536594,4582939.164827124,75.85265297823632,1.6374313195332724,3,428361.74784564506,4582901.027249922,2,1947.0,20831.0,24
17270,428903.8003156658,4583390.2435430745,429094.97423709807,4583493.983088834,210.02771373407012,-0.5379093971023224,3,428999.38727638195,4583442.113315955,2,1949.0,20833.0,48
17280,432648.9361189574,4581722.197136998,432721.0944467778,4581739.713181327,73.13107241356485,-3.1339101928669617,2,432685.0152828676,4581730.955159163,1,1966.0,20826.0,206
64715,431835.49666778336,4581705.409420502,431844.0100161233,4581717.476678145,12.13650143067731,-1.0640397174260552,1,431839.7533419533,4581711.443049324,1,1962.0,20825.0,171
64751,429832.1250456561,4581709.487646312,429835.59754982346,4581717.479524076,7.823156421440314,1.509643248504546,1,429833.8612977398,4581713.483585194,3,1953.0,20825.0,86
64752,429831.3896006456,4581734.327052026,429834.95456433535,4581741.580259544,7.031426214420571,1.6526651620301755,1,429833.17208249046,4581737.953655785,3,1953.0,20826.0,87
68076,432384.26755862247,4581783.175147558,432387.92984109744,4581803.1240399135,19.859696841724105,1.5373575840635472,1,432386.0986998599,4581793.149593735,1,1965.0,20826.0,199
69616,428342.4522664615,4581709.222173805,428358.87193318777,4581721.086004164,17.51126480644773,0.5615356717857944,1,428350.66209982464,4581715.154088985,0,1947.0,20825.0,18
69622,428344.3500054415,4581705.991107102,428358.09370043286,4581709.080798913,13.724368798738375,0.006539944337963,1,428351.2218529372,4581707.535953008,0,1947.0,20825.0,18
70330,430344.93276492,4581730.442016599,430361.1473118895,4581744.456966435,15.65816675622754,-0.6236539651328279,2,430353.04003840475,4581737.449491517,3,1956.0,20826.0,116
72127,429979.8185706443,4581732.454345549,429988.4950429655,4581745.690539648,12.171578639914006,-1.3350950132884305,2,429984.15680680494,4581739.072442599,3,1954.0,20826.0,97
73054,430358.40684232034,4582796.412259844,430361.7344978875,4582802.725591698,2.283717236384635,0.1812121432894808,2,430360.0706701039,4582799.568925771,3,1956.0,20830.0,120
73546,427857.1072492468,4581709.541691569,427937.94443246006,4581719.3225298375,80.75389131517042,-0.0096747245487401,3,427897.52584085346,4581714.432110703,0,1944.0,20825.0,0
